
População final de genótipos (elitismo)
     0   1   2   3   4   5   6   7   8   9   10
0    5   1   8   2   7   6   9   3   0   4  10
1    5   1   8   2   7   6   9   3   0   4  10
2    5   1   8   7   3   6   9   2   0   4  10
3    5   1   8   7   2   6   9   3   0   4  10
4    5   1   8   7   2   6   9   3   0   4  10
5    5   1   8   7   2   6   9   3   0   4  10
6    5   1   6   7   2   8   9   3   0   4  10
7    5   1   8   9   2   6   7   3   0   4  10
8    5   1   8   7   2   6   9   3   0   4  10
9    5   1   8   7   2   6   9   3   0   4  10
10   5   1   8   7   2   6   9   3   0   4  10
11   5   1   8   7   2   6   9   3   0   4  10
12   5   1   8   7   2   6   9   3   0   4  10
13   5   1   8   7   2   6   9   3   0   4  10
14   5   1   8   7   2   6   9   3   0   4  10
15   5   1   8   7   2   6   9   3   0   4  10
16   5   1   8   7   2   6   9   3   0   4  10
17   8   1   5   7   2   6   9   3   0   4  10
18   5   1   8   7   2   6   9   3   0   4  10
19   5   1   8   7   2   6   9   3   0   4  10
20   5   1   8   7   2   6   9   3   0   4  10
21   5   1   8   7   2   6   9   3   0   4  10
22   5   1   8   7   2   6   9   3   0   4  10
23   5   1   8   7   2   6   9   3   0   4  10
24   5   1   8   7   2   6   9   3   0   4  10
25   5   1   8   7   2   6   9   3   0   4  10
26   5   1   8   2   7   6   9   3   0   4  10
27   5   1   8   7   2   6   9   3   0   4  10
28   5   1   8   7   2   6   9   3   0   4  10
29   5   1   8   7   2   6   9   3   0   4  10
30   5   1   8   2   7   6   9   3   0   4  10
31   5   1   8   7   2   6   9   3   0   4  10
32   5   1   8   7   2   6   9   3   0   4  10
33   5   1   8   7   2   6   9   3   0   4  10
34   5   1   8   2   7   6   9   3   0   4  10
35   5   1   8   7   2   6   9   3   0   4  10
36   5   1   8   7   2   6   9   3   0   4  10
37   5   1   8   7   2   6   9   3   0   4  10
38   5   1   8   7   2   6   9   3   0   4  10
39   5   1   8   7   2   6   9   3   0   4  10
40   5   1   8   7   2   6   9   3   0   4  10
41   5   1   8   7   2   6   9   3   0   4  10
42   5   1   8   7   2   6   9   3   0   4  10
43   5   1   8   7   2   6   9   3   0   4  10
44   5   1   8   7   2   6   9   3   0   4  10
45   5   1   8   7   2   6   9   3   0   4  10
46   5   1   8   7   2   6   9   3   0   4  10
47   5   1   8   7   2   6   9   3   0   4  10
48   5   1   8   7   2   6   9   3   0   4  10
49   5   1   8   7   2   6   9   3   0   4  10 


População final de genótipos (torneio)
     0   1   2   3   4   5   6   7   8   9   10
0    4   9   0   3   6   7   2   8   1   5  10
1    4   9   0   3   6   7   2   8   1   5  10
2    4   9   0   3   6   7   2   8   1   5  10
3    4   9   0   3  10   7   2   8   1   5   6
4    4   9   0   3   6   7   2   8   1   5  10
5    4   9   0   3   6   7   2   8   1   5  10
6    4   9   0   3   6   7   2   8   1   5  10
7    4   9   0   3   6   7   2   8   1   5  10
8    4   9   0   3   6   7   2   8   1   5  10
9    9   4   0   3   6   7   2   8   1   5  10
10   9   4   0   3   6   7   2   8   1   5  10
11   9   4   0   3   6   7   2   8   1   5  10
12   9   4   0   3   6   7   2   8   1   5  10
13   9   4   0   3   6   7   2   8   1   5  10
14   9   4   0   3   6   7   2   8   1   5  10
15   9   4   0   3   6   7   2   8   1   5  10
16   9   4   0   3   6   7   2   8   1   5  10
17   9   4   0   3   6   7   2   8   1   5  10
18   9   4   0   3   6   7   2   8   1   5  10
19   9   4   0   3   6   7   2   8   1   5  10
20   9   4   0   3   6   7   2   8   1   5  10
21   9   4   0   3   6   7   2   8   1   5  10
22   9   4   0   5   6   7   2  10   1   3   8
23   9   4   0   2   6   7   3   8   1   5  10
24   9   4   0   2   6   8   3   7   1   5  10
25   9   4   0   3   6   7   2   8   1   5  10
26   4   9   0   3   6   7   2   8   1   5  10
27   4   9   0   3   6   7   2   8   1   5  10
28   4   9   0   3   6   7   2  10   1   5   8
29   9   4   0   3   6   7   2   8   1   5  10
30   4   9   0   3   6   7   2   8   1   5  10
31   4   9   0   3   6   7   2   8   1   5  10
32   9   4   0   3   6   7   2   8   1   5  10
33   9   4   0   3   6   7   2   8   1   5  10
34   9   4   0   3   6   7   1   8   2   5  10
35   9   7   0   3   6   4   2   8   1   5  10
36   4   9   0   3   6   7   2   8   1   5  10
37   4   9   0   3   6   7   2   8   1   5  10
38   4   9   0   3   6   7   2   8   1   5  10
39   9   4   0   3   6   7   2   8   1   5  10
40   9   4   0   2   6   7   3   8   1   5  10
41   9   4   0   3   6   7   2   8   1   5  10
42   4   9   0   3   6   7   2   8   1   5  10
43   4   9   0   3   6   7   2  10   1   5   8
44   9   4   0   3   6   7   2   8   1   5  10
45   9   4   0   2   6   7   3   8   1   5  10
46   9   4   0   3   6   7   2   8   1   5  10
47   9   4   0   2   6   3   7   8   1   5  10
48   4   9   0   3   6   7   2   8   1   5  10
49   9   4   0   2   6   8   3   7   1   5  10 

13.333523856207902 14.125735100148312 16.683478522336237 13.3335238562079

População final de genótipos (elitismo)
     0   1   2   3   4   5   6   7   8   9   10
0    0   4  10   5   1   8   2   7   6   9   3
1    3   0   4  10   5   1   8   2   7   6   9
2    3   0   4  10   5   1   8   2   7   6   9
3    3   0   4  10   5   1   8   2   7   6   9
4    3   0   4  10   9   1   8   2   7   6   5
5    3   0   4  10   5   1   8   2   7   6   9
6    3   0   4  10   5   1   8   2   7   6   9
7    3   0  10   5   1   8   2   7   6   9   4
8    3   0  10   5   1   8   2   7   6   9   4
9    3   0  10   5   1   8   2   7   6   9   4
10   3   0  10   5   1   8   2   7   6   9   4
11   3   0  10   5   1   8   2   7   6   9   4
12   3   0  10   5   1   8   2   7   6   9   4
13   3   0  10   5   1   8   2   7   6   9   4
14   3   0  10   5   1   8   2   7   6   9   4
15   3   0  10   5   1   8   2   7   6   9   4
16   3   0  10   5   1   8   2   7   6   9   4
17   3   0  10   5   1   8   2   7   6   9   4
18   3   0  10   5   1   8   2   7   6   9   4
19   3   0  10   5   1   8   2   7   6   9   4
20   3   0  10   5   1   8   2   7   6   9   4
21   3   0  10   5   1   8   2   7   6   9   4
22   3   0  10   5   1   8   2   7   6   9   4
23   3   0  10   5   1   8   2   7   6   9   4
24   3   0  10   5   1   8   2   7   6   9   4
25   3   0  10   5   1   8   2   7   6   9   4
26   3   0  10   5   1   8   2   7   6   9   4
27   3   0   4  10   5   1   8   2   7   6   9
28   3   0  10   5   1   8   2   4   7   6   9
29   3   0  10   5   1   8   2   7   6   4   9
30   3   0  10   5   1   8   2   7   6   9   4
31   3   0   8   5   1  10   2   7   6   9   4
32   3   0  10   5   1   8   2   7   6   9   4
33   3   0   4  10   5   1   8   2   7   6   9
34   3   0   4  10   5   1   8   2   7   6   9
35   3   0  10   5   1   8   2   7   6   9   4
36   3   0  10   5   1   8   2   7   6   9   4
37   3   0  10   5   4   1   8   2   7   6   9
38   3   0  10   4   2   1   8   5   7   6   9
39   3   0   4  10   5   1   8   2   7   6   9
40   3   0  10   5   1   8   2   7   6   9   4
41   3   0  10   5   1   8   2   7   6   9   4
42   3   0   4  10   5   1   8   2   7   6   9
43   3   0  10   5   1   8   2   7   6   9   4
44   3   0  10   5   1   8   2   7   6   9   4
45   3   0  10   5   1   4   7   2   8   6   9
46   3   6  10   5   1   8   2   7   0   9   4
47   3   0  10   5   1   8   2   7   6   9   4
48   3   0   4  10   5   1   8   2   7   6   9
49   3   0  10   5   1   8   2   7   6   9   4 


População final de genótipos (torneio)
     0   1   2   3   4   5   6   7   8   9   10
0    6   7   2   8   5   1  10   0   3   4   9
1    6   7   2   8   5   1  10   0   3   4   9
2    6   7   2   8   5   1  10   0   3   4   9
3    6   7   2   8   5   1  10   0   3   4   9
4    6   7   2   8   5   1  10   0   3   4   9
5    6   7   2   8   5   1  10   0   3   4   9
6    6   7   2   8   5   1  10   0   3   4   9
7    6   7   2   8   5   1  10   0   3   4   9
8    6   7   2   8   5   1  10   0   3   4   9
9    6   7   2   8   5   1  10   0   3   4   9
10   6   7   2   8   5   1  10   0   3   4   9
11   6   7   2   8   5   1  10   0   3   4   9
12   6   7   2   8   5   1  10   0   3   4   9
13   6   7   2   8   5   1  10   0   3   4   9
14   6   7   2   8   5   1  10   0   3   4   9
15   6   7   2   8   5   1  10   0   3   4   9
16   6   7   2   8   5   1  10   0   3   4   9
17   6   7   2   8   5   1  10   0   3   4   9
18   6   7   2   8   5   1  10   0   3   4   9
19   6   7   2   8   5   1  10   0   3   4   9
20   6   7   2   8   5   1  10   0   3   4   9
21   9   6   7   2   8   5   1  10   0   3   4
22   6   7   2   8   5   1  10   0   3   4   9
23   6   7   2   8   5   1  10   9   0   3   4
24   7   6   2  10   5   1   8   9   0   3   4
25   6   7   2   8   5   1  10   9   0   3   4
26   6   7   2   8   5   1  10   0   3   4   9
27   6   7   2   8   5   1  10   0   3   4   9
28   7   6   2   8   5   1  10   0   3   4   9
29   6   7   2   8   5   1  10   0   3   4   9
30   6   7   2   8   5   1  10   0   3   4   9
31   6   7   2   8   5   1  10   0   3   4   9
32   6   7   2   8   5   1  10   0   3   4   9
33   7   6   2   8   5   1  10   0   3   4   9
34   6   7   2   8   5   1  10   0   3   4   9
35   9   6   7   2   8   5   1  10   0   3   4
36   6   7   2  10   5   1   8   0   3   4   9
37   6   7   2   8   5   1  10   0   3   4   9
38   7   6   2  10   5   1   8   9   0   3   4
39   6   7   2   8   5  10   1   9   0   3   4
40   6   7   2   8   5   1  10   0   3   4   9
41   3   7   2   8   5   1  10   0   6   4   9
42   6   7   2   8   5   1  10   0   3   4   9
43   6   7   2   8   5   1  10   0   3   4   9
44   6   7   2   8   5   1  10   0   3   9   4
45   6   7   2   8   5   1  10   0   3   4   9
46   6   7   2   8   5   1  10   0   3   4   9
47   9   6   7   2   8   5   1  10   0   3   4
48   6   7   2   8   5   1  10   0   3   4   9
49   6   7   2   8   5   1  10   0   3   4   9 


População final de genótipos (elitismo)
     0   1   2   3   4   5   6   7   8   9   10
0   10   4   1   5   8   2   7   6   9   3   0
1   10   4   1   5   8   2   7   6   9   3   0
2   10   4   1   5   8   2   7   6   9   3   0
3   10   4   1   5   8   2   7   6   9   3   0
4   10   4   1   5   8   2   7   6   9   3   0
5   10   4   1   5   8   2   7   6   9   3   0
6   10   4   1   5   8   2   7   6   9   3   0
7   10   4   1   5   8   2   7   6   9   3   0
8   10   4   1   5   8   2   7   6   9   3   0
9   10   4   1   5   8   2   7   6   9   3   0
10  10   4   1   5   8   2   7   6   9   3   0
11  10   4   1   5   8   2   7   6   9   3   0
12  10   4   1   5   8   2   7   6   9   3   0
13  10   4   1   5   8   2   7   6   9   3   0
14  10   4   1   5   8   2   7   6   9   3   0
15  10   4   1   5   8   2   7   6   9   3   0
16  10   4   1   5   8   2   7   6   9   3   0
17  10   4   1   5   8   2   7   6   9   3   0
18  10   4   1   5   8   2   7   6   9   3   0
19  10   4   3   5   8   2   7   6   9   1   0
20  10   4   1   5   8   2   7   6   9   3   0
21  10   4   1   5   8   2   7   6   9   3   0
22  10   4   1   5   8   2   7   6   9   3   0
23  10   4   1   5   8   2   7   6   9   3   0
24  10   4   1   5   8   2   7   6   9   3   0
25  10   4   1   5   8   2   7   6   9   3   0
26  10   4   1   5   8   2   7   6   9   3   0
27  10   4   1   5   8   2   7   6   9   3   0
28  10   4   1   5   8   2   7   6   9   3   0
29  10   4   1   5   8   2   7   6   9   3   0
30  10   4   1   5   8   2   7   6   9   3   0
31  10   4   1   5   8   2   7   6   9   3   0
32  10   4   1   5   8   2   7   6   9   3   0
33  10   4   1   5   8   2   7   6   9   3   0
34  10   4   1   5   8   2   7   6   9   3   0
35  10   4   1   5   8   2   7   6   9   3   0
36  10   4   1   5   8   2   7   6   9   3   0
37  10   4   1   5   8   2   7   6   9   3   0
38  10   4   1   5   8   2   7   6   9   3   0
39  10   4   1   5   8   2   7   6   9   3   0
40  10   4   1   5   8   2   7   6   9   3   0
41  10   4   1   5   8   2   7   6   9   3   0
42  10   6   1   5   8   2   7   4   9   3   0
43  10   4   1   5   8   2   7   6   9   3   0
44  10   4   1   0   8   2   7   6   9   3   5
45  10   4   1   5   8   2   7   6   9   3   0
46  10   4   1   5   8   2   7   6   9   3   0
47  10   4   1   5   8   2   7   6   9   3   0
48  10   4   1   5   8   2   7   6   9   3   0
49  10   4   1   5   8   2   7   6   9   3   0 


População final de genótipos (torneio)
     0   1   2   3   4   5   6   7   8   9   10
0    4  10   5   1   8   2   7   6   9   3   0
1    4  10   5   1   8   2   7   6   9   3   0
2    4  10   5   1   8   2   7   6   9   3   0
3    4  10   5   1   8   2   7   6   9   3   0
4    4  10   5   1   8   2   7   6   9   3   0
5    7  10   5   1   8   2   4   6   9   3   0
6    4  10   5   1   8   2   7   6   9   3   0
7    4  10   5   1   8   2   7   6   9   3   0
8    4  10   5   1   8   2   7   6   9   3   0
9    4  10   5   1   8   2   7   6   9   3   0
10   4  10   5   1   8   2   7   6   9   3   0
11   4  10   5   1   8   2   7   6   9   3   0
12   4  10   5   1   8   2   7   6   9   3   0
13   4  10   5   1   8   7   2   6   9   3   0
14   4  10   5   1   8   2   7   6   9   3   0
15   4  10   5   1   8   2   7   6   9   3   0
16   4  10   5   1   8   2   7   6   9   3   0
17   4  10   5   1   8   2   7   6   9   3   0
18   4  10   5   1   8   2   7   6   3   9   0
19   4  10   8   1   5   2   7   6   9   3   0
20   4  10   5   1   7   8   2   6   9   3   0
21   4  10   5   1   8   3   2   7   6   9   0
22   4  10   5   1   7   8   2   6   3   9   0
23   4  10   2   1   8   5   7   6   9   3   0
24   4  10   9   1   8   3   7   6   2   5   0
25   4  10   5   1   8   2   7   6   9   3   0
26   4  10   5   1   8   2   7   6   9   3   0
27   4  10   5   1   8   2   7   6   9   3   0
28   4  10   5   1   8   2   7   6   3   9   0
29   4  10   5   1   8   2   7   6   9   3   0
30   4  10   5   1   8   2   7   6   9   3   0
31   4  10   9   1   8   3   7   6   2   5   0
32   4  10   2   1   8   5   7   6   9   3   0
33   4  10   5   1   8   2   0   6   9   3   7
34   4  10   5   1   7   8   2   6   9   3   0
35   4  10   5   1   8   2   7   6   9   3   0
36   4  10   5   1   8   2   7   6   9   3   0
37   4  10   5   1   8   2   7   6   3   9   0
38   4  10   5   1   8   2   7   6   9   3   0
39   4  10   5   1   8   2   7   6   9   3   0
40   4  10   5   1   8   2   7   6   9   3   0
41   4  10   5   1   8   2   7   6   9   3   0
42   4  10   5   1   8   2   7   6   9   3   0
43   4  10   5   1   7   8   2   6   3   9   0
44   4  10   5   1   7   9   8   3   6   2   0
45   4  10   5   1   8   2   7   6   9   3   0
46   4  10   5   1   8   2   7   6   9   3   0
47   5  10   4   1   8   2   7   6   9   3   0
48   4  10   5   1   8   3   2   7   6   9   0
49   4  10   5   1   8   2   7   6   9   3   0 


População final de genótipos (elitismo)
     0   1   2   3   4   5   6   7   8   9   10
0    9   3   0   4  10   5   1   8   2   7   6
1    9   3   0   4  10   5   1   8   2   7   6
2    9   3   0   4  10   5   1   8   2   7   6
3    9   3   0   4  10   5   1   8   2   7   6
4    9   3   0   4  10   5   1   8   2   7   6
5    9   3   0   4  10   5   1   8   2   7   6
6    9   5   0   4  10   3   1   8   2   7   6
7    9   3   0   4  10   5   1   8   2   7   6
8    9   3   0   4  10   5   1   8   2   7   6
9    9   3   0   4  10   5   1   8   2   7   6
10   9   3   0   4  10   5   1   8   2   7   6
11   9   8   0   4  10   5   1   3   2   7   6
12   9   3   0   4  10   5   1   8   2   7   6
13   9   3   0   4  10   5   1   8   2   7   6
14   9   3   0   4  10   5   1   8   2   7   6
15   9   3   0   4  10   5   1   8   2   7   6
16   8   3   0   4  10   5   1   9   2   7   6
17   9   3   0   4  10   5   1   8   2   7   6
18   9   3   0   4  10   5   1   8   2   7   6
19   9   3   0   4  10   5   1   8   2   7   6
20   9   3   0   4  10   5   1   8   2   7   6
21   9   3   0   4  10   5   1   8   2   7   6
22   9   3   0   4  10   5   1   8   2   7   6
23   9   3   0   4  10   5   1   8   2   7   6
24   9   3   0   4  10   5   1   8   2   7   6
25   9   3   0   4  10   5   1   8   2   7   6
26   9   3   0   4  10   5   1   8   2   7   6
27   9   3   0   4  10   5   1   8   2   7   6
28   9   3   0   4  10   5   1   8   2   7   6
29   9   3   0   4  10   5   1   8   2   7   6
30   9   3   0   4  10   5   1   8   2   7   6
31   9   3   0   4  10   5   1   8   2   7   6
32   9   3   0   4  10   5   1   8   2   7   6
33   9   3   0   4  10   5   1   8   2   7   6
34   9   3   0   4  10   5   1   8   2   7   6
35   9   3   0   4  10   5   1   8   2   7   6
36   9   3   0   4  10   5   1   8   2   7   6
37   9   3   0   4  10   5   1   8   2   7   6
38   9   3   0   4  10   5   1   8   2   7   6
39   9   3   0   4  10   5   1   8   2   7   6
40   9   3   0   4  10   5   1   8   2   7   6
41   9   3   0   4  10   5   1   8   2   7   6
42   9   3   0   4  10   5   1   8   2   7   6
43   9   3   0   4  10   5   1   8   2   7   6
44   9   3   0   4  10   5   1   8   2   7   6
45   9   3   0   4  10   5   1   8   2   7   6
46   9   3   0   4  10   5   1   8   2   7   6
47   9   3   0   4  10   5   1   8   2   7   6
48   9   8   0   4  10   5   1   3   2   7   6
49   9   3   0   4  10   5   1   8   2   7   6 


População final de genótipos (torneio)
     0   1   2   3   4   5   6   7   8   9   10
0    5  10   4   3   0   9   6   7   2   8   1
1    5  10   0   3   4   9   6   7   2   8   1
2    5  10   0   3   4   9   6   7   2   8   1
3    5  10   4   3   0   9   6   7   2   8   1
4    5  10   0   3   4   9   6   7   2   8   1
5    5  10   0   3   4   9   6   7   2   8   1
6    5  10   0   3   4   9   6   7   2   8   1
7    5  10   0   3   4   9   6   7   2   8   1
8    5  10   0   3   4   9   6   7   2   8   1
9    5  10   0   3   4   9   6   7   2   8   1
10   5  10   0   3   4   9   6   7   2   8   1
11   5  10   0   3   4   9   6   7   2   8   1
12   5  10   0   3   4   9   6   7   2   8   1
13   0  10   5   3   4   9   6   7   2   8   1
14   5  10   0   3   4   9   6   7   2   8   1
15   5  10   0   3   4   9   6   7   2   8   1
16   5  10   0   3   4   9   6   7   2   8   1
17   5  10   0   3   4   9   6   7   2   8   1
18   5  10   0   3   4   9   6   7   2   8   1
19   5  10   0   3   4   9   6   7   2   8   1
20   5  10   0   3   4   9   6   7   2   8   1
21   5  10   0   3   4   9   6   7   2   8   1
22   5  10   0   3   4   9   6   7   2   8   1
23   5  10   0   3   4   9   6   7   2   8   1
24   5  10   0   3   4   9   6   7   2   8   1
25   5  10   0   3   4   9   6   7   2   8   1
26   5  10   0   3   4   9   6   7   2   8   1
27   5  10   0   3   4   9   6   7   2   8   1
28   5  10   0   3   4   9   6   7   2   8   1
29   5  10   0   3   4   9   6   7   2   8   1
30   5  10   0   3   4   9   8   7   2   6   1
31   5  10   0   3   4   9   6   7   2   8   1
32   5  10   0   3   4   9   6   7   2   8   1
33   5  10   0   3   4   9   6   7   2   8   1
34   5  10   4   3   0   9   6   7   2   8   1
35   5  10   0   3   4   9   6   7   2   8   1
36   5  10   4   3   2   9   6   7   0   8   1
37   5  10   0   3   4   9   6   7   2   8   1
38   5  10   0   3   4   9   6   7   2   8   1
39   5  10   0   3   4   9   6   7   2   8   1
40   5  10   0   3   4   9   6   7   2   8   1
41   5  10   0   3   4   9   6   7   2   8   1
42   5  10   0   3   4   9   6   7   2   8   1
43   5  10   0   3   4   9   2   7   6   8   1
44   5  10   9   3   4   0   6   7   2   8   1
45   5  10   4   3   0   9   6   7   2   8   1
46   5  10   8   3   4   9   6   7   2   0   1
47   5  10   0   3   4   9   6   7   2   8   1
48   5  10   0   3   4   9   6   7   2   8   1
49   5  10   0   3   4   9   6   7   2   8   1 


População final de genótipos (elitismo)
     0   1   2   3   4   5   6   7   8   9   10
0    0   9   6   7   2   8   1   5  10   4   3
1    0   9   6   7   2   8   1   5  10   4   3
2    0   9   6   7   2   8   1   5  10   4   3
3    0   9   6   7   2   8   1   5  10   4   3
4    0   9   6   7   2   8   1   5  10   4   3
5    0   9   6   7   2   8   1   5  10   4   3
6    0   9   6   7   2   8   1   5  10   4   3
7    0   9   6   7   2   8   1   5  10   4   3
8    0   9   6   7   2   8   1   5  10   4   3
9    0   9   2   7   6   8   1   5  10   4   3
10   0   9   6   7   2   8   3   5  10   4   1
11   0   9   6   7   4   8   1   5  10   2   3
12   0   9   6   7   2   8   1   5  10   4   3
13   0   9   6   7   2   8   1   5  10   4   3
14   0   9   6   7   2   8   1   5  10   4   3
15   0   9   6   7   2   8   1   5  10   4   3
16   0   9   6   7   2   8   1   5  10   4   3
17   0   9   6   7   2   8   1   5  10   4   3
18   0   9   6   3   2   8   1   5  10   4   7
19   0   6   9   7   2   8   1   5  10   4   3
20   0   9   6   7   2   8   1   5  10   4   3
21   0   9   6   7   2   8   1   5  10   4   3
22   0   9   6   7   2   8   1   5  10   4   3
23   0   9   6   7   2   8   1   5  10   4   3
24   0   9   6   7   2   8   1   5  10   4   3
25   0   9   6   7   2   8   1   5  10   4   3
26   0   9   6   7   2   8   1   5  10   4   3
27   0   9   6   7   2   8   1   5  10   4   3
28   0   9   6   7   2   8   1   5  10   4   3
29   0   9   6   7   2   8   1   5  10   4   3
30   0   9   6   7   2   8   1   5  10   4   3
31   0   9   6   7   2   8   1   5  10   4   3
32   0   9   6   7   2   8   1   5  10   4   3
33   0   9   6   7   2   8   1   5  10   4   3
34   0   9   6   7   2   8   1   5  10   4   3
35   0   9   6   7   2   8   1   5  10   4   3
36   0   9   6   7   2   8   1   5  10   4   3
37   0   9   6   7   2   8   1   5  10   4   3
38   0   9   6   7   2   8   1   5  10   4   3
39   0   9   6   7   2   8   1   5  10   4   3
40   0   9   6   7   2   8   1   5   4  10   3
41   0   9   6   7   2   8   1   5  10   4   3
42   0   9   6   7   2   8   1   5  10   4   3
43   0   9   6   7   2   8   1   5  10   4   3
44   0   9   6   7   2   8   1   5  10   4   3
45   0   9   6   7   2   8   1   5  10   4   3
46   0   9   6   7   2   8   1   5  10   4   3
47   0   9   6   7   2   8   1   5  10   4   3
48   0   9   6   7   2   8   1   5  10   4   3
49   0   9   6   7   2   8   1   5  10   4   3 


População final de genótipos (torneio)
     0   1   2   3   4   5   6   7   8   9   10
0    8   1   5  10   4   9   0   3   6   7   2
1    8   1   5  10   4   9   0   3   6   7   2
2    8   1   5  10   4   9   0   3   6   7   2
3    8   1   5  10   4   9   0   3   6   7   2
4    8   1   5  10   4   9   0   3   6   7   2
5    8   1   5  10   4   9   0   3   6   7   2
6    8   1   5  10   4   9   0   3   6   7   2
7    8   1   5  10   4   9   0   3   6   7   2
8    8   1   5  10   4   9   0   3   6   7   2
9    8   1   5  10   4   9   0   3   6   7   2
10   8   1   5  10   4   9   0   3   6   7   2
11   8   1   5   6   4   9   0   3  10   7   2
12   8   1   5  10   4   9   0   3   6   7   2
13   8   1   5  10   4   9   0   3   6   7   2
14   8   1   5  10   4   9   0   3   6   7   2
15   8   1   5  10   4   9   0   3   6   7   2
16   8   1   5  10   4   9   0   3   6   7   2
17   8   1   5  10   4   9   0   3   6   7   2
18   8   1   5  10   4   9   0   3   6   7   2
19   8   1   5  10   4   9   0   3   6   7   2
20   8   1   5  10   4   0   9   3   6   7   2
21   8   1   5  10   4   9   6   0   3   7   2
22   8   1   5   3   4   9   0  10   6   7   2
23   8   1   5  10   4   7   0   3   6   9   2
24   8   1   5  10   4   9   7   3   6   0   2
25   8   1   5  10   4   9   0   3   6   7   2
26   8   1   5  10   4   9   0   3   6   7   2
27   8   1   5  10   4   9   0   3   6   7   2
28   8   1   5  10   4   9   0   3   6   7   2
29   8   1   5  10   4   9   0   3   6   7   2
30   8   1   5  10   4   9   7   3   6   0   2
31   8   1   5  10   4   9   0   3   6   7   2
32   8   1   5  10   4   9   0   3   6   7   2
33   8   1   5  10   4   9   0   3   6   7   2
34   8   1   5  10   4   9   0   3   6   7   2
35   8   1   5  10   4   0   9   3   6   7   2
36   8   1   5  10   4   9   0   3   6   7   2
37   8   1   5  10   4   0   9   3   6   7   2
38   2   1   5  10   4   9   0   3   6   7   8
39   8   1   5  10   4   9   0   3   6   7   2
40   8   1   5   3   4   9   0  10   6   7   2
41   8   1   5  10   4   9   0   3   6   7   2
42   8   1   5  10   4   9   0   3   6   7   2
43   8   1   5  10   4   9   0   3   6   7   2
44   8   1   5  10   4   9   0   3   6   7   2
45   8   1   5  10   4   6   0   3   9   7   2
46   8   6   5  10   4   9   0   3   1   7   2
47   8   1   5  10   4   9   6   0   3   7   2
48   8   1   5  10   4   9   0   3   6   7   2
49   8   1   5  10   4   9   0   3   6   7   2 


População final de genótipos (elitismo)
     0   1   2   3   4   5   6   7   8   9   10
0    6   7   2   8   1   5  10   4   0   3   9
1    6   7   2   8   1   5  10   4   0   3   9
2    6   7   2   8   1   5  10   4   0   3   9
3    6   7   2   8   1   5  10   4   0   3   9
4    6   7   2   8   1   5  10   4   0   3   9
5    6   7   2   8   1   5  10   4   0   3   9
6    6   7   2   8   1   5  10   4   0   3   9
7    6   7   2   8   1   5  10   4   0   3   9
8    6   7   2   8   1   5  10   4   0   3   9
9    6   7   2   8   1   5  10   4   0   3   9
10   6   7   2   8   1   5  10   4   0   3   9
11   6   7   2   8   1   5  10   4   0   3   9
12   6   7   2   8   1   5  10   4   0   3   9
13   6   7   2   8   1   5  10   4   0   3   9
14   6   7   2   8   1   5  10   4   0   3   9
15   6   7   2   8   1   5  10   4   0   3   9
16   6   7   2   8   1   5  10   4   0   3   9
17   6   7   2   5   1   8  10   4   0   3   9
18   6   7   2   8   1   5  10   4   0   3   9
19   6   7   2   8   1   5  10   4   0   3   9
20   6   7   2   8   1   5  10   4   0   3   9
21   6   7   2   8   1   5  10   4   0   3   9
22   6   7   2   8   1   5  10   4   0   3   9
23   6   7   2   8   1   5  10   4   0   3   9
24   6   7   2   8   1   5  10   4   0   3   9
25   6   7   2   8   1   5  10   4   0   3   9
26   6   7   2   8   1   5  10   4   0   3   9
27   6   7   2   8   1   5  10   4   0   3   9
28   6   7   2   8   1   5  10   4   0   3   9
29   6   7   2   8   1   5  10   4   0   3   9
30   6   7   2   8   1   5  10   4   0   3   9
31   6   7   2   8   1   5  10   4   0   3   9
32   6   7   2   8   1   5  10   4   0   3   9
33   6   7   2   8   1   5  10   4   0   3   9
34   6   7   2   8   1   5  10   4   0   3   9
35   6   7   2   8   1   5  10   4   0   3   9
36   6   7   2   8   1   5  10   4   0   3   9
37   6   7   2   8   1   5  10   4   0   3   9
38   6   7   2   8   1   5  10   4   0   3   9
39   6   7   2   8   1   5  10   4   0   3   9
40   6   7   2   8   1   5  10   4   0   3   9
41   6   7   2   8   1   5  10   4   0   3   9
42   6   7   2   8   1   5  10   4   0   3   9
43   6   7   2   8   1   5  10   4   0   3   9
44   6   7   2   8   1   5  10   4   0   3   9
45   6   7   2   8   1   5  10   4   0   3   9
46   6   7   2   8   1   5  10   4   0   3   9
47   6   7   2   8   1   5  10   4   0   3   9
48   6   7   2   8   1   5  10   4   0   3   9
49   6   7   2   8   1   5  10   4   0   3   9 


População final de genótipos (torneio)
     0   1   2   3   4   5   6   7   8   9   10
0   10   5   1   8   2   7   6   9   3   0   4
1   10   5   1   8   2   7   6   9   3   0   4
2   10   5   1   8   2   7   6   9   3   0   4
3   10   5   1   8   2   7   6   9   3   0   4
4   10   5   1   8   2   7   6   4   3   0   9
5   10   5   1   8   2   7   6   9   3   0   4
6   10   5   1   8   2   7   6   9   3   0   4
7   10   5   1   8   2   7   6   9   3   0   4
8   10   5   1   8   2   7   6   9   3   0   4
9   10   5   1   8   2   7   6   9   3   0   4
10  10   5   1   8   2   7   6   9   3   0   4
11  10   5   1   8   2   7   6   9   3   0   4
12  10   5   1   8   2   7   6   9   3   0   4
13  10   5   1   8   2   7   6   9   3   0   4
14  10   5   1   8   2   7   6   9   3   0   4
15  10   5   1   8   2   7   6   9   3   0   4
16  10   5   1   8   2   7   6   9   3   0   4
17  10   5   1   8   2   7   6   9   3   0   4
18  10   5   1   8   2   7   6   9   3   0   4
19  10   5   1   8   2   7   6   9   3   0   4
20  10   5   1   8   2   7   6   9   3   0   4
21  10   5   1   8   2   7   6   9   3   0   4
22  10   5   1   8   2   7   6   9   0   3   4
23  10   5   1   8   2   7   6   3   9   0   4
24   3   7   1   8  10   5   2   6   9   0   4
25  10   5   1   8   2   7   6   9   3   0   4
26  10   5   1   8   2   7   6   9   3   0   4
27  10   5   1   3   7   8   2   6   9   0   4
28  10   5   1   8   2   7   6   9   3   0   4
29  10   5   1   8   2   7   6   9   3   0   4
30  10   5   1   8   2   7   6   9   3   0   4
31  10   5   1   8   2   7   3   9   6   0   4
32  10   5   1   8   2   7   6   9   3   0   4
33  10   5   1   8   2   7   6   9   3   0   4
34  10   5   1   8   2   7   6   9   3   0   4
35  10   5   1   8   2   7   6   9   0   3   4
36  10   5   1   8   2   7   6   9   3   0   4
37  10   5   1   8   2   7   6   9   3   0   4
38  10   5   1   8   2   7   6   9   3   0   4
39  10   5   1   8   2   7   6   9   3   0   4
40  10   5   1   8   2   7   6   9   3   0   4
41  10   5   1   8   2   7   6   9   3   0   4
42  10   5   1   8   2   7   6   9   3   0   4
43  10   5   1   8   2   7   6   9   3   0   4
44  10   5   1   8   2   7   6   3   9   0   4
45  10   5   1   3   2   7   6   9   8   0   4
46  10   5   1   8   2   7   6   9   3   0   4
47  10   5   1   8   2   7   6   9   3   0   4
48   3   5   1   8   2   7   6   9  10   0   4
49  10   5   1   8   2   7   6   9   3   0   4 


Resultados com os parâmetros dos algoritmos razoáveis (população = 50 e épocas = 50)

Média elitismo -  13.750925542742783
Média torneio -  13.69430978832707
Média aleatório -  16.792592384702083
Resultado bruto -  13.3335238562079

População final de genótipos (elitismo)
     0   1   2   3   4   5   6   7   8   9   10
0    1   5  10   4   0   3   9   6   7   2   8
1    1   5  10   4   0   3   9   6   7   2   8
2    1   5  10   4   0   3   9   6   7   2   8
3    1   5  10   4   0   3   9   6   7   2   8
4    1   5  10   4   0   3   9   6   7   2   8
5    1   5  10   4   0   3   9   6   7   2   8
6    1   5  10   4   0   3   9   6   7   2   8
7    1   5  10   4   0   3   9   6   7   2   8
8    1   5  10   4   0   3   9   6   7   2   8
9    1   5  10   4   0   3   9   6   7   2   8
10   1   5  10   4   0   3   9   6   7   2   8
11   1   5  10   4   0   3   9   6   7   2   8
12   1   5  10   4   0   3   9   6   7   2   8
13   1   5  10   4   0   3   9   6   7   2   8
14   1   5  10   4   0   3   9   6   7   2   8
15   1   5  10   4   0   3   9   6   7   2   8
16   1   5  10   8   0   3   9   6   7   2   4
17   1   5  10   4   0   3   9   6   7   2   8
18   1   5  10   4   0   3   9   6   7   2   8
19   5   1  10   4   0   3   9   6   7   2   8
20   1   5  10   4   0   3   9   6   7   2   8
21   1   5  10   4   0   3   9   6   7   2   8
22   1   5  10   4   0   3   9   6   7   2   8
23   1   5  10   4   0   9   3   6   7   2   8
24   1   5  10   4   0   3   9   6   7   2   8
25   1   5  10   4   0   3   9   6   7   2   8
26   1   5  10   4   0   3   9   6   7   2   8
27   1   5  10   4   0   3   9   6   7   2   8
28   1   5  10   4   0   3   9   6   7   2   8
29   1   5  10   4   0   3   9   6   7   2   8
30   1   5  10   4   0   3   9   6   7   2   8
31   1   5  10   4   0   3   9   6   7   2   8
32   1   5  10   4   0   3   9   6   7   2   8
33   1   5  10   4   0   3   9   6   7   2   8
34   1   5  10   4   0   3   9   6   7   2   8
35   1   5  10   4   0   3   9   6   7   2   8
36   1   5  10   4   0   3   9   6   7   2   8
37   1   5  10   4   0   3   9   6   7   2   8
38   1   5  10   4   0   3   9   6   7   2   8
39   1   5  10   4   0   3   9   6   7   2   8
40   1   5  10   4   0   3   9   6   7   2   8
41   1   5  10   4   0   3   9   6   7   2   8
42   1   5  10   4   0   3   9   6   7   2   8
43   1   5  10   4   0   3   9   6   7   2   8
44   1   5  10   4   0   3   9   6   7   2   8
45   1   5  10   4   0   3   9   6   7   2   8
46   1   5  10   4   0   3   9   6   7   2   8
47   1   5  10   4   0   3   9   6   7   2   8
48   1   5  10   4   0   3   9   6   7   2   8
49   1   5  10   4   0   2   9   6   7   3   8 


População final de genótipos (elitismo)
     0   1   2   3   4   5   6   7   8   9   10
0    0   3   4  10   1   5   8   2   7   6   9
1    0   3   4  10   1   5   8   2   7   6   9
2    0   3   4  10   1   5   8   2   7   6   9
3    0   3   4  10   1   5   8   2   7   6   9
4    0   3   4  10   1   5   8   2   7   6   9
5    0   3   4  10   1   5   8   2   7   6   9
6    0   3   4  10   1   5   8   2   7   6   9
7    0   3   4  10   1   5   8   2   7   6   9
8    0   3   4  10   1   5   8   2   7   6   9
9    0   3   4  10   1   5   8   2   7   6   9
10   0   3   4  10   1   5   8   2   7   6   9
11   0   3   4  10   1   5   8   2   7   6   9
12   0  10   4   3   1   5   8   2   7   6   9
13   0   3   4   1  10   5   8   2   7   6   9
14   0   3   4   1  10   5   8   2   7   6   9
15   0   3   4   1  10   5   8   2   7   6   9
16   0   3   4   1  10   5   8   2   7   6   9
17   0   3   4   1  10   5   8   2   7   6   9
18   0   3   4   1  10   5   8   2   7   6   9
19   0   3   4   1  10   5   8   2   7   6   9
20   0   3   4   1  10   5   8   2   7   6   9
21   0   3   4   1  10   5   8   2   7   6   9
22   0   3   4   1  10   5   8   2   7   6   9
23   0   3   4   1  10   5   8   2   7   6   9
24   0   3   4   1  10   5   8   2   7   6   9
25   0   3   4   1  10   5   8   2   7   6   9
26   0   3   4  10   1   5   8   2   7   6   9
27   0   3   4  10   1   5   8   2   7   6   9
28   0   3   4   1  10   5   8   2   7   6   9
29   0   3   4   1  10   5   8   2   7   6   9
30   0   3   4  10   1   5   8   2   7   6   9
31   0   3   4   7   1   5   8   2  10   6   9
32   0   3   4   1  10   5   8   2   7   6   9
33   0   3   4  10   1   5   8   2   7   6   9
34   0   3   4   9  10   5   8   2   7   6   1
35   0   3   4  10   1   5   8   2   7   6   9
36   0   3   4  10   1   5   8   2   7   6   9
37   0   3   4  10   1   5   8   2   7   6   9
38   0   3   4   1  10   5   8   2   7   6   9
39   0   3   4   1  10   5   8   2   7   6   9
40   0   3   4  10   1   5   8   2   7   6   9
41   0   3   4  10   1   5   8   2   7   6   9
42   0   3   4  10   1   5   8   2   7   6   9
43   0   3   4   1  10   5   8   2   7   6   9
44   0   3   4  10   1   5   8   2   7   6   9
45   0   3   4   1  10   5   8   2   7   6   9
46   0   3   4  10   1   5   8   7   2   6   9
47   0   3   4  10   1   5   8   2   7   6   9
48   0   3   4  10   1   5   8   2   7   6   9
49   0   3   4   1  10   5   8   2   7   6   9 


População final de genótipos (elitismo)
     0   1   2   3   4   5   6   7   8   9   10
0    5   1   8   2   7   6   9   3   0   4  10
1    5   1   8   2   7   6   9   3   0   4  10
2    5   1   8   2   7   6   9   3   0   4  10
3    5   1   8   2   7   6   9   3   0   4  10
4    5   1   8   2   7   6   9   3   0   4  10
5    5   1   8   2   7   6   9   3   0   4  10
6    5   1   8   2   6   7   9   3   0   4  10
7    5   1   8   2   6   7   9   3   0   4  10
8    5   1   8   2   6   7   9   3   0   4  10
9    5   1   8   2   6   7   9   3   0   4  10
10   5   1   8   2   6   7   9   3   0   4  10
11   5   1   8   2   6   7   4   3   0   9  10
12   5   1   8   2   6   7   9   3   0   4  10
13   5   1   8   2   6   7   9   3   0   4  10
14   5   1   8   2   6   7   9   3   0   4  10
15   5   1   8   2   6   7   9   3   0   4  10
16   5   1   8   2   6   7   9   3   0   4  10
17   5   1   8   2   6   7   9   3   0   4  10
18   5   1   8   2   6   7   9   3   0   4  10
19   5   1   8   2   6   7   9   3   0   4  10
20   5   1   8   2   6   7   9   3   0   4  10
21   5   1   8   2   4   7   9   3   0   6  10
22   5   1   8   2   6   7   9   3   0   4  10
23   5   1   8   2   6   7   9   3   0   4  10
24   5   1   8   2   6   7   9   3   0   4  10
25   5   1   8   2   6   7   9   3   0   4  10
26   5   1   8   2   6   7   9   3   0   4  10
27   5   1   8   2   6   7   9   3   0   4  10
28   5   1   8   2   6   7   9   3   0   4  10
29   5   1   8   2   6   7   9   3   0   4  10
30   5   1   8   2   6   7   9   3   0   4  10
31   5   1   8   2   6   7   9   3   0   4  10
32   5   1   8   2   6   7   9   3   0   4  10
33   5   1   8   2   6   9   7   3   0   4  10
34   5   1   8   2   6   7   9   3   0   4  10
35   5   1   8   2   6   7   9   3   0   4  10
36   5   1   8   2   7   6   9   3   0   4  10
37   5   1   8   2   7   6   9   3   0   4  10
38   5   1   8   2   7   6   9   3   0   4  10
39   5   1   8   6   2   7   9   3   0   4  10
40   5   1   8   2   7   6   9   3   0   4  10
41   5   1   8   2   6   7   9   3   0   4  10
42   5   1   8   2   6   7   9   3   0   4  10
43   5   1   8   2   6   7   9   3   0   4  10
44   5   1   8   2   6   7   9   3   0   4  10
45   5   1   8   2   6   7   9   3   0   4  10
46   5   1   8   2   6   7   9   3   0   4  10
47   5   1   8   2   6   7   9   3   0   4  10
48   5   1   8   2   6   7   9   3   0   4  10
49   5   1   8   2   6   7   9   3   0   4  10 


População final de genótipos (elitismo)
     0   1   2   3   4   5   6   7   8   9   10
0    9   3   0   4  10   5   1   8   2   7   6
1    9   3   0   4  10   5   1   8   2   7   6
2    9   3   0   4  10   5   1   8   2   7   6
3    9   3   0   4  10   5   1   8   2   7   6
4    9   3   0   4  10   5   1   8   2   7   6
5    9   3   0   4  10   5   1   8   2   7   6
6    9   3   0   4  10   5   1   8   2   7   6
7    9   3   0   4  10   5   1   8   2   7   6
8    9   3   0   4  10   5   1   8   2   7   6
9    9   3   0   4  10   5   1   8   2   7   6
10   9   3   0   4  10   5   1   8   2   7   6
11   9   3   0   4  10   5   1   8   2   7   6
12   3   9   0   4  10   5   1   8   2   7   6
13   9   3   0   4  10   5   1   8   2   7   6
14   9   3   0   4  10   5   1   8   2   7   6
15   9   3   0   4  10   5   1   8   2   7   6
16   9   3   0   4  10   5   1   8   2   7   6
17   9   3   0   4  10   5   1   8   2   7   6
18   9   3   0   4  10   5   1   8   2   7   6
19   9   3   0   4  10   5   1   8   2   7   6
20   9   3   0   8  10   5   1   4   2   7   6
21   9   3   0   4  10   5   1   8   2   7   6
22   9   3   0   4  10   5   1   8   2   7   6
23   9   3   0   4  10   5   1   8   2   7   6
24   9   3   0   4  10   5   1   8   2   7   6
25   9   3   0   4  10   5   1   8   2   7   6
26   9   3   0   4  10   5   8   1   2   7   6
27   9   3   0   4  10   5   1   8   2   7   6
28   9   3   0   4  10   5   1   8   2   7   6
29   9   3   0   4  10   5   1   8   2   7   6
30   9   3   0   4  10   5   1   8   2   7   6
31   9   1   0   4  10   5   3   8   2   7   6
32   9   3   0   4  10   5   1   8   2   7   6
33   9   3   0   4  10   5   1   8   2   7   6
34   9   3   0   4  10   5   1   8   2   7   6
35   9   3   0   4  10   5   1   8   2   7   6
36   9   3   0   4  10   5   1   8   2   7   6
37   9   3   0   4  10   5   1   8   2   7   6
38   9   3   0   4  10   5   1   8   2   7   6
39   9   3   0   4  10   5   1   8   2   7   6
40   9   1   0   4  10   5   3   8   2   7   6
41   9   3   0   4  10   5   1   8   2   7   6
42   9   3   0   4  10   5   1   8   2   7   6
43   9   3   0   4  10   5   1   8   2   7   6
44   9   3   0   4  10   5   1   8   2   7   6
45   9   3   0   4  10   5   1   8   2   7   6
46   9   3   0   4  10   5   1   8   2   7   6
47   9   3   0   4  10   5   1   8   2   7   6
48   9   3   0   4  10   5   1   8   2   7   6
49   9   3   0   4  10   5   1   8   2   7   6 


População final de genótipos (elitismo)
     0   1   2   3   4   5   6   7   8   9   10
0    3   0   1  10   5   4   8   2   7   6   9
1    3   4  10   5   1   8   2   7   6   9   0
2    8   1   5  10   0   3   4   9   6   7   2
3    8   1   5  10   0   3   4   9   6   7   2
4    3   0  10   5   1   8   2   7   6   9   4
5    3   0  10   5   1   8   2   7   6   9   4
6    8   1   5  10   0   3   4   9   6   7   2
7    3   0  10   5   1   8   2   7   6   9   4
8    3   0  10   5   1   8   2   7   6   9   4
9    3   0  10   5   1   8   2   7   6   9   4
10   3   0  10   5   1   8   2   7   6   9   4
11   3   0  10   5   1   8   2   7   6   9   4
12   3   0  10   5   1   8   2   7   6   9   4
13   8   1  10   5   0   3   4   9   6   7   2
14   3   0  10   5   1   8   2   7   6   9   4
15   3   0  10   1   5   8   2   7   6   9   4
16   3   0  10   5   1   8   2   7   6   9   4
17   8   1   5  10   0   3   4   9   6   7   2
18   3   0  10   5   1   8   2   7   6   9   4
19   3   0  10   5   1   8   2   7   6   9   4
20   3   0  10   5   1   8   2   7   6   9   4
21   3   0  10   5   1   8   2   7   6   9   4
22   3   0  10   5   1   8   2   7   6   9   4
23   3   0  10   5   1   8   2   7   6   9   4
24   3   0  10   5   1   8   2   7   6   9   4
25   8   1   0  10   5   3   4   2   7   6   9
26   3   0  10   5   1   8   2   7   6   9   4
27   8   1   5  10   0   3   4   9   2   7   6
28   8   1   5  10   0   3   4   9   6   7   2
29   3   0  10   5   1   8   2   7   6   9   4
30   3   0  10   5   1   8   2   7   6   9   4
31   8   1   5  10   0   3   4   2   7   6   9
32   3   0  10   5   1   8   2   7   4   9   6
33   8   1   5  10   0   3   4   2   7   6   9
34   3   0  10   5   1   8   2   7   6   4   9
35   3   0  10   5   1   8   2   7   6   9   4
36   3   0  10   5   1   8   2   7   6   9   4
37   3   0  10   5   1   8   2   7   6   9   4
38   3   0  10   5   1   8   2   7   6   9   4
39   3   0  10   5   1   8   2   7   6   9   4
40   8   1   5  10   0   3   4   9   6   7   2
41   3   0  10   5   1   8   4   9   6   7   2
42   3   8   1   5  10   0   4   9   6   7   2
43   3   0  10   5   1   8   2   7   4   9   6
44   3   0  10   5   1   8   2   7   6   9   4
45   3   0  10   5   1   8   2   7   6   9   4
46   8   1   5   3   0  10   2   7   6   9   4
47   8   1   5  10   0   3   2   7   6   9   4
48   3   0  10   5   1   8   2   7   6   9   4
49   3   0  10   5   1   8   2   7   6   9   4 


População final de genótipos (torneio)
     0   1   2   3   4   5   6   7   8   9   10
0   10   5   1   8   2   7   6   9   4   3   0
1   10   5   1   8   2   6   7   9   0   3   4
2   10   5   1   8   2   6   7   9   4   3   0
3    2   5   1   8  10   6   7   9   4   3   0
4   10   5   1   8   2   6   7   9   4   3   0
5   10   5   1   8   2   6   7   9   4   3   0
6   10   5   1   8   2   6   7   9   4   3   0
7   10   5   1   8   2   6   7   9   4   3   0
8   10   5   1   8   2   6   7   9   4   3   0
9   10   5   1   8   2   6   7   9   4   3   0
10  10   5   1   8   2   6   7   9   4   3   0
11  10   5   1   8   2   6   7   9   4   3   0
12  10   5   1   8   2   6   7   9   4   3   0
13   6   5   1   8   2  10   7   9   4   3   0
14  10   5   1   8   2   6   7   9   4   3   0
15  10   5   1   8   2   6   7   9   4   3   0
16  10   5   1   8   2   6   7   9   4   3   0
17  10   5   1   8   2   6   7   9   4   3   0
18  10   5   1   8   2   6   7   9   4   3   0
19  10   5   1   8   2   6   7   9   4   0   3
20  10   5   1   8   2   6   7   9   0   4   3
21  10   5   1   8   2   6   7   9   0   4   3
22  10   5   1   8   2   6   7   9   0   4   3
23  10   5   0   8   2   6   7   9   4   3   1
24   0   5   1   8   6   2   7   9  10   3   4
25  10   5   1   8   2   7   6   9   4   3   0
26  10   5   1   8   2   6   4   9   7   3   0
27  10   5   1   8   2   6   7   9   4   3   0
28  10   5   1   8   2   6   7   9   0   3   4
29  10   5   1   8   2   6   7   9   4   3   0
30  10   5   1   8   2   6   7   9   4   3   0
31  10   5   1   8   2   6   7   9   4   3   0
32  10   5   1   8   2   6   7   9   4   3   0
33  10   5   1   8   2   6   7   9   4   3   0
34  10   5   1   8   2   6   7   9   0   3   4
35  10   5   1   8   2   6   7   9   0   4   3
36  10   5   1   8   2   6   7   9   4   3   0
37  10   5   1   8   2   6   7   9   0   3   4
38  10   5   1   8   2   6   7   9   4   3   0
39  10   5   1   8   2   7   6   9   4   3   0
40  10   5   1   8   2   6   7   9   4   3   0
41  10   5   1   8   2   6   7   9   0   4   3
42  10   5   1   8   2   6   7   9   4   3   0
43  10   5   1   8   2   6   7   9   4   3   0
44  10   5   1   8   2   6   7   9   4   3   0
45  10   5   1   8   2   6   7   9   4   0   3
46  10   5   1   8   2   6   7   9   4   3   0
47   0   5   1   8  10   2   6   7   9   4   3
48   0   5  10   1   8   2   6   7   9   4   3
49  10   5   1   8   2   6   7   9   4   3   0 


População final de genótipos (torneio)
     0   1   2   3   4   5   6   7   8   9   10
0    9   3   0   4  10   5   1   8   2   7   6
1    9   3   0   4  10   5   1   8   2   7   6
2    9   3   0   4  10   5   1   8   2   7   6
3    9   3   0   4  10   5   1   8   2   7   6
4    9   3   0   4  10   5   1   8   2   7   6
5    9   3   0   4  10   5   1   8   2   7   6
6    9   3   0   4  10   5   1   8   2   7   6
7    9   3   0   4  10   5   1   8   2   7   6
8    9   3   0   4  10   5   1   8   2   7   6
9    9   3   0   4  10   5   1   8   2   7   6
10   9   3   0   4  10   5   1   8   2   7   6
11   9   3   0   4  10   5   1   8   2   7   6
12   9   3   0   4  10   5   1   8   2   7   6
13   9   3   0   4  10   5   1   8   2   7   6
14   9   3   0   4  10   5   1   8   2   7   6
15   9   3   0   4  10   5   1   8   2   7   6
16   9   3   0   4  10   5   1   8   2   7   6
17   9   3   0   4  10   5   1   8   2   7   6
18   9   3   0   4  10   5   1   8   2   7   6
19   9   3   0   4  10   5   1   8   2   7   6
20   9   3   0   4  10   5   1   8   2   7   6
21   9   3   0   4  10   5   1   8   2   7   6
22   9   3   0   4  10   5   1   8   2   7   6
23   9   3   0   4  10   5   1   8   2   7   6
24   9   3   0   4   5  10   1   8   2   7   6
25   9   3   0   4  10   5   1   8   2   7   6
26   9   3   0   4   5  10   1   8   2   7   6
27   9   3   0   4  10   5   1   8   2   7   6
28   9   3   0   4  10   5   1   8   2   7   6
29   9   3   0   4   5  10   1   8   2   7   6
30   9   3   0   4   5  10   1   8   2   7   6
31   9   3   0   4  10   5   1   8   2   7   6
32   9   3   0   4  10   5   1   8   7   2   6
33   9   3   0   4  10   5   1   8   2   7   6
34   9   3   0   4  10   5   1   8   2   7   6
35   9   3   0   4  10   5   1   8   2   7   6
36   9   3   0   4  10   5   1   8   2   7   6
37   9   3   0   4  10   5   1   8   2   7   6
38   9   3   0   4  10   5   1   8   2   7   6
39   9   3   0   4  10   5   1   8   2   7   6
40   9   3   0   4  10   5   2   8   1   7   6
41   9   3   0   4  10   5   1   8   2   7   6
42   9   3   0   4  10   5   1   8   2   7   6
43   9   3   0   4  10   5   1   8   2   7   6
44   9   3   0   4  10   5   1   8   2   7   6
45   9   3   0   1   5  10   4   8   2   7   6
46   9   3   0   4  10   5   1   8   2   7   6
47   9   3   0   4  10   5   1   8   2   7   6
48   9   3   0   4  10   5   1   8   2   7   6
49   9   3   0   4  10   5   1   8   2   7   6 


População final de genótipos (torneio)
     0   1   2   3   4   5   6   7   8   9   10
0    8   4   3   0   9   6   7   2   5  10   1
1    2   4   0   3   9   6   7   8   5  10   1
2    2   4   0   3   9   6   7   8   5  10   1
3    2   4   0   3   9   6   7   8   5  10   1
4    2   4   0   3   9   6   7   8   5  10   1
5    2   4   0   3   9   6   7   8   5  10   1
6    2   4   0   3   9   6   7   8   5  10   1
7    2   4   0   3   9   6   7   8   5  10   1
8    2   4   0   3   9   6   7   8   5  10   1
9    2   4   0   3   9   6   7   8   5  10   1
10   2   4   0   3   9   6   7   8   5  10   1
11   2   4   0   3   9   6   7   8   5  10   1
12   2   4   0   3   9   6   7   8   5  10   1
13   2   4   0   3   9   6   7   8   5  10   1
14   2   4   0   3   9   6   7   8   5  10   1
15   2   4   0   3   9   6   7   8   5  10   1
16   2   4   0   3   9   6   7   8   5  10   1
17   2   4   0   3   9   6   7   8   5  10   1
18   2   4   0   3   9   6   7   8   5  10   1
19   2   4   0   3   9   6   7   8   5  10   1
20   2   4   0   3   9   6   7   8   5  10   1
21   2   4   0   3   9   6   7   8   5  10   1
22   2   4   3   0   9   6   7   8   5  10   1
23   3   4   0   2   9   6   7   8   5  10   1
24   2   4   0  10   9   6   7   8   5   3   1
25   8   2   4   3   0   9   6   7   5  10   1
26   2   4   0   3   9   6   7   8   5  10   1
27   2   4   0   3   9   6   7   8   5  10   1
28   2   4   0   3   9   6   7   8   5  10   1
29   2   4   3   0   9   6   7   1   5  10   8
30   2   4   0   3   9   6   7   8   5  10   1
31   2   4   0   3   9   6   7   8   5  10   1
32   2   4   0   3   9   6   7   8   5  10   1
33   2   4   0   3   9   6   7   8   5  10   1
34   2   4   0   3   9   6   7   8   5  10   1
35   2   4   0   3   9   6   7   8   5  10   1
36   2   4   0   3   9   6   7   8   5  10   1
37   2   4   0   3   9   6   7   8   5  10   1
38   2   4   0   3   9   6   7   8   5  10   1
39   2   4   0   3   9   6   7   8   5  10   1
40   2   4   0   3   9   6   7   8   5  10   1
41   2   4   0   3   9   6   7   8   5  10   1
42   2   4   0   3   9   6   7   8   5  10   1
43   2   4   0   3   9   6   7   8   5  10   1
44   2   4   3   0   9   6   7   8   5  10   1
45   2   4   0   3   9   6   7   8   5  10   1
46   2   4   0   3   9   6   7   8   5  10   1
47   2   4   0   3   9   6   7   8   5  10   1
48   2   4   0   3   9   6   7   8   5  10   1
49   8   4   3   0   9   6   7   2   5  10   1 


População final de genótipos (torneio)
     0   1   2   3   4   5   6   7   8   9   10
0    0   3   4  10   5   1   8   2   7   6   9
1    0   3   4  10   5   1   8   2   7   6   9
2    0   3   4  10   5   1   8   2   7   6   9
3    0   9   4  10   5   1   8   2   7   6   3
4    0   9   4  10   5   1   8   2   7   6   3
5    0   9   4  10   5   1   8   2   7   6   3
6    0   9   4  10   5   1   8   2   7   6   3
7    0   9   4  10   5   1   8   2   7   6   3
8    0   9   4  10   5   1   8   2   7   6   3
9    5   9   4  10   0   1   8   2   7   6   3
10   0   9   4  10   5   1   8   2   7   6   3
11   0   9   4  10   5   1   8   2   7   6   3
12   0   9   4  10   5   1   8   2   7   6   3
13   5   9   4  10   0   1   8   2   7   6   3
14   0   9   4  10   5   1   8   2   7   6   3
15   0   9   4  10   5   1   8   2   7   6   3
16   0   9   4  10   5   1   8   2   7   6   3
17   0   9   4  10   5   1   8   2   7   6   3
18   9   0   8  10   5   1   4   2   7   6   3
19   9   0   4  10   5   1   8   2   7   6   3
20   0   9   8  10   5   1   4   2   7   6   3
21   0   9   4  10   5   1   3   8   2   7   6
22   0   9   4  10   5   1   8   2   3   7   6
23   0   9   4  10   5   1   8   3   2   7   6
24   2   9   4   7   5   1   8   0  10   6   3
25   0   9   4  10   5   1   8   2   7   6   3
26   0   9   4  10   5   1   8   2   7   6   3
27   0   9   4  10   5   1   3   8   2   7   6
28   0   9   8   1   5  10   4   3   2   7   6
29   0   9   4  10   7   5   1   8   2   6   3
30   9   0   4  10   5   1   8   2   7   6   3
31   0   9   4  10   5   1   8   2   3   6   7
32   0   9   4  10   5   1   3   8   2   7   6
33   0   9   5  10   4   1   8   2   7   6   3
34   0   9   4  10   5   1   8   2   7   6   3
35   0   9   4  10   5   1   8   2   7   6   3
36   0   9   4  10   5   1   8   2   7   6   3
37   0   9   4  10   5   1   8   2   7   6   3
38   0   9   8  10   5   1   4   2   7   6   3
39   0   9   4  10   5   1   8   2   7   6   3
40   9   0   4  10   5   1   8   2   7   6   3
41   0   3   4  10   5   1   8   2   7   6   9
42   0   9   4  10   5   1   8   2   7   6   3
43   0   9   4  10   5   1   8   2   7   6   3
44   0   9   4  10   5   1   8   2   7   6   3
45   0   9   4  10   5   1   8   2   7   6   3
46   0   9   4  10   5   1   8   3   2   7   6
47   0   9   4  10   5   1   8   2   7   6   3
48   9   0   4  10   5   1   8   2   3   7   6
49   0   9   4  10   5   1   3   8   2   7   6 


População final de genótipos (torneio)
     0   1   2   3   4   5   6   7   8   9   10
0    5   8   2   7   6   9   3   0   4  10   1
1    5   8   2   7   6  10   3   0   4   9   1
2    5   8   2   7   6   9   3   0   4  10   1
3    5   8   2   7   6   9   3   0   4  10   1
4    5   8   2   7   6   9   3   0   4  10   1
5    5   8   2   7   6   9   3   0   4  10   1
6    5   8   2   7   6   9   3   0   4  10   1
7    5   8   2   7   6   9   3   0   4   1  10
8    5   8   2   7   6   9   3   0   4   1  10
9    5   8   2   7   6   9   0   3   4   1  10
10   5   8   2   7   6   9   3   4   0  10   1
11   5   8   2   7   6   9   3   4   0  10   1
12   5   8   2   7   6   9   3   4   0  10   1
13   5   8   2   7   6   4   9   3   0  10   1
14   5   7   2   8   9   6   3   0   4  10   1
15   4   8   2   7   6   9   3   0  10   5   1
16   4   8   2   3   6   9   7   0  10   5   1
17   4   8   2   7   6   9   3   0  10   5   1
18   4   8   2   7   6   9   3   0  10   5   1
19   4   5   8   2   7   6   9   3   0  10   1
20   4   8   2   7   6   0   3  10   9   5   1
21   7   5   8   2   4   6   9   3   0  10   1
22   4   8   2   7   5   6   9   3   0  10   1
23   2   8   4   7   5   6   9   3   0  10   1
24   3   8   2   4   7  10   9   0   6   5   1
25   5   8   2   7   6   9   3   0   4  10   1
26   5   8   2   7   6   9   3   0   4  10   1
27   5   8   2   7   6   9   3   0   4  10   1
28   5   8   2   4   7   6   9   3   0  10   1
29   4   8   2   7   6   5   9   3   0  10   1
30   4   8   2   7   6   9   3  10   0   5   1
31   5   8   2   7   6   9   3   4   0  10   1
32   5   2   8   7   6   9   3   0   4   1  10
33   3   8   2   4   5   7   6   9   0  10   1
34   5   8   2   7   6   9   3   0   4  10   1
35   5   8   2   4   7   6   9   3   0  10   1
36   7   5   8   2   4   6   9   3   0  10   1
37   5   8   2   7   6   9   3   4   0  10   1
38   5   8   2   7   6   4   9   3   0  10   1
39   5   8   2   7   6   9   3   0   4  10   1
40   5   8   2   7   4   6   9   3   0  10   1
41   4   8   2   7   6   9   3   0  10   5   1
42   4   8   2   7   6   9   5   3   0  10   1
43   5   8   2   7   6   9   3   0   4  10   1
44   5   8   2   7   6   9   3   0   4  10   1
45   4   8   2   7   5   6   9   3   0  10   1
46   4   8   2   7   6   9   3   0  10   5   1
47   5   8   2   7   6   9   0   3   4  10   1
48   4   8   2   7   6   9   3   0  10   5   1
49   5   8   2   7   6   9   3   0   4  10   1 


Tempo com os parâmetros dos algoritmos razoáveis (população = 50 e épocas = 50)

Tempo elitismo -  0.14915450700027577
Tempo torneio -  0.19180715900074574
Tempo aleatório -  0.1555882400007249
Tempo bruto -  356.6250903070013

População final de genótipos (elitismo)
      0   1   2   3   4   5   6   7   8   9   10
0     0   4  10   5   1   8   2   7   6   9   3
1     0   4  10   5   1   8   2   7   6   9   3
2     0   4  10   5   1   8   2   7   6   9   3
3     0   4  10   5   1   8   2   7   6   9   3
4     0   4  10   5   1   8   2   7   6   9   3
..   ..  ..  ..  ..  ..  ..  ..  ..  ..  ..  ..
495   0   4  10   5   1   8   2   7   6   9   3
496   0   4  10   5   1   8   2   7   6   9   3
497   0   4  10   5   1   8   2   7   6   9   3
498   7   4  10   5   1   8   2   0   6   9   3
499   0   4  10   5   1   8   2   3   6   9   7

[500 rows x 11 columns] 


População final de genótipos (torneio)
      0   1   2   3   4   5   6   7   8   9   10
0     1   5  10   4   0   3   9   6   7   2   8
1     1   5  10   4   0   3   9   6   7   2   8
2     1   5  10   4   0   3   9   6   7   2   8
3     1   5  10   4   0   3   9   6   7   2   8
4     1   5  10   4   0   3   9   6   7   2   8
..   ..  ..  ..  ..  ..  ..  ..  ..  ..  ..  ..
495   1   5  10   4   0   3   9   6   7   2   8
496   1   5  10   4   0   3   9   6   7   2   8
497   1   5  10   4   0   3   9   6   7   2   8
498   1   3  10   4   5   0   9   6   7   2   8
499   1   5  10   3   0   4   9   6   7   2   8

[500 rows x 11 columns] 


População final de genótipos (elitismo)
      0   1   2   3   4   5   6   7   8   9   10
0     3   0   4  10   5   1   8   2   7   6   9
1     3   0   4  10   5   1   8   2   7   6   9
2     3   0   4  10   5   1   8   2   7   6   9
3     3   0   4  10   5   1   8   2   7   6   9
4     3  10   4   0   5   1   8   2   7   6   9
..   ..  ..  ..  ..  ..  ..  ..  ..  ..  ..  ..
495   3   0   4  10   5   1   8   2   7   6   9
496   3   0   9  10   5   1   8   2   7   6   4
497   3   0   4  10   5   1   8   2   7   6   9
498   3   0   4  10   5   1   8   2   7   6   9
499   3   0   4  10   5   1   8   2   7   6   9

[500 rows x 11 columns] 


População final de genótipos (torneio)
      0   1   2   3   4   5   6   7   8   9   10
0     0   4  10   5   1   8   2   7   6   9   3
1     9   4  10   5   1   8   2   7   6   0   3
2     0   4  10   5   1   8   2   7   6   9   3
3     0   4  10   5   1   8   2   7   6   9   3
4     0   4  10   5   1   8   2   7   6   9   3
..   ..  ..  ..  ..  ..  ..  ..  ..  ..  ..  ..
495   0   4  10   5   1   8   2   7   6   9   3
496   0   4  10   5   1   8   2   7   6   9   3
497   0   4  10   5   1   8   2   7   6   9   3
498   0   4  10   5   1   8   2   7   6   9   3
499   0   4  10   5   1   8   2   7   6   9   3

[500 rows x 11 columns] 


População final de genótipos (elitismo)
      0   1   2   3   4   5   6   7   8   9   10
0     3   0   4  10   5   1   8   2   7   6   9
1     3   0   4  10   5   1   8   2   7   6   9
2     3   0   4  10   5   1   8   2   7   6   9
3     3   0   4  10   5   1   8   2   7   6   9
4     3   0   4  10   5   1   8   2   7   6   9
..   ..  ..  ..  ..  ..  ..  ..  ..  ..  ..  ..
495   3   0   4  10   5   1   8   2   7   6   9
496   3   0   4  10   5   1   8   2   7   6   9
497   3   0   4  10   5   1   8   2   7   6   9
498   3   0   4  10   5   1   8   2   7   6   9
499   3   0   4  10   5   1   8   2   7   6   9

[500 rows x 11 columns] 


População final de genótipos (torneio)
      0   1   2   3   4   5   6   7   8   9   10
0     6   7   2   8   1   5  10   4   0   3   9
1     6   7   2   8   1   5  10   4   0   3   9
2     6   7   2   8   1   5  10   4   0   3   9
3     6   7   2   8   1   5  10   4   0   3   9
4     6   7   2   8   1   5  10   4   0   3   9
..   ..  ..  ..  ..  ..  ..  ..  ..  ..  ..  ..
495   6   7   2   8   1   5  10   4   0   3   9
496   6   7   2   8   1   5  10   4   0   3   9
497   6   7   2   8   1   5  10   4   0   3   9
498   6   7   2   8   1   5  10   4   0   3   9
499   6   7   2   8   1   5  10   4   0   3   9

[500 rows x 11 columns] 


População final de genótipos (elitismo)
      0   1   2   3   4   5   6   7   8   9   10
0     7   2   8   1   5  10   4   0   3   9   6
1     7   2   8   1   5  10   4   0   3   9   6
2     7   2   8   1   5  10   4   0   3   9   6
3     7   2   8   1   5  10   4   0   3   9   6
4     7   2   8   1   5  10   4   0   3   9   6
..   ..  ..  ..  ..  ..  ..  ..  ..  ..  ..  ..
495   7   2   8   1   5  10   4   0   3   9   6
496   7   2   8   1   5  10   4   0   3   9   6
497   7   2   8   1   5  10   4   0   3   9   6
498   7   2   8   1   5  10   4   0   3   9   6
499   7   2   8   1   5  10   4   0   3   9   6

[500 rows x 11 columns] 


População final de genótipos (torneio)
      0   1   2   3   4   5   6   7   8   9   10
0     3   0   4  10   5   1   8   2   7   6   9
1     3   0   4  10   5   1   8   2   7   6   9
2     3   0   4  10   5   1   8   2   7   6   9
3     3   0   4  10   5   1   8   2   7   6   9
4     3   0   4  10   5   1   8   2   7   6   9
..   ..  ..  ..  ..  ..  ..  ..  ..  ..  ..  ..
495   3   0   4  10   5   1   8   2   7   6   9
496   3   0   4  10   5   1   8   2   7   6   9
497   3   0   4  10   5   1   8   2   7   6   9
498   3   0   4  10   5   1   8   2   7   6   9
499   3   0   4   6  10   5   1   8   2   7   9

[500 rows x 11 columns] 


População final de genótipos (elitismo)
      0   1   2   3   4   5   6   7   8   9   10
0     9   6   7   2   8   1   5  10   4   0   3
1     9   6   7   2   8   1   5  10   4   0   3
2     9   6   7   2   8   1   5  10   4   0   3
3     9   6   7   2   8   1   5  10   4   0   3
4     9   6   7   2   8   1   5  10   4   0   3
..   ..  ..  ..  ..  ..  ..  ..  ..  ..  ..  ..
495   9   6   7   2   8   1   5  10   4   0   3
496   9   6   7   2   8   1   4  10   5   0   3
497   9   6   7   2   8   1   5  10   4   0   3
498   9   6   7   2   8   1   5  10   4   0   3
499   9   6   7   2   8   1   5  10   4   0   3

[500 rows x 11 columns] 


População final de genótipos (torneio)
      0   1   2   3   4   5   6   7   8   9   10
0     3   0   4  10   5   1   8   2   7   6   9
1     3   0   4  10   5   1   8   2   7   6   9
2     3   0   4  10   5   1   8   7   2   6   9
3     3   0   4  10   5   1   8   2   7   6   9
4     3   0   4  10   5   1   8   2   7   6   9
..   ..  ..  ..  ..  ..  ..  ..  ..  ..  ..  ..
495   3   0   4  10   5   1   8   2   7   6   9
496   3   0   4  10   5   1   8   2   7   6   9
497   3   8   4  10   0   5   1   2   7   6   9
498   3   0   4  10   5   1   8   2   7   6   9
499   3   0   4  10   5   1   8   2   7   6   9

[500 rows x 11 columns] 


Resultados com os parâmetros dos algoritmos exagerados (população = 500 e épocas = 500)

Média elitismo -  13.3335238562079
Média torneio -  13.3335238562079
Média aleatório -  13.713349241967379
Resultado bruto -  13.3335238562079

População final de genótipos (elitismo)
      0   1   2   3   4   5   6   7   8   9   10
0     3   0   4  10   5   1   8   2   7   6   9
1     3   0   4  10   5   1   8   2   7   6   9
2     3   0   4  10   5   1   8   2   7   6   9
3     3   0   4  10   5   1   8   2   7   6   9
4     3   0   4  10   5   1   8   2   7   6   9
..   ..  ..  ..  ..  ..  ..  ..  ..  ..  ..  ..
495   3   0   4  10   5   1   8   2   7   6   9
496   3   0   4  10   5   1   8   2   7   6   9
497   3   0   4  10   5   1   8   2   7   6   9
498   3   0   4  10   5   1   8   2   7   6   9
499   3   0   4  10   5   1   8   2   7   6   9

[500 rows x 11 columns] 


População final de genótipos (elitismo)
      0   1   2   3   4   5   6   7   8   9   10
0     3   0   4  10   5   1   8   2   7   6   9
1     3   0   4  10   5   1   8   2   7   6   9
2     3   0   4  10   5   1   8   2   7   6   9
3     3   0   4  10   5   1   8   2   7   6   9
4     3   0   4  10   5   1   8   2   7   6   9
..   ..  ..  ..  ..  ..  ..  ..  ..  ..  ..  ..
495   3   0   4  10   5   1   8   2   7   6   9
496   3   0   4  10   5   1   8   2   7   6   9
497   3   0   4  10   5   1   8   2   7   6   9
498   3   0   4  10   5   1   8   2   7   6   9
499   3   0   4  10   5   1   8   2   7   6   9

[500 rows x 11 columns] 


População final de genótipos (elitismo)
      0   1   2   3   4   5   6   7   8   9   10
0     2   7   6   9   3   0   4  10   5   1   8
1     2   7   6   9   3   0   4  10   5   1   8
2     2  10   6   9   3   0   4   7   5   1   8
3     2   7   6   9   3   0   4  10   5   1   8
4     2   7   6   9   3   0   4  10   5   1   8
..   ..  ..  ..  ..  ..  ..  ..  ..  ..  ..  ..
495   2   7   6   9   3   0   4  10   5   1   8
496   2   7   6   9   3   0   4  10   5   1   8
497   2   7   6   9   3   0   4  10   5   1   8
498   2   7   6   9   3   0   4  10   5   1   8
499   2   7   6   9   3   0   4  10   5   1   8

[500 rows x 11 columns] 


População final de genótipos (elitismo)
      0   1   2   3   4   5   6   7   8   9   10
0    10   5   1   8   2   7   6   9   3   0   4
1    10   5   1   8   2   7   6   9   3   0   4
2    10   5   1   8   2   7   6   9   3   0   4
3    10   5   1   8   2   7   6   9   3   0   4
4     5  10   1   8   2   7   6   9   3   0   4
..   ..  ..  ..  ..  ..  ..  ..  ..  ..  ..  ..
495  10   5   1   8   2   7   6   9   3   0   4
496  10   5   1   8   2   7   6   9   3   0   4
497  10   5   1   8   2   7   6   9   3   0   4
498  10   5   1   8   2   7   6   9   3   0   4
499  10   5   1   8   2   7   6   9   3   0   4

[500 rows x 11 columns] 


População final de genótipos (elitismo)
      0   1   2   3   4   5   6   7   8   9   10
0    10   5   1   8   2   7   6   9   3   0   4
1    10   5   1   8   2   7   6   9   3   0   4
2    10   5   1   8   2   7   6   9   3   0   4
3    10   5   1   8   2   7   6   9   3   0   4
4    10   5   1   8   2   7   6   9   3   0   4
..   ..  ..  ..  ..  ..  ..  ..  ..  ..  ..  ..
495  10   5   1   8   2   7   6   9   3   0   4
496  10   5   1   8   2   7   6   9   3   0   4
497  10   5   1   8   2   7   6   9   3   0   4
498  10   5   1   8   2   7   6   9   3   0   4
499  10   5   1   8   2   7   6   9   3   0   4

[500 rows x 11 columns] 


População final de genótipos (torneio)
      0   1   2   3   4   5   6   7   8   9   10
0    10   4   0   3   9   6   7   2   8   1   5
1    10   4   0   3   9   6   7   2   8   1   5
2    10   4   0   3   9   6   7   2   8   1   5
3    10   4   0   3   9   6   7   2   8   1   5
4    10   8   0   3   9   6   7   2   4   1   5
..   ..  ..  ..  ..  ..  ..  ..  ..  ..  ..  ..
495  10   4   0   3   9   6   7   2   8   1   5
496  10   4   0   3   9   6   7   2   8   1   5
497  10   4   0   3   9   6   7   2   8   1   5
498  10   4   0   3   9   6   7   2   8   1   5
499  10   4   0   3   9   6   7   2   8   1   5

[500 rows x 11 columns] 


População final de genótipos (torneio)
      0   1   2   3   4   5   6   7   8   9   10
0     7   6   9   3   0   4  10   5   1   8   2
1     7   6   9   3   0   4  10   5   1   8   2
2     7   6   9   3   0   4  10   5   1   8   2
3     7   6   9   3   0   4  10   5   1   8   2
4     7   6   9   3   0   4  10   5   1   8   2
..   ..  ..  ..  ..  ..  ..  ..  ..  ..  ..  ..
495   7   6   9   3   0   4  10   5   1   8   2
496   7   6   9   3   0   4  10   5   1   8   2
497   7   6   9   3   0   4  10   5   1   8   2
498   7   6   9   3   0   4  10   5   1   8   2
499   7   6   9   3   0   4  10   5   1   8   2

[500 rows x 11 columns] 


População final de genótipos (torneio)
      0   1   2   3   4   5   6   7   8   9   10
0     2   8   1   5  10   4   0   3   9   6   7
1     2   8   1   5  10   4   0   3   9   6   7
2     2   8   1   5  10   4   0   3   9   6   7
3     2   8   1   5  10   4   0   3   9   6   7
4     2   8   1   5  10   4   0   3   9   6   7
..   ..  ..  ..  ..  ..  ..  ..  ..  ..  ..  ..
495   2   8   1   5  10   4   0   3   9   6   7
496   7   2   8   1   5  10   4   0   3   9   6
497   2   8   1   5  10   4   0   3   9   6   7
498   2   8   1   5  10   4   0   9   3   6   7
499   2   8   1   5  10   7   0   3   9   6   4

[500 rows x 11 columns] 


População final de genótipos (torneio)
      0   1   2   3   4   5   6   7   8   9   10
0     6   7   2   8   3   5  10   4   0   1   9
1     6   7   2   8   1   5  10   4   0   3   9
2     6   7   2   8   1   5  10   4   0   3   9
3     6   7   2   8   1   5  10   4   0   3   9
4     6   7   2   8   1   5  10   4   0   3   9
..   ..  ..  ..  ..  ..  ..  ..  ..  ..  ..  ..
495   6   7   2   8   1   5  10   4   0   3   9
496   6   7   2   8   1   5  10   4   0   3   9
497   6   7   2   8   1   5  10   4   0   3   9
498   6   7   2   8   1   5  10   4   0   3   9
499   6   4   2   8   1   5  10   7   0   3   9

[500 rows x 11 columns] 


População final de genótipos (torneio)
      0   1   2   3   4   5   6   7   8   9   10
0     1   8   2   7   6   9   3   0   4  10   5
1     1   8   2   7   6   9   3   0   4  10   5
2     1   8   2   7   6   9   3   0   4  10   5
3     1   8   2   7   6   9   3   0   4  10   5
4     1   8   2   7   6   9   3   0   4  10   5
..   ..  ..  ..  ..  ..  ..  ..  ..  ..  ..  ..
495  10   8   5   2   7   6   9   3   0   4   1
496   1   8   2   7   6   9   3   0   4  10   5
497   1   8   2   7   6   9   3   0   4  10   5
498   1   6   8   2   7   9   3   0   4  10   5
499   1   8   2   7   9   6   3   0   4  10   5

[500 rows x 11 columns] 


Tempo com os parâmetros dos algoritmos exagerados (população = 500 e épocas = 500)

Tempo elitismo -  13.148500598999817
Tempo torneio -  17.229482359998656
Tempo aleatório -  13.667895636999674
Tempo bruto -  356.6250903070013

População final de genótipos (elitismo)
      0   1   2   3   4   5   6   7   8   9   10  11  12  13  14  15  16  17  \
0     1  15  12  11  13   9   5   2   3   7   8  18   4   0  10   6  19  17   
1     1  15  12  11  13   9   5   2   3   7   8  18   4   0  10   6  19  17   
2     1  15  12  11  13   9   5   2   3   7   8  18   4   0  10   6  19  17   
3     1  15  12  11  13   9   5   2   3   7   8  18   4   0  10   6  19  17   
4     1  15  12  11  13   9   5   2   3   7   8  18   4   0  10   6  19  17   
..   ..  ..  ..  ..  ..  ..  ..  ..  ..  ..  ..  ..  ..  ..  ..  ..  ..  ..   
495   1  15  12  11  13   9   5   2   3   7   8  18   4   0  10   6  19  17   
496   1  15  12  11  13   9   5   2   3   7   8  18   4   0  10   6  19  17   
497   1  15  12  11  13   9   5   2   3   7   8  18   4   0  10   6  19  17   
498   1  15  12  11  13   9   5   2   3   7   8  18   4   0  10   6  19  17   
499   1  15  12  11  13   9   5   2   3   7   8  18   4   0  10   6  19  17   

     18  19  
0    16  14  
1    16  14  
2    16  14  
3    16  14  
4    16  14  
..   ..  ..  
495  16  14  
496  16  14  
497  16  14  
498  16  14  
499  16  14  

[500 rows x 20 columns] 


População final de genótipos (torneio)
      0   1   2   3   4   5   6   7   8   9   10  11  12  13  14  15  16  17  \
0     5   9  13  11  12  16  17  19   6  10   0   4  18   8   7   3   2  14   
1     5   9  13  11  12  16  17  19   6  10   0   4  18   8  14   3   2   7   
2     5   9  13  11  12  16  17  19   6  10   0   4  18   8   7   3   2  14   
3     5   9  13  11  12  16  17  19   6  10   0   4  18   8   7   3   2  14   
4     5   9  13  11  12  16  17  19   6  10   0   4  18   8   7   3   2  14   
..   ..  ..  ..  ..  ..  ..  ..  ..  ..  ..  ..  ..  ..  ..  ..  ..  ..  ..   
495   5   9  13  11  12  16  17  19   6  10   0   4  18   8   7   3   2  14   
496   5   9  13  11  12  16  17  19   6  10   0   4  18   8   7   3   2  14   
497   5   9  13  11  12  16  17  19   6  10   0   4  18   8   7   3   2  14   
498   5   9  13  11  12  16  17  19   6  10   0   4  18   8   7   3   2  14   
499   5   9  13  11  12  16  17  19   6  10   0   4  18   8   7   3   2  14   

     18  19  
0     1  15  
1     1  15  
2     1  15  
3     1  15  
4     1  15  
..   ..  ..  
495   1  15  
496   1  15  
497   1  15  
498   1  15  
499   1  15  

[500 rows x 20 columns] 


População final de genótipos (elitismo)
      0   1   2   3   4   5   6   7   8   9   10  11  12  13  14  15  16  17  \
0     3   2  11  13   9   5  15   1  14  16  12  17  19   6  10   0   4  18   
1     3   2  11  13   9   5  15   1  14  16  12  17  19  10   6   0   4  18   
2     3   2  11  13   9   5  15   1  14  16  12  17  19   6  10   0   4  18   
3     3   2  11  13   9   5  15   1  14  16  12  17  19   6  10   0   4  18   
4     3   2  11  13   9   5  15   1  14  16  12  17  19   6  10   0   4  18   
..   ..  ..  ..  ..  ..  ..  ..  ..  ..  ..  ..  ..  ..  ..  ..  ..  ..  ..   
495   3   2  11  13   9   5  15   1  14  16  12  17  19   6  10   0   4  18   
496   3   2  11  13   9   5  15   1  14  16  12  17  19   6  10   0   4  18   
497   3   2  11  13   9   5  15   1  14  16  12  17  19   6  10   0   4  18   
498   3   2  11  13   9   5  15   1  14  16  12  17  19   6  10   0   4  18   
499   3   2  11  13   9   5  15   1  14  16  12  17  19   6  10   0   4  18   

     18  19  
0     8   7  
1     8   7  
2     8   7  
3     8   7  
4     8   7  
..   ..  ..  
495   8   7  
496   8   7  
497   8   7  
498   8   7  
499   8   7  

[500 rows x 20 columns] 


População final de genótipos (torneio)
      0   1   2   3   4   5   6   7   8   9   10  11  12  13  14  15  16  17  \
0    14   1  15  12  11  13   9   5   2   3   7   8  18   4   0  10   6  19   
1    14   1  15  12  11  13   9   5   2   3   7   8  18   4   0  10   6  19   
2    14   1  15  12  18  13   9   5   2   3   7   8  11   4   0  10   6  19   
3    14   1  15  12  11  13   9   5   2   3   7   8  18   4   0  10   6  19   
4    14   1  15  12  11  13   9   5   2   3   7   8  18   4   0  10   6  19   
..   ..  ..  ..  ..  ..  ..  ..  ..  ..  ..  ..  ..  ..  ..  ..  ..  ..  ..   
495  14   1  15  12  11  13   9   5   2   3   7   8  18   4   0  10   6  19   
496  14   1  15  12  11  13   9   2   5   3   7   8  18   4   0  10   6  19   
497   3   1  15  14  12  11  13   9   5   2   7   8  18   4   0  10   6  19   
498  13   1  15  12  14  11   9   5   2   3   7   8  18   4   0  10   6  19   
499  14   1  15  12  11  13   9   5   2   3   7   8  18   4   0  10   6  19   

     18  19  
0    16  17  
1    17  16  
2    17  16  
3    17  16  
4    17  16  
..   ..  ..  
495  17  16  
496  17  16  
497  17  16  
498  17  16  
499  17  16  

[500 rows x 20 columns] 


População final de genótipos (elitismo)
      0   1   2   3   4   5   6   7   8   9   10  11  12  13  14  15  16  17  \
0    15  11  13   9   5   2   3   7   8  18   4   0  10   6  19  17  12  16   
1    15  11  13   9   5   2   3   7   8  18   4   0  10   6  19  17  12  16   
2    15  11  13   9   5   2   3   7   8  18   4   0  10   6  19  17  12  16   
3    15  11  13   9   5   2   3   7   8  18   4   0  10   6  19  17  12  16   
4    15  11  13   9   5   2   3   7   8  18   4   0  10   6  19  17  12  16   
..   ..  ..  ..  ..  ..  ..  ..  ..  ..  ..  ..  ..  ..  ..  ..  ..  ..  ..   
495  15  11  13   9   5   2   3   7   8  18   4   0  10   6  19  17  12  16   
496  15  11  13   9   5   2   3   7   8  18   4   0  10   6  19  17  12  16   
497  15  11  13   9   5   2   3   7   8  18   4   0  10   6  19  17  12  16   
498  15  11  13   9   5   2   3   7   8  18   4   0  10   6  19  17  12  16   
499  15  11  13   9   5   2   3   7   8  18   4   0  10   6  19  17  12  16   

     18  19  
0    14   1  
1    14   1  
2    14   1  
3    14   1  
4    14   1  
..   ..  ..  
495  14   1  
496  14   1  
497  14   1  
498  14   1  
499  14   1  

[500 rows x 20 columns] 


População final de genótipos (torneio)
      0   1   2   3   4   5   6   7   8   9   10  11  12  13  14  15  16  17  \
0    10   6  19  17  12  16  14   1  15  11  13   9   5   2   3   7   8  18   
1    10   6  19  17  12  16  14   1  15  11  13   9   5   2   3   7   8  18   
2    10   6  19  17  12  16   8   1  15  11  13   9   5   2   3   7  14  18   
3    10   6  19  17  12  16  14   1  15  11  13   9   5   2   3   7   8  18   
4    10   6  19  17  12  16  14   1  15  11  13   9   5   2   3   7   8  18   
..   ..  ..  ..  ..  ..  ..  ..  ..  ..  ..  ..  ..  ..  ..  ..  ..  ..  ..   
495  10   6  19  17  12  16  14   1  15   7  11  13   9   5   2   3   8  18   
496  10   6  19  17  12  16  14   1  15  11  13   9   5   2   3   7   8  18   
497  10   6  19  17  12  16  14   1  15  11  13   9   5   2   3   7   4  18   
498  10   6  19  17  12  16  14   1  15  11  13   9   5   2   3   7   8  18   
499  10   6  19  17  12  16  14   1  15  11  13   9   5   2   3   7   8  18   

     18  19  
0     4   0  
1     4   0  
2     4   0  
3     4   0  
4     4   0  
..   ..  ..  
495   4   0  
496   4   0  
497   8   0  
498   4   0  
499   4   0  

[500 rows x 20 columns] 


População final de genótipos (elitismo)
      0   1   2   3   4   5   6   7   8   9   10  11  12  13  14  15  16  17  \
0     6  10   0   4  18   8   7   3   2   5   9  13  11  12  15   1  14  16   
1     6  10   0   4  18   8   7   3   2   5   9  13  11  12  15   1  14  16   
2     6  10   0  17  18   8   7   3   2   5   9  13  11  12  15   1  14  16   
3     6  10   0   4  18   8   7   3   2   5   9  13  11  12  15   1  14  16   
4     6  10   0   4  18   8   7   3   2   5   9  13  11  12  15   1  14  16   
..   ..  ..  ..  ..  ..  ..  ..  ..  ..  ..  ..  ..  ..  ..  ..  ..  ..  ..   
495   6  10   0   4  18   8   7   3   2   5   9  13  11  12  15   1  14  16   
496   6  10   0   4  18   8   7   3   2   5   9  13  11  12  15   1  14  16   
497   6  10   0   4  18   8   7   3   2   5   9  13  11  12  15   1  14  16   
498   6  10   0   4  18   8   7   3   2   5   9  13  11  12  15   1  14  16   
499   6  10   0   4  18   8   7   3   2   5   9  13  11  12  15   1  14  16   

     18  19  
0    17  19  
1    17  19  
2     4  19  
3    17  19  
4    17  19  
..   ..  ..  
495  17  19  
496  17  19  
497  17  19  
498  17  19  
499  17  19  

[500 rows x 20 columns] 


População final de genótipos (torneio)
      0   1   2   3   4   5   6   7   8   9   10  11  12  13  14  15  16  17  \
0     6  19  17  16  12   2   9  13  11  14   1  15   5   3   7   8  18   4   
1     6  19  17  16  12   2   9  13  11  14   1  15   5   3   7   8  18   4   
2     6  19  17  16  12   2   9  13  11  14   1  15   5   3   7   8  18   4   
3     6  19  17  16  12   2   9  13  11  14   1  15   5   3   7   8  18   4   
4     6  19  17  16  12   2   9  13  11  14   1  15   5   3   7   8  18   4   
..   ..  ..  ..  ..  ..  ..  ..  ..  ..  ..  ..  ..  ..  ..  ..  ..  ..  ..   
495   6  19  17  16  12   2   9  13  11  14   5   1  15   3   7   8  18   4   
496   6  19  17  16  12   2   9  13  11  14   1  15   5   3   7   8  18   4   
497   6  19  17  16  12   2   9  13  11  14   1  15   5   3   7   8  18   4   
498   6  19  17  16  12   2   9  13  11  14   1  15   5   3   7   8  18   4   
499   6  19  17  16  12   2   9  13  11  14   1  15   5   3   7   8  18   4   

     18  19  
0     0  10  
1     0  10  
2     0  10  
3     0  10  
4     0  10  
..   ..  ..  
495   0  10  
496   0  10  
497   0  10  
498   0  10  
499   0  10  

[500 rows x 20 columns] 


População final de genótipos (elitismo)
      0   1   2   3   4   5   6   7   8   9   10  11  12  13  14  15  16  17  \
0    11  15   1  14  16  12  10   6  19  17   0   4  18   8   7   3   2   5   
1    11  15   1  14  16  12  10   6  19  17   0   4  18   8   7   3   2   5   
2    11  15   1  14  16  12  10   6  19  17   0   4  18   8   7   3   2   5   
3    11  15   1  14  16  12  10   6  19  17   0   4  18   8   7   3   2   5   
4    11  15   1  14  16  12  10   6  19  17   0   4  18   8   7   3   2   5   
..   ..  ..  ..  ..  ..  ..  ..  ..  ..  ..  ..  ..  ..  ..  ..  ..  ..  ..   
495  11  15   1  14  16  12  10   6  19  17   0   4  18   8   7   3   2   5   
496  11  15   1  14  16  12  10   6  19  17   0   4  18   8   7   3   2   5   
497  11  15   1  14  16  12  10   6  19  17   0   4  18   8   7   3   2   5   
498  11  15   1  14  16  12  10   6  19  17   0   4  18   8   7   3   2   5   
499  11  15   1  14  16  12  10   6  19  17   0   4  18   8   7   3   2   5   

     18  19  
0     9  13  
1     9  13  
2     9  13  
3     9  13  
4     9  13  
..   ..  ..  
495   9  13  
496   9  13  
497   9  13  
498   9  13  
499   9  13  

[500 rows x 20 columns] 


População final de genótipos (torneio)
      0   1   2   3   4   5   6   7   8   9   10  11  12  13  14  15  16  17  \
0    19   6  10   0   4  18   8   7   3   2   5   9  13  11  12  15   1  14   
1    19   6  10   0   4  18   8   7   3   2   5   9  13  11  12  15   1  14   
2    19   6  10   0   4  18   8   7   3   2   5   9  13  11  12  15   1  14   
3    19   6  10   0   4  18   8   7   3   2   5   9  13  11  12  15   1  14   
4    19   6  10   0   4  18   8   7   3   2   5   9  13  11  12  15   1  14   
..   ..  ..  ..  ..  ..  ..  ..  ..  ..  ..  ..  ..  ..  ..  ..  ..  ..  ..   
495  19   6  10   0   4  18   8   7   3   2   5   9  13  11  12  15   1  14   
496  19   6  10   0   4  18   8   7   3   2   5   9  13  11  12  15   1  14   
497  19   6  10   0   4  18   8   7   3   2   5   9  13  11  12  15   1  14   
498  19   6  10   0   4  18   8   7   3   2   5   9  13  11  12  15   1  14   
499  19   6  10   0   4  18   8   7   3   2   5   9  13  11  12  15   1  14   

     18  19  
0    16  17  
1    16  17  
2    16  17  
3    16  17  
4    16  17  
..   ..  ..  
495  16  17  
496  16  17  
497  16  17  
498  16  17  
499  16  17  

[500 rows x 20 columns] 


População final de genótipos (elitismo)
      0   1   2   3   4   5   6   7   8   9   10  11  12  13  14  15  16  17  \
0     7   3   2  11  13   9   5  15   1  14  16  12  17  19   6  10   0   4   
1     7   3   2  19  13   9   5  15   1  14  16  12  17  11   6  10   0   4   
2     7   3   2  11  13   9   5  15   1  14  16  12  17  19   6  10   0   4   
3     7   3   2  11  13   9   5  15   1  14  16  12  17  19   6  10   0   4   
4     7   3   2  11  13   9   5  15   1  14  16  12  17  19   6  10   0   4   
..   ..  ..  ..  ..  ..  ..  ..  ..  ..  ..  ..  ..  ..  ..  ..  ..  ..  ..   
495   7   3   2  11  13   9   5  15   1  14  16  12  17  19   6  10   0   4   
496   7   3   2  11  13   9   5  15   1  14  16  12  17  19   6  10   0   4   
497   7   3   2  11  13   9   5  15   1  14  16  12  17  19   6  10   0   4   
498   7   3   2  11  13   9   5  15   1  14  16  12  17  19   6  10   0   4   
499   7   3   2  11  13   9   5  15   1  14  16  12  17  19   6  10   0   4   

     18  19  
0    18   8  
1    18   8  
2    18   8  
3    18   8  
4    18   8  
..   ..  ..  
495  18   8  
496  18   8  
497  18   8  
498  18   8  
499  18   8  

[500 rows x 20 columns] 


População final de genótipos (elitismo)
      0   1   2   3   4   5   6   7   8   9   10  11  12  13  14  15  16  17  \
0     2   4  18  10   6  19  17   0   8   7   3   5   9  13  11  15   1  14   
1     2   4  18  10   6  19  17   0   8   7   3   5   9  13  11  15   1  14   
2     2   4  18  10   6  19  17   0   8   7   3   5   9  13  11  15   1  14   
3     2   4  18  10   6  19  17   0   8   7   3   5   9  13  11  15   1  14   
4     2   4  18  10   6  19  17   0   8   7   3   5   9  13  11  15   1  14   
..   ..  ..  ..  ..  ..  ..  ..  ..  ..  ..  ..  ..  ..  ..  ..  ..  ..  ..   
495   2   4  18  10   6  19  17   0   8   7   3   5   9  13  11  15   1  14   
496   2   4  18  10   6  19  17   0   8   7   3   5   9  13  11  15   1  14   
497   2   4  18  10   6  19  17   0   8   7   3   5   9  13  11  15   1  14   
498   2   4  18  10   6  19  17   0   8   7   3   5   9  13  11  15   1  14   
499   2   4  18  10   6  19  17   0   8   7   3   5   9  13  11  15   1  14   

     18  19  
0    16  12  
1    16  12  
2    16  12  
3    16  12  
4    16  12  
..   ..  ..  
495  16  12  
496  16  12  
497  16  12  
498  16  12  
499  16  12  

[500 rows x 20 columns] 


População final de genótipos (elitismo)
      0   1   2   3   4   5   6   7   8   9   10  11  12  13  14  15  16  17  \
0     8  18   4   0  10   6  19  17  16  14   1  15  12  11  13   9   5   2   
1     8  18   4   0  10   6  19  17  16  14   1  15  12  11  13   9   5   2   
2     8  18   4   0  10   6  19  17  16  14   1  15  12  11  13   9   5   2   
3     8  18   4   0  10   6  19  17  16  14   1  15  12  11  13   9   5   2   
4     8  18   4   0  10   6  19  17  16  14   1  15  12  11  13   9   5   2   
..   ..  ..  ..  ..  ..  ..  ..  ..  ..  ..  ..  ..  ..  ..  ..  ..  ..  ..   
495   8  18   4   0  10   6  19  17  16  14   1  15  12  11  13   9   5   2   
496   8  18   4   0  10   6  19  17  16  14   1  15  12  11  13   9   5   2   
497   8  18   4   0  10   6  19  17  16  14   1  15  12  11  13   9   5   2   
498   8  18   4   0  10   6  19  17  16  14   1  15  12  11  13   9   5   2   
499   8  18   4   0  10   6  19  17  16  14   1  15  12  11  13   9   5   2   

     18  19  
0     3   7  
1     3   7  
2     3   7  
3     3   7  
4     3   7  
..   ..  ..  
495   3   7  
496   3   7  
497   3   7  
498   3   7  
499   3   7  

[500 rows x 20 columns] 


População final de genótipos (elitismo)
      0   1   2   3   4   5   6   7   8   9   10  11  12  13  14  15  16  17  \
0     2   3   7   8  18   4   0  10   6  19  17  16  14   1  15  12  11  13   
1     2   3   7   8  18   4   0  14   6  19  17  16  10   1  15  12  11  13   
2     2   3   7   8  18   4   0  10   6  19  17  16  14   1  15  12  11  13   
3     2   3   7   8  18   4   0  10   6  19  17  16  14   1  15  12  11  13   
4     2   3   7   8  18   4   0  10   6  19  17  16  14   1  15  12  11  13   
..   ..  ..  ..  ..  ..  ..  ..  ..  ..  ..  ..  ..  ..  ..  ..  ..  ..  ..   
495   2   3   7   8  18   4   0  10   6  19  17  16  14   1  15  12  11  13   
496   2   3   7   8  18   4   0  10   6  19  17  16  14   1  15  12  11  13   
497   2   3   7   8  18   4   0  10   6  19  17  16  14   1  15  12  11  13   
498   2   3   7   8  18   4   0  10   6  19  17  16  14   1  15  12  11  13   
499   2   3   7   8  18   4   0  10   6  19  17  16  14   1  15  12  11  13   

     18  19  
0     9   5  
1     9   5  
2     9   5  
3     9   5  
4     9   5  
..   ..  ..  
495   9   5  
496   9   5  
497   9   5  
498   9   5  
499   9   5  

[500 rows x 20 columns] 


População final de genótipos (elitismo)
      0   1   2   3   4   5   6   7   8   9   10  11  12  13  14  15  16  17  \
0     8  18   4   0  10   6  19  17  16  14   1  15  12  11  13   9   5   2   
1     8  18   4   0  10   6  19  17  16  14   1  15  12  11  13   9   5   2   
2     8  18   4   0  10   6  19  17  16  14   1  15  12  11  13   9   5   2   
3     8  18   4   0  10   6  19  17  16  14   1  15  12  11  13   9   5   2   
4     8  18   4   0  10   6  19  17  16  14   1  15  12  11  13   9   5   2   
..   ..  ..  ..  ..  ..  ..  ..  ..  ..  ..  ..  ..  ..  ..  ..  ..  ..  ..   
495   8  18   4   0  10   6  19  17  16  14   1  15  12  11  13   9   5   2   
496   8  18   4   0  10   6  19  17  16  14   1  15  12  11  13   9   5   2   
497   8  18   4   0  10   6  19  17  16  14   1  15  12  11  13   9   5   2   
498   8  18   4   0  10   6  19  17  16  14   1  15  12  11  13   9   5   2   
499   8  18   4   0  10   6  19  17  16  14   1  15  12  11  13   9   5   2   

     18  19  
0     3   7  
1     3   7  
2     3   7  
3     3   7  
4     3   7  
..   ..  ..  
495   3   7  
496   3   7  
497   3   7  
498   3   7  
499   3   7  

[500 rows x 20 columns] 


População final de genótipos (torneio)
      0   1   2   3   4   5   6   7   8   9   10  11  12  13  14  15  16  17  \
0    12  11  13   9   5   2   3   7   8  18   4   0  10   6  19  17  16  14   
1    12  11  13   9   5   2   3   7   8  18   4   0  10   6  19  17  16  14   
2    12  11  13   9   5   2   3   7   8  18   4   0  10   6  19  17  16  14   
3    12  11  13   9   5   2   3   7   8  18   4   0  10   6  19  17  16  14   
4    12  11  13   9   5   2   3   7   8  18   4   0  10   6  19  17  16  14   
..   ..  ..  ..  ..  ..  ..  ..  ..  ..  ..  ..  ..  ..  ..  ..  ..  ..  ..   
495  12  11  13   9   5   2   3   7   8  18   4   0  10   6  19  17  16  14   
496  12  11  13  19   9   5   2   3   7   8  18   4   0  10   6  17  16  14   
497  12  11  13   9   5   2   3   7   8  18   4   0  10   6  19  17  16  14   
498  12  11  13   9   5   2   3   7   8  18  16   4   0  10   6  19  17  14   
499  12   9  13  11   5   2   3   7   8  18  16   0  10   6  19  17   4  14   

     18  19  
0     1  15  
1     1  15  
2     1  15  
3     1  15  
4     1  15  
..   ..  ..  
495   1  15  
496   1  15  
497   1  15  
498   1  15  
499   1  15  

[500 rows x 20 columns] 


População final de genótipos (torneio)
      0   1   2   3   4   5   6   7   8   9   10  11  12  13  14  15  16  17  \
0    15  12  11  13   9   5   2   3   7   8  18   4   0  10   6  19  17  16   
1    15  12  11  13   9   5   2   3   7   8  18   4   0  10   6  19  17  16   
2    15  12  11  13   9   5   2   6   7   8  18   4   0  10   3  19  17  16   
3    15  12  11  13   9   5   2   3   7   8  18   4   0  10   6  19  17  16   
4    15  12  11  13   9   5   2   3   7   8  18   4   0  10   6  19  17  16   
..   ..  ..  ..  ..  ..  ..  ..  ..  ..  ..  ..  ..  ..  ..  ..  ..  ..  ..   
495  15  12  11  13   9   5   2   3   8   7  18   4   0  10   6  19  17  16   
496  15  12  11  13   9   5   2   3   7   8  18   4   0  10   6  19  17  16   
497  15  12  11  13   9   5   2   3   7   8  18   4   0  10   6  19  17  16   
498  15  12  11  13   9   0   8   3   7  14  18   4   5  10   6  19  17  16   
499  15  12  11  13   9   5   2   3   7   8  18   4   0  10   6  19  17  16   

     18  19  
0    14   1  
1    14   1  
2    14   1  
3    14   1  
4    14   1  
..   ..  ..  
495  14   1  
496  14   1  
497  14   1  
498   2   1  
499  14   1  

[500 rows x 20 columns] 


População final de genótipos (torneio)
      0   1   2   3   4   5   6   7   8   9   10  11  12  13  14  15  16  17  \
0     8   7   3   5   9   2  12   6  10  18   4  13  11  15   1  14  16  17   
1     8   7   3   5   9  13  12   6  10  18   4   2  11  15   1  14  16  17   
2     8   7   3   5   9  13  12   6  10  18   4   2  11  15   1  14  16  17   
3     8   7   3   5   9  13  12   6  10  18   4   2  11  15   1  14  16  17   
4     8   7   3   5   9  13  12   6  10  18   4   2  11  15   1  14  16  17   
..   ..  ..  ..  ..  ..  ..  ..  ..  ..  ..  ..  ..  ..  ..  ..  ..  ..  ..   
495   8   7   3   5   9  13  12   6  10  18   4   2  11  15   1  14  16  17   
496   8   7   3   5   9  13  12   6  10  18   4   2  11  15   1  14  16  17   
497   8   7   3   5   9  13  12   6  10  18   4   2  11  15   1  14  16  17   
498  19   7   3   5   9   8  13  12   6  10  18   4   2  11  15   1  14  16   
499   8   7   3   5   9  13  12   6  11  18   4   2  10  15   1  14  16  17   

     18  19  
0    19   0  
1    19   0  
2    19   0  
3    19   0  
4    19   0  
..   ..  ..  
495  19   0  
496  19   0  
497  19   0  
498  17   0  
499  19   0  

[500 rows x 20 columns] 


População final de genótipos (torneio)
      0   1   2   3   4   5   6   7   8   9   10  11  12  13  14  15  16  17  \
0     2   5   9  13  11  12  15   1  14  16  17  19   6  10   0   4  18   8   
1     2   5   9  13  11  12  15   1  14  16  17  19   6  10   0   4  18   8   
2     2   5   9  13  11  12  15   1  14  16  17  19   6  10   0   4  18   8   
3     2   5   9  13  11  12  15   1  14  16  17  19   6  10   0   4  18   8   
4     2   5   9  13  11  12  15   1  14  16  17  19   6  10   0   4  18   8   
..   ..  ..  ..  ..  ..  ..  ..  ..  ..  ..  ..  ..  ..  ..  ..  ..  ..  ..   
495   2   5   9  13  11  12  15   1  14  16  17  19   6  10   0   4  18   8   
496   2   5   9  13  11  12  15   1  14  16  17  19   6  10   0   4  18   8   
497   2   5   9  13  11  12  15   1  14  16  17  19   6  10   0   4  18   8   
498   2   5   9  13  11  12  15   1  14  16  17  19   6  10   0   4  18   8   
499   2   5   9  13  11  12  15   1  14  16  17  19   6  10   0   4  18   8   

     18  19  
0     7   3  
1     7   3  
2     7   3  
3     7   3  
4     7   3  
..   ..  ..  
495   7   3  
496   7   3  
497   7   3  
498   7   3  
499   7   3  

[500 rows x 20 columns] 


População final de genótipos (torneio)
      0   1   2   3   4   5   6   7   8   9   10  11  12  13  14  15  16  17  \
0    15  12  11  13   9   5   2   3   7   8  18   4   0  10   6  19  17  16   
1    15  12  11  13   9   5   2   3   7   8  18   4   0  10   6  19  17  16   
2    15  12  11  13   9   5   2   3   7   8  18   4   0  10   6  19  17  16   
3    15  12  11  13   9   5   2   3   7   8  18   4   0  10   6  19  17  16   
4    15  12  11  13   9   5   2   3   7   8  18   4   0  10   6  19  17  16   
..   ..  ..  ..  ..  ..  ..  ..  ..  ..  ..  ..  ..  ..  ..  ..  ..  ..  ..   
495  15  12  11  13   9   5   2   3   7   8  18   4   0  10   6  19  17  16   
496  15  12  11  13   9   5   2   3   7   8  18   4   0  10   6  19  17  16   
497  15  12  11  13   9   5   2   3   7   8  18   4   0  10   1   6  19  17   
498  15  12  11  13   9   5   2   3   7   8  18   4   0  10   6  19  17  16   
499  15  12  11  13   9   5   2   3   7   8  18   4   0  10   6  19  17  16   

     18  19  
0    14   1  
1    14   1  
2    14   1  
3    14   1  
4    14   1  
..   ..  ..  
495  14   1  
496  14   1  
497  16  14  
498  14   1  
499  14   1  

[500 rows x 20 columns] 


Tempo - Comparação de métodos heurísticos e aleatórios

Tempo elitismo -  25.65947275200051
Tempo torneio -  29.70087396499912
Tempo aleatório -  26.302954114000386

População final de genótipos (elitismo)
     0   1   2   3   4   5   6   7   8   9   ...  88  89  90  91  92  93  94  \
0    1  53  30  89  62  58  44  67  49  85  ...  25  82  68  31  61   0  88   
1    1  53  30  89  62  58  44  67  49  85  ...  25  82  68  31  61   0  88   
2    1  53  30  89  62  58  44  67  49  85  ...  25  82  68  31  61   0  88   
3    1  53  30  89  62  47  44  67  49  85  ...  25  82  68  31  61   0  88   
4    1  53  30  89  62  47  44  67  49  85  ...  25  82  68  31  61   0  88   
5    1  53  30  89  62  47  44  67  49  85  ...  25  82  68  31  61   0  88   
6    1  53  30  89  62  47  44  67  49  85  ...  25  82  68  31  61   0  88   
7    1  53  30  89  62  47  44  67  49  85  ...  25  82  68  31  61   0  88   
8    1  53  30  89  62  58  44  67  49  85  ...  25  82  68  31  61   0  88   
9    1  53  30  89  62  47  44  67  49  85  ...  25  82  68  31  61   0  88   
10   1  53  30  89  62  47  44  67  49  85  ...  25  82  68  31  61   0  88   
11   1  53  30  89  62  47  44  67  49  85  ...  25  82  68  31  61   0  88   
12   1  53  30  89  62  33  44  67  49  85  ...  25  82  68  31  61   0  88   
13   1  53  30  89  62  33  44  67  49  85  ...  25  82  68  31  61   0  88   
14   1  53  30  89  62  47  44  67  49  85  ...  25  82  68  31  61   0  88   
15   1  53  30  89  62  47  44  67  49  85  ...  25  82  68  31  61   0  88   
16   1  53  30  89  62  47  44  67  49  85  ...  25  82  68  31  61   0  88   
17   1  53  30  89  62  47  44  67  49  85  ...  25  82  68  31  61   0  88   
18   1  53  30  89  62  47  44  67  49  85  ...  25  82  68  31  61   0  88   
19   1  53  30  89  62  47  44  67  49  85  ...  25  82  68  31  61   0  88   
20   1  53  30  89  62  47  44  67  49  85  ...  25  82  68  31  61   0  88   
21   1  53  30  89  62  47  44  67  49  85  ...  25  82  68  31  61   0  88   
22   1  53  30  89  62  47  44  67  49  85  ...  25  82  68  31  61   0  88   
23   1  53  30  89  62  47  44  67  49  85  ...  25  82  68   0  31  61  88   
24   1  53  30  89  62  47  44  67  49  85  ...  25  82  68  31  61   0  88   
25   1  53  30  89  62  47  44  67  49  85  ...  25  82  68  31  61   0  88   
26   1  53  30  89  62  33  44  67  49  85  ...  25  82  68  31  61   0  88   
27   1  53  30  89  62  47  44  67  49  85  ...  25  82  68  31  61   0  88   
28   1  53  30  89  62  47  44  67  49  85  ...  25  82  68  31  61   0  88   
29   1  53  30  89  62  47  44  67  49  85  ...  25  82  68  31  61   0  88   
30   1  53  30  89  62  47  44  67  49  85  ...  25  82  68  31  61   0  88   
31   1  53  30  89  62  58  44  67  49  85  ...  25  82  68  31  61   0  88   
32   1  53  30  89  62  33  44  67  49  85  ...  25  82  68  31  61   0  88   
33   1  53  30  89  62  47  44  67  49  85  ...  25  82  68  31  61   0  88   
34   1  53  30  89  62  47  44  67  49  85  ...  25  82  68  31  61   0  88   
35   1  53  30  89  62  47  44  67  49  85  ...  25  82  68  31  61   0  88   
36   1  53  30  89  62  47  44  67  49  85  ...  25  82  68  31  61   0  88   
37   1  53  30  89  62  47  44  67  49  85  ...  25  82  68  31  61   0  88   
38   1  53  30  89  62  47  44  67  49  85  ...  25  82  68  31  61   0  88   
39   1  53  30  89  62  58  44  67  49  85  ...  25  82  68  31  61   0  88   
40   1  53  30  89  62  58  44  67  49  85  ...  25  82  68  31  61   0  88   
41   1  53  30  89  62  47  44  67  49  85  ...  25  82  68  31  61   0  88   
42   1  53  30  89  62  47  44  67  49  85  ...  25  82  68  31  61   0  88   
43   1  53  30  89  62  58  44  67  49  85  ...  25  82  68  31  61   0  88   
44   1  53  30  89  62  47  44  67  49  85  ...  25  82  68  31  61   0  88   
45   1  53  30  89  62  47  58  44  67  49  ...  25  82  68  31  61   0  88   
46   1  53  30  89  62  47  44  67  49  85  ...  25  82  68  31  61   0  88   
47   1  53  30  89  62  47  44  67  49  33  ...  25  82  68  31  61   0  88   
48   1  53  30  89  62  47  44  67  49  85  ...  25  82  68  31  61   0  88   
49   1  53  30  89  62  47  44  67  49  85  ...  25  82  68  31  61   0  88   

    95  96  97  
0    5  15  94  
1    5  15  94  
2    5  15  94  
3    5  15  94  
4    5  15  94  
5    5  15  94  
6    5  15  94  
7    5  15  94  
8    5  15  94  
9    5  15  94  
10   5  15  94  
11   5  15  94  
12   5  15  94  
13   5  15  94  
14   5  15  94  
15   5  15  94  
16   5  15  94  
17   5  15  94  
18  36  15  94  
19  36  15  94  
20   5  15  94  
21   5  15  94  
22   5  15  94  
23   5  15  94  
24   5  15  94  
25   5  15  94  
26   5  15  94  
27   5  15  94  
28   5  15  94  
29   5  15  94  
30  36  15  94  
31   5  15  94  
32   5  15  94  
33   5  15  94  
34   5  15  94  
35   5  15  94  
36   5  15  94  
37  36  15  94  
38   5  15  94  
39   5  15  94  
40   5  15  94  
41   5  15  94  
42   5  15  94  
43   5  15  94  
44   5  15  94  
45   5  15  94  
46   5  15  94  
47   5  15  94  
48   5  15  94  
49   5  15  94  

[50 rows x 98 columns] 


População final de genótipos (torneio)
     0   1   2   3   4   5   6   7   8   9   ...  88  89  90  91  92  93  94  \
0   92  31  21  60  83  75  34  73  90  41  ...  27  91  61  17  52  68  28   
1   92  31  21  60  83  75  34  73  90  41  ...  27  91  61  17  52  68  28   
2   92  31  21  60  83  75  34  73  90  41  ...  27  91  61  17  52  68  28   
3   92  31  21  60  83  75  34  73  90  41  ...  27  91  61  17  52  68  28   
4   92  31  21  60  83  75  34  73  90  41  ...  27  91  61  17  52  68  28   
5   92  31  21  60  83  75  34  73  90  41  ...  27  91  61  17  52  68  28   
6   92  31  21  60  83  75  34  73  90  41  ...  27  91  61  17  52  68  28   
7   92  31  21  60  83  75  34  73  90  41  ...  27  91  61  17  52  68  28   
8   92  31  21  60  83  75  34  73  90  41  ...  27  91  61  17  52  68  28   
9   92  31  21  60  83  75  34  73  90  41  ...  27  91  61  17  52  68  28   
10  92  31  21  60  83  75  34  73  90  41  ...  27  91  61  17  52  68  28   
11  92  31  21  60  83  75  34  73  90  41  ...  27  91  61  17  52  68  28   
12  92  31  21  60  83  75  34  73  90  41  ...  27  91  61  17  52  68  28   
13  92  31  21  60  83  75  34  73  90  41  ...  27  91  61  17  52  68  28   
14  92  31  21  60  83  75  34  73  90  41  ...  27  91  61  17  52  64  28   
15  92  31  21  60  83  75  34  73  90  41  ...  27  91  61  17  52  68  28   
16  92  31  21  60  83  75  34  69  90  41  ...  27  91  61  17  52  68  28   
17  92  27  21  60  83  75  34  73  90  41  ...  31  91  61  17  52  68  28   
18  92  31  21  60  83  75  34  73  90  41  ...  27  91  61  17  52  68  28   
19  92  31  21  60  83  75  34  73  90  41  ...  27  91  61  17  52  68  28   
20  92  31  21  60  83  75  34  73  90  41  ...  27  91  61  17  52  68  28   
21  92  31  21  60  83  75  34  73  90  41  ...  27  91  61  17  52  68  28   
22  92  31  21  60  83  75  34  73  90  41  ...  27  91  61  17  52  68  28   
23  92  31  21  60  83  75  34  73  90  41  ...  27  91  61  17  52  68  28   
24  92  31  21  60  83  75  55  73  90  41  ...  57  27  91  61  52  68  28   
25  92  31  21  60  83  75  34  73  90  41  ...  27  91  61  17  52  68  28   
26  92  31  21  60  83  75  34  73  90  41  ...  57  91  61  17  52  68  28   
27  92  31  21  60  83  75  34  73  90  41  ...  27  91  61  17  52  68  28   
28  92  31  21  60  83  75  34  73  90  41  ...  27  91  61  17  52  68  28   
29  92  31  21  60  83  75  34  73  90  41  ...  27  91  61  17  52  68  28   
30  92  27  21  60  83  75  34  73  90  41  ...  31  91  61  17  52  68  28   
31  92  31  21  60  83  75  34  73  90  41  ...  27  91  61  17  52  68  28   
32  92  31  21  60  83  75  34  73  90  41  ...  27  91  61  17  52  68  28   
33  92  31  21  60  83  75  34  73  90  41  ...  27  91  61  17  52  68  28   
34  92  31  21  60  83  75  34  73  90  41  ...  27  91  61  17  52  68  28   
35  92  31  21  60  83  75  34  73  90  41  ...  27  91  61  17  52  68  28   
36  92  31  21  60  83  75  34  73  90  41  ...  27  91  61  17  52  68  28   
37  92  31  21  60  83  75  34  73  90  41  ...  27  91  61  17  52  68  28   
38  92  31  21  60  83  75  34  73  90  41  ...  27  91  61  17  52  68  28   
39  92  31  21  60  83  75  34  73  90  41  ...  27  91  61  17  52  68  28   
40  92  31  21  60  83  75  34  73  90  41  ...  27  91  61  17  52  68  28   
41  92  31  21  60  83  75  34  73  90  41  ...  27  91  61  17  52  68  28   
42  92  31  21  60  83  75  34  73  90  41  ...  27  91  61  17  52  68  28   
43  92  31  21  60  83  75  34  73  90  41  ...  27  91  61  17  52  68  28   
44  92  31  21  60  83  75  34  73  90  41  ...  27  91  61  17  52  68  28   
45  92  31  21  60  83  75  34  73  90  41  ...  27  91  61  17  52  68  28   
46  92  31  21  60  83  75  34  73  90  41  ...  27  91  61  17  52  68  28   
47  92  31  21  60  83  75  34  73  90  41  ...  27  91  61  17  52  68  28   
48  92  31  21  60  83  75  34  73  90  41  ...  27  91  61  17  52  68  28   
49  92  31  21  60  83  75  34  73  90  41  ...  27  91  61  17  52  68  28   

    95  96  97  
0   59   6  37  
1   59   6  37  
2   59   6  37  
3   59   6  37  
4   59   6  37  
5   59   6  37  
6   59   6  37  
7   59   6  37  
8   59   6  37  
9   59   6  37  
10  59   6  37  
11  59   6  37  
12  59   6  37  
13  59   6  37  
14  59   6  37  
15  59   6  37  
16  59   6  37  
17  59   6  37  
18  59   6  37  
19  59   6  37  
20  59   6  37  
21  59   6  37  
22  59   6  37  
23  59   6  37  
24  59   6  37  
25  59   6  37  
26  59   6  37  
27  59   6  37  
28  59   6  37  
29  59   6  37  
30  59   6  37  
31  59   6  37  
32  59   6  37  
33  59   6  37  
34  59   6  37  
35  59   6  37  
36  59   6  37  
37  59   6  37  
38  59   6  37  
39  59   6  37  
40  59   6  37  
41  59   6  37  
42  59   6  37  
43  59   6  37  
44  59   6  37  
45  59   6  37  
46  59   6  37  
47  59   6  37  
48  59   6  37  
49  59   6  37  

[50 rows x 98 columns] 


População final de genótipos (elitismo)
      0   1   2   3   4   5   6   7   8   9   ...  88  89  90  91  92  93  94  \
0    45  79  15  12  32  84  19  25  81  28  ...  53   4   5  70  88  39  73   
1    45  79  15  12  32  84  19  25  81  28  ...  53   4   5  70  66  39  73   
2    45  79  15  12  32  84  19  25  81  28  ...  53   4   5  70  66  39  73   
3    45  79  15  12  32  84  19  25  81  28  ...  53   4   5  70  66  39  73   
4    45  79  15  12  32  84  19  25  81  28  ...  53   4   5  70  66  39  73   
..   ..  ..  ..  ..  ..  ..  ..  ..  ..  ..  ...  ..  ..  ..  ..  ..  ..  ..   
495  45  79  15  12  32  84  19  25  81  28  ...   4  53  94  70  66  39  73   
496  45  79  15  12  32  84  19  25  81  28  ...   4  53  94  89  66  39  73   
497  45  79  15  12  32  84  19  25  81  28  ...   4  53  94  70  66  39  73   
498  45  79  15  12  32  84  19  25  81  28  ...   4  53  94  70  66  39  73   
499  45  79  15  12  32  84  19  25  81  28  ...   4  53  94  70  66  39  73   

     95  96  97  
0    76  90  35  
1    76  90  35  
2    76  90  35  
3    76  90  35  
4    76  90  35  
..   ..  ..  ..  
495  76  90  35  
496  76  90  35  
497  76  90  35  
498  76  90  35  
499  76  90  35  

[500 rows x 98 columns] 


População final de genótipos (torneio)
      0   1   2   3   4   5   6   7   8   9   ...  88  89  90  91  92  93  94  \
0    15  12  82  84  81  54   2  64  14  10  ...  90  34  63  60  61  47  71   
1    15  12  82  84  81  54   2  64  14  10  ...  90  34  63  60  61  47  71   
2    15  12  82  84  81  54   2  64  14  10  ...  90  34  63  60  61  47  71   
3    15  12  82  84  81  54   2  64  14  10  ...  69  90  34  60  61  47  71   
4    15  12  82  84  81  54   2  64  14  10  ...  69  90  34  60  61  47  71   
..   ..  ..  ..  ..  ..  ..  ..  ..  ..  ..  ...  ..  ..  ..  ..  ..  ..  ..   
495  15  12  82  84  81  54   2  64  14  10  ...  90  34  63  60  61  47  71   
496  15  12  82  84  81  54   2  64  14  10  ...  90  34  63  60  61  47  71   
497  15  12  82  84  81  54   2  64  14  10  ...  69  90  34  60  61  47  71   
498  15  12  82  84  81  54   2  64  14  10  ...  69  90  34  60  61  47  71   
499  15  12  82  84  81  54   2  64  14  10  ...  90  34  60  61  47  71  48   

     95  96  97  
0    83  36  51  
1    83  36  51  
2    83  36  51  
3    83  36  51  
4    83  36  51  
..   ..  ..  ..  
495  83  36  51  
496  83  36  51  
497  83  36  51  
498  83  36  51  
499  83  36  51  

[500 rows x 98 columns] 


População final de genótipos (elitismo)
     0   1   2   3   4   5   6   7   8   9   ...  88  89  90  91  92  93  94  \
0   45  29  42  74  89  30  48  70  53  71  ...  68  77  58  19  81  33  94   
1   45  29  42  74  89  30  48  70  53  71  ...  68  77  58  19  81  33  94   
2   45  29  42  74  89  30  48  70  53  71  ...  68  77  58  19  81  33  94   
3   45  29  42  74  89  30  48  70  53  71  ...  68  77  58  19  81  33  94   
4   45  29  42  74  89  30  48  70  53  71  ...  68  77  58  19  81  33  94   
5   45  29  42  74  89  30  48  70  53  71  ...  68  77  58  19  81  33  94   
6   45  29  42  74  89  30  48  70  53  71  ...  68  77  58  19  81  33  94   
7   45  29  42  74  89  30  48  70  53  71  ...  68  77  58  19  81  33  94   
8   45  29  42  74  89  30  48  70  53  71  ...  68  77  58  19  81  33  94   
9   45  29  42  74  89  30  48  70  53  71  ...  68  77  58  19  81  33  94   
10  45  29  42  74  89  30  48  70  53  71  ...  68  77  58  19  81  33  94   
11  45  29  42  74  89  30  48  70  53  71  ...  68  77  58  19  81  33  94   
12  45  29  42  74  89  30  48  70  53  71  ...  68  77  58  19  81  33  94   
13  45  29  42  74  89  30  48  70  53  71  ...  68  77  58  19  81  33  94   
14  45  29  42  74  89  30  48  70  53  71  ...  68  77  58  19  81  33  94   
15  45  29  42  74  89  30  48  70  53  71  ...  68  77  58  19  81  33  94   
16  45  29  42  74  89  30  48  70  53  71  ...  68  77  58  19  81  33  94   
17  45  29  42  74  89  30  48  70  53  71  ...  68  77  58  19  81  33  94   
18  45  29  42  74  89  30  48  70  53  71  ...  68  77  58  19  81  33  94   
19  45  29  42  74  89  30  48  70  53  71  ...  68  77  58  19  81  33  94   
20  45  29  42  74  89  30  48  70  53  71  ...  68  77  58  19  81  33  94   
21  45  29  42  74  89  30  48  70  53  71  ...  68  77  58  19  81  33  94   
22  45  29  42  74  89  30  48  70  53  71  ...  68  77  58  19  81  33  94   
23  45  29  42  74  89  30  48  70  53  71  ...  68  77  58  19  81  33  94   
24  45  29  42  74  89  30  48  70  53  71  ...  68  77  58  19  81  33  94   
25  45  29  42  74  89  30  48  70  53  71  ...  68  77  58  19  81  33  94   
26  45  29  42  74  89  30  48  70  53  71  ...  68  77  58  19  81  33  94   
27  45  29  42  74  89  30  48  70  53  71  ...  68  77  58  19  81  33  94   
28  45  29  42  74  89  30  48  70  53  71  ...  68  77  58  19  81  33  94   
29  45  29  42  74  89  30  48  70  53  71  ...  68  77  58  19  81  33  94   
30  45  29  42  74  89  30  48  70  53  71  ...  68  77  58  19  81  33  94   
31  45  29  42  74  89  30  48  70  53  71  ...  68  77  58  19  81  33  94   
32  45  29  42  74  89  30  48  70  53  71  ...  68  77  58  19  81  33  94   
33  45  29  42  74  89  30  48  70  53  71  ...  68  77  58  19  81  33  94   
34  45  29  42  74  89  30  48  70  53  71  ...  68  77  58  19  81  33  94   
35  45  29  42  74  89  30  48  70  53  71  ...  68  77  58  19  81  33  94   
36  45  29  42  74  89  30  48  70  53  71  ...  68  77  58  19  81  33  94   
37  45  29  42  74  89  30  48  70  53  71  ...  68  77  58  19  81  33  94   
38  45  29  42  74  89  30  48  70  53  71  ...  68  77  58  19  81  33  94   
39  45  29  42  74  89  30  48  70  53  71  ...  68  77  58  19  81  33  94   
40  45  29  42  74  89  30  48  70  53  71  ...  68  77  58  19  81  33  94   
41  92  29  42  74  89  30  48  70  53  71  ...  68  77  58  19  81  33  94   
42  45  29  42  74  89  30  48  70  53  71  ...  68  77  58  19  81  33  94   
43  45  29  42  74  89  30  48  70  53  71  ...  68  77  58  19  81  33  94   
44  45  29  42  74  89  30  70  48  53  71  ...  68  77  58  19  81  33  94   
45  45  29  42  74  89  30  48  70  53  71  ...  68  77  58  19  81  33  94   
46  45  29  42  74  89  30  48  70  53  71  ...  68  77  58  19  81  33  94   
47  45  29  42  74  89  30  48  70  53  71  ...  68  77  58  19  81  33  94   
48  45  29  42  74  89  30  48  70  53  71  ...  68  77  58  19  81  33  94   
49  45  29  42  74  89  30  48  70  53  71  ...  68  77  58  19  81  33  94   

    95  96  97  
0   83  80  61  
1   83  80  61  
2   83  80  61  
3   83  80  61  
4   83  80  61  
5   83  80  61  
6   83  80  61  
7   83  80  61  
8   83  80  61  
9   83  80  61  
10  83  80  61  
11  83  80  61  
12  83  80  61  
13  83  80  61  
14  83  80  61  
15  83  80  61  
16  83  80  61  
17  83  80  61  
18  83  80  61  
19  83  80  61  
20  83  80  61  
21  83  80  61  
22  83  80  61  
23  83  80  61  
24  83  80  61  
25  83  80  61  
26  83  80  61  
27  83  80  61  
28  83  80  61  
29  83  80  61  
30  83  80  61  
31  83  80  61  
32  83  80  61  
33  83  80  61  
34  83  80  61  
35  83  80  61  
36  83  80  61  
37  83  80  61  
38  83  80  61  
39  83  80  61  
40  83  80  61  
41  83  80  61  
42  83  80  61  
43  83  80  61  
44  83  80  61  
45  83  80  61  
46  83  80  61  
47  83  80  61  
48  83  80  61  
49  83  80  61  

[50 rows x 98 columns] 


População final de genótipos (torneio)
     0   1   2   3   4   5   6   7   8   9   ...  88  89  90  91  92  93  94  \
0   92  22   5  65  67  41  64  54  82  78  ...  31  60  63  30  10   2  72   
1   92  22   5  65  67  82  41  64  78  85  ...  31  60  63  30  10   2  72   
2   92  22   5  65  67  41  64  78  85   3  ...  31  60  63  30  10   2  72   
3   92  22   5  65  67  82  41  64  78  85  ...  31  60  63  30  10   2  72   
4   92  22   5  65  67  82  41  64  78  85  ...  31  60  63  30  10   2  72   
5   92  22   5  65  67  82  41  64  54  85  ...  31  60  63  30  10   2  72   
6   92  22   5  65  67  82  41  64  54  85  ...  31  60  63  30  10   2  72   
7   92  22   5  65  67  41  64  54  85   3  ...  60  63  30  82  10   2  72   
8   92  22   5  65  67  41  64  54  85   3  ...  31  60  63  30  10   2  72   
9   92  22   5  65  67  82  41  64  78  85  ...  31  60  63  30  10   2  72   
10  92  22   5  65  67  41  64  54  85   3  ...  31  60  63  30  10   2  72   
11  92  22   5  65  67  41  64  54  85   3  ...  60  63  82  30  10   2  72   
12  92  22   5  65  67  82  41  64  78  85  ...  31  60  63  30  10   2  72   
13  92  22   5  65  67  82  41  64  78  85  ...  31  60  63  30  10   2  72   
14  92  22   5  65  67  82  41  64  78  85  ...  27  31  60  63  30  10   2   
15  92  22   5  65  67  41  64  78  85   3  ...  31  60  63  30  10   2  72   
16  92  22   5  65  67  82  41  64  78  85  ...  31  60  63  30  10   2  72   
17  92  22  46  65  67  82  41  64  78  85  ...  31  60  63  30  10   2  72   
18  92  22   5  65  67  82  41  64  78  85  ...  31  60  63  30  10   2  72   
19  92  22   5  65  67  41  64  54  85   3  ...  31  60  63  30  10   2  72   
20  92  22   5  65  67  41  64  54  85   3  ...  31  60  63  30  10   2  72   
21  92  22   5  65  67  41  64  54  85   3  ...  31  60  63  30  10   2   0   
22  92  22   5  65  67  41  64  78  85  28  ...  31  60  63  30  10   2  72   
23  92  22   5  65  67  41  64  54  85   3  ...  27  31  60  63  30  10   2   
24  92  22   5  65  67  82  41  64  78  85  ...  31  60  63  30  10   2  72   
25  92  22   5  65  67  41  64  78  85   3  ...  31  60  63  30  10   2  72   
26  92  22   5  65  67  82  41  64  54  85  ...  31  60  63  30  10   2  72   
27  92  22   5  65  67  82  41  64  54  85  ...  31  60  63  30  10   2  72   
28  92  22   5  65  67  41  64  78  85   3  ...  31  60  63  30  10   2  72   
29  92  22   5  65  67  41  64  54  85   3  ...  31  60  63  30  10   2  72   
30  92  22   5  65  67  82  41  64  78  85  ...  31  60  63  30  10   2  72   
31  92  22   5  65  67  41  64  54  82  78  ...  31  60  63  30  10   2  72   
32  92  22   5  65  67  82  41  64  78  85  ...  31  60  63  30  10   2  72   
33  92  22   5  65  67  41  64  54  85   3  ...  27  31  60  63  30  10   2   
34  92  22   5  65  67  82  41  64  78  85  ...  31  60  63  30  10   2  72   
35  92  22   5  65  67  41  64  54  85   3  ...  31  60  63  30  10   2  72   
36  92  22   5  65  67  41  64  78  85   3  ...  31  60  72  63  30  10   2   
37  92  22   5  65  67  82  41  64  78  85  ...  31  60  63  30  10   2  72   
38  92  22   5  65  67  82  41  64  78  85  ...  31  60  63  30  10   2  72   
39  92  22   5  65  67  82  41  64  54  85  ...  31  60  51  30  10   2  72   
40  92  22   5  65  67  41  64  78  85  28  ...  31  60  63  30  10   2  72   
41  92  22   5  65  67  82  41  64  78  85  ...  31  60  63  30  10   2  72   
42  92  22   5  65  67  82  41  64  78  85  ...  27  31  60  63  30  10   2   
43  92  22   5  65  67  41  64  78  85   3  ...  27  31  60  63  30  10   2   
44  92  22   5  65  67  82  41  64  54  85  ...  31  60  63  30  10   2  72   
45  92  22   5  65  67  41  64  54  85   3  ...  31  60  63  30  10   2  72   
46  92  22   5  65  67  82  41  64  78  85  ...  31  60  63  30  10   2  72   
47  92  22   5  65  67  82  41  64  78  85  ...  27  31  60  63  30  10   2   
48  92  22   5  65  67  41  64  54  85   3  ...  31  60  63  30  10  72   2   
49  92  22   5  65  67  82  41  64  78  85  ...  31  60  63  30  10   2  72   

    95  96  97  
0    4  75  68  
1    4  75  68  
2    4  75  68  
3    4  75  68  
4    4  75  68  
5    4  75  68  
6    4  75  68  
7    4  75  68  
8    4  75  68  
9    4  75  68  
10   4  75  68  
11   4  75  68  
12   4  75  68  
13   4  75  68  
14  72  75  68  
15   4  75  68  
16   4  75  68  
17  52  75  68  
18   4  75  68  
19   4  75  68  
20   4  75  68  
21   4  75  68  
22   4  75  68  
23   4  75  68  
24   4  75  68  
25   4  75  68  
26   4  75  68  
27   4  75  68  
28   4  75  68  
29  52  75  68  
30   4  75  68  
31   4  75  68  
32   4  75  68  
33   4  75  68  
34   4  75  68  
35   4  75  68  
36   4  75  68  
37   4  75  68  
38   4  75  68  
39   4  75  68  
40   4  75  68  
41   4  75  68  
42   4  75  68  
43   4  75  68  
44  52  75  68  
45   4  75  68  
46   4  75  68  
47  72  75  68  
48   4  75  68  
49   4  75  68  

[50 rows x 98 columns] 


População final de genótipos (elitismo)
      0   1   2   3   4   5   6   7   8   9   ...  88  89  90  91  92  93  94  \
0    50  83  20  75  93   1  47  61  34  80  ...  43  96   8  40  18  51  36   
1    50  83  20  75  93   1  47  61  34  80  ...  97  43  96  74  40  18  51   
2    50  83  20  75  93   1  47  61  34  80  ...  97  43  96  74  40  18  51   
3    50  83  20  75  93   1  47  61  34  80  ...  97  43  96  74  40  18  51   
4    50  83  20  75  93   1  47  61  34  80  ...  97  43  96  74  40  18  51   
..   ..  ..  ..  ..  ..  ..  ..  ..  ..  ..  ...  ..  ..  ..  ..  ..  ..  ..   
495  50  83  20  75  93   1  47  57  34  80  ...  97  43  96  74  40  18  51   
496  50  83  20  75  93   1  47  61  34  80  ...  43  96  74  40  18  51  36   
497  50  83  20  75  93   1  47  61  34  80  ...  97  43  96  74  40  18  51   
498  50  83  20  75  93   1  47  61  34  80  ...  43  96  74  40  18  51  36   
499  50  83  20  75  93   1  47  61  34  80  ...  97  43  96  74  40  18  51   

     95  96  97  
0    94  71  38  
1    94  71  38  
2    94  71  38  
3    94  71  38  
4    94  71  38  
..   ..  ..  ..  
495  94  71  38  
496  94  71  38  
497  94  71  38  
498  94  71  38  
499  94  71  38  

[500 rows x 98 columns] 


População final de genótipos (torneio)
      0   1   2   3   4   5   6   7   8   9   ...  88  89  90  91  92  93  94  \
0     3  83  38  68  71  76  34  63  90  73  ...  89  29  87  43  33   2  86   
1     3  83  38  68  71  76  63  34  90  73  ...  20  89  29  43  33   2  86   
2     3  83  38  68  71  76  63  34  90  73  ...  20  89  29  43  33   2  86   
3     3  83  38  68  71  76  63  34  90  73  ...  20  89  29  43  33   2  86   
4     3  83  38  68  71  76  34  63  90  73  ...  20  89  29  43  33   2  86   
..   ..  ..  ..  ..  ..  ..  ..  ..  ..  ..  ...  ..  ..  ..  ..  ..  ..  ..   
495   3  83  38  68  71  76  34  63  90  73  ...  51  29  87  43  33   2  86   
496   3  83  38  68  71  76  63  34  90  73  ...  89  29  87  43  33   2  86   
497   3  83  38  68  71  76  63  34  90  73  ...  51  29  87  43  33   2  86   
498   3  83  38  68  71  76  34  63  90  73  ...  51  29  87  43  33   2  86   
499   3  83  38  68  71  76  63  34  90  73  ...  51  29  87  43  33   2  86   

     95  96  97  
0    81  25  19  
1    81  25  19  
2    81  25  19  
3    81  25  19  
4    81  25  19  
..   ..  ..  ..  
495  81  25  19  
496  81  25  19  
497  81  25  19  
498  81  25  19  
499  81  25  19  

[500 rows x 98 columns] 


População final de genótipos (elitismo)
     0   1   2   3   4   5   6   7   8   9   ...  88  89  90  91  92  93  94  \
0   91  19  86  44  42  39  11  29  12  63  ...  49  40   3  75  94  33  21   
1   91  19  86  44  42  39  11  29  12  63  ...  49  40   3  75  94  33  21   
2   91  19  86  44  42  39  11  29  12  63  ...  49  40   3  75  94  33  21   
3   91  19  86  44  42  39  11  29  12  63  ...  49  65  75  94  45  33  21   
4   91  19  86  44  42  39  11  29  12  63  ...  49  40   3  75  94  33  21   
5   91  19  86  44  42  39  11  29  12  63  ...  49  40   3  75  94  33  21   
6   91  19  86  44  42  39  11  29  12  63  ...  49  40   3  75  94  33  21   
7   91  19  86  44  42  39  11  29  12  63  ...  49  40   3  75  94  33  21   
8   91  19  86  44  42  39  82  29  12  63  ...  49  40   3  75  94  33  21   
9   91  19  86  44  42  39  11  29  12  63  ...  49  40   3  75  94  33  21   
10  91  19  86  44  42  39  11  29  12  63  ...  85  49   3  38  94  33  21   
11  91  19  86  44  30  39  42  11  29  12  ...  49  40   3  75  94  33  21   
12  91  19  86  44  42  39  11  29  12  63  ...  49  40   3  75  94  33  21   
13  91  19  86  44  42  39  11  29  12  63  ...  49  40   3  75  94  33  21   
14  91  19  86  44  42  39  11  29  12  63  ...  49  40   3  75  94  33  21   
15  91  19  86  44  42  39  11  29  12  63  ...  49  40   3  75  94  33  21   
16  91  19  86  44  42  39  11  29  12  63  ...  49  40   3  75  94  33  21   
17  91  19  86  44  42  39  11  29  12  63  ...  49  40   3  75  94  33  21   
18  91  19  86  44  42  39  11  29  12  63  ...  49  40   3  75  94  33  21   
19  91  19  86  44  42  39  11  29  12  63  ...  49  40   3  75  94  33  21   
20  91  19  86  44  42  39  11  29  12  63  ...  49  40   3  75  94  33  21   
21  91  19  86  44  42  39  11  29  12  63  ...  49  40   3  75  94  33  21   
22  91  19  86  44  42  39  11  29  12  63  ...  85  49   3  75  94  33  21   
23  91  19  86  44  42  39  11  29  12  63  ...  85  49   3  75  94  33  21   
24  91  19  86  44  42  39  11  29  12  63  ...  85  49   3  75  94  33  21   
25  91  19  86  44  42  39  11  29  12  63  ...  49  40   3  75  94  33  21   
26  91  19  86  44  42  39  11  29  12  63  ...  85  49   3  75  94  33  21   
27  91  19  86  44  42  39  11  29  12  63  ...  49  40   3  75  94  33  21   
28  91  19  86  44  42  39  11  29  12  63  ...  49  40   3  75  94  33  21   
29  91  19  86  44  42  39  11  29  12  63  ...  49  40   3  75  94  33  21   
30  91  19  86  44  42  39  11  29  12  63  ...  49  40   3  75  94  33  21   
31  91  19  86  44  42  39  11  29  12  63  ...  49  40   3  75  94  33  21   
32  91  19  86  44  42  39  11  29  12  63  ...  49  40   3  75  94  33  21   
33  91  19  86  44  42  39  11  29  12  63  ...  85  49   3  75  94  33  21   
34  91  19  86  44  42  39  11  29  12  63  ...  85  49   3  75  94  33  21   
35  91  19  86  44  30  39  42  11  29  12  ...  16  85  49   3  94  33  21   
36  91  19  86  44  42  39  11  29  12  63  ...  49  40   3  75  94  33  21   
37  91  19  86  44  42  39  11  29  12  63  ...  85  49   3  38  94  33  21   
38  91  19  86  44  42  39  11  29  12  63  ...  49  40   3  75  94  33  21   
39  91  19  86  44  42  39  11  29  12  63  ...  49  40   3  75  94  33  21   
40  91  19  86  44  42  39  11  29  12  63  ...  49  40   3  75  94  33  21   
41  91  19  86  44  42  39  11  29  12  63  ...  40  49   3  75  94  33  21   
42  91  19  86  44  42  39  11  29  12  63  ...  49  40   3  75  94  33  21   
43  91  19  86  44  42  39  11  29  12  63  ...  85  49   3  75  94  33  21   
44  91  19  86  44  42  39  11  29  12  63  ...  49  40   3  75  94  33  21   
45  91  19  86  44  42  39  11  29  12  63  ...  49  40   3  75  94  33  21   
46  91  19  86  44  42  39  11  29  12  63  ...  49  40   3  75  94  33  21   
47  91  19  86  44  42  39  11  29  12  63  ...  49  65  75  94  45  33  21   
48  91  19  86  44  42  39  11  29  12  63  ...  49  40   3  75  94  33  21   
49  91  19  86  44  42  39  11  29  12  63  ...  49  40   3  75  94  33  21   

    95  96  97  
0   23  81  28  
1   23  81  28  
2   23  81  28  
3   23  81  28  
4   23  81  28  
5   23  81  28  
6   23  81  28  
7   23  81  28  
8   23  81  28  
9   23  81  28  
10  23  81  28  
11  23  81  28  
12  23  81  28  
13  23  81  28  
14  23  81  28  
15  23  81  28  
16  23  81  28  
17  23  81  28  
18  23  81  28  
19  23  81  28  
20  23  81  28  
21  23  81  28  
22  23  81  28  
23  23  81  28  
24  23  81  28  
25  23  81  28  
26  23  81  28  
27  23  81  28  
28  23  81  28  
29  23  81  28  
30  23  81  28  
31  23  81  28  
32  23  81  28  
33  23  81  28  
34  23  81  28  
35  23  81  28  
36  23  81  28  
37  23  81  28  
38  23  81  28  
39  23  81  28  
40  23  81  28  
41  23  81  28  
42  23  81  28  
43  23  81  28  
44  23  81  28  
45  23  81  28  
46  23  81  28  
47  23  81  28  
48  23  81  28  
49  23  81  28  

[50 rows x 98 columns] 


População final de genótipos (torneio)
     0   1   2   3   4   5   6   7   8   9   ...  88  89  90  91  92  93  94  \
0   66  49  55  26  22  42  96  25  74  34  ...  83   1  80  30  16  72  12   
1   66  49  55  84  26  22  42  96  25  74  ...  83   1  80  30  16  72  12   
2   66  49  55  26  22  42  96  25  74  34  ...  83   1  80  30  16  72  12   
3   66  49  55  26  22  42  96  25  74  34  ...  83   1  80  30  16  72  12   
4   66  49  55  26  22  42  96  25  74  34  ...  83   1  80  30  16  72  12   
5   66  49  55  26  22  42  96  25  74  34  ...  83   1  80  30  16  72  12   
6   66  49  55  26  22  42  96  25  74  34  ...  83   1  80  30  16  72  12   
7   66  49  55  26  22  42  96  25  74  34  ...  83   1  80  30  16  72  12   
8   66  49  55  26  22  42  96  25  74  34  ...  83   1  80  30  16  72  12   
9   66  49  55  26  22  42  96  25  74  34  ...  83   1  80  30  16  72  12   
10  66  49  55  26  22  42  96  25  74  34  ...  83   1  80  30  16  72  12   
11  66  49  55  26  22  42  96  25  74  34  ...  83   1  80  30  16  72  12   
12  66  49  55  26  22  42  96  25  74  34  ...  83   1  80  30  16  72  12   
13  66  49  84  26  22  42  96  25  74  34  ...  83   1  80  30  16  72  12   
14  66  49  55  26  22  42  96  25  74  34  ...  83   1  80  30  16  72  12   
15  66  49  55  26  76  42  96  25  74  34  ...  83   1  15  30  16  72  12   
16  66  49  55  26  22  42  96  25  74  34  ...  83   1  80  30  16  72  12   
17  66  49  55  26  22  42  96  25  74  34  ...  83   1  80  30  16  72  12   
18  66  49  55  26  22  42  96  25  74  34  ...  83   1  80  30  16  72  12   
19  66  49  55  26  22  42  96  25  74  34  ...  83   1  80  30  16  72  12   
20  66  49  55  26  22  42  96  25  74  34  ...  83   1  80  30  16  72  12   
21  66  49  55  26  22  42  96  25  74  34  ...  83   1  80  30  16  72  12   
22  66  49  55  26  22  42  96  25  74  34  ...  83   1  80  30  16  72  12   
23  66  49  55  26  22  42  96  25  74  34  ...  83   1  80  30  16  72  12   
24  66  49  55  26  22  42  96  25  74  34  ...  83   1  80  30  16  72  12   
25  66  49  55  26  22  42  96  25  74  34  ...  83   1  80  30  16  72  12   
26  66  49  55  26  22  42  96  25  74  34  ...  83   1  80  30  16  72  12   
27  66  49  55  26  22  42  96  25  74  34  ...  83   1  80  30  16  72  12   
28  66  49  55  26  22  42  96  25  74  34  ...  83   1  80  30  16  72  12   
29  66  49  55  26  22  42  96  25  74  34  ...  83   1  80  30  16  72  12   
30  66  49  55  26  22  42  96  25  74  34  ...  83   1  80  30  16  72  12   
31  66  49  55  26  22  42  96  25  74  34  ...  83   1  80  30  16  72  12   
32  66  49  55  26  22  42  96  25  74  34  ...  83   1  80  30  16  72  12   
33  66  49  55  26  22  42  96  25  74  34  ...  83   1  80  30  16  72  12   
34  66  49  55  26  22  42  96  25  74  34  ...  83   1  80  30  16  72  12   
35  66  49  55  26  22  42  96  25  74  34  ...  83   1  80  30  16  72  12   
36  66  49  55  26  22  42  96  25  74  34  ...  83   1  80  30  16  72  12   
37  66  49  55  26  22  42  96  25  74  34  ...  83   1  80  30  16  72  12   
38  66  49  55  26  22  42  96  25  74  34  ...  83   1  80  30  16  72  12   
39  66  49  55  26  22  42  96  25  74  34  ...  83   1  80  30  16  72  12   
40  66  49  55  26  22  42  96  25  74  34  ...  83   1  80  30  16  72  12   
41  66  49  55  26  22  42  96  25  74  34  ...  83   1  80  30  16  72  12   
42  66  49  55  26  22  42  96  25  74  34  ...  83   1  80  30  16  72  12   
43  66  49  55  26  22  42  96  25  74  34  ...  83   1  80  30  16  72  12   
44  66  49  55  26  22  42  96  25  74  34  ...  83   1  80  30  16  72  12   
45  66  49  55  26  22  42  96  25  74  34  ...  83   1  80  30  16  72  12   
46  66  49  55  26  22  42  96  25  74  34  ...  83   1  80  30  16  72  12   
47  66  49  55  26  22  42  96  25  74  34  ...  83   1  80  30  16  72  12   
48  66  49  55  26  22  42  96  25  74  34  ...  83   1  80  30  16  72  12   
49  66  49  55  26  22  42  96  25  74  34  ...  83   1  80  30  16  72  12   

    95  96  97  
0   21  54  59  
1   21  54  59  
2   21  54  59  
3   21  54  59  
4   21  54  59  
5   21  54  59  
6   21  54  59  
7   21  54  59  
8   21  54  59  
9   21  54  59  
10  21  54  59  
11  21  54  59  
12  21  54  59  
13  21  54  59  
14  21  54  59  
15  21  54  59  
16  21  54  59  
17  21  54  59  
18  21  54  59  
19  21  54  59  
20  21  54  59  
21  21  54  59  
22  21  54  59  
23  21  54  59  
24  21  54  59  
25  21  54  59  
26  21  54  59  
27  21  54  59  
28  21  54  59  
29  21  54  59  
30  21  54  59  
31  21  54  59  
32  21  54  59  
33  21  54  59  
34  21  54  59  
35  21  54  59  
36  21  54  59  
37  21  54  59  
38  21  54  59  
39  21  54  59  
40  21  54  59  
41  21  54  59  
42  21  54  59  
43  21  54  59  
44  21  54  59  
45  21  54  59  
46  21  54  59  
47  21  54  59  
48  21  54  59  
49  21  54  59  

[50 rows x 98 columns] 


População final de genótipos (elitismo)
      0   1   2   3   4   5   6   7   8   9   ...  88  89  90  91  92  93  94  \
0    75  93   1  47  34  63  22  95  12  15  ...  20  48   3  62  59   2  26   
1    75  93   1  47  34  63  22  95  12  15  ...  20  48   3  62  59   2  26   
2    75  93   1  47  34  63  22  95  12  15  ...  20  48   3  62  59   2  26   
3    75  93   1  47  34  63  22  95  12  15  ...  20  48   3  62  59   2  26   
4    75  93   1  47  34  63  22  95  12  15  ...  20  48   3  62  59   2  26   
..   ..  ..  ..  ..  ..  ..  ..  ..  ..  ..  ...  ..  ..  ..  ..  ..  ..  ..   
495  75  93   1  47  34  63  22  95  12  15  ...  20  48   3  62  59   2  26   
496  75  93   1  47  34  63  22  95  12  15  ...  20  48   3  62  59   2  26   
497  75  93   1  47  34  63  22  95  12  15  ...  20  48   3  62  59   2  26   
498  75  93   1  47  34  63  22  95  12  15  ...  20  48   3  62  59   2  26   
499  75  93   1  47  34  63  22  95  12  15  ...  20  48   3  62  59   2  26   

     95  96  97  
0    31  45  71  
1    31  45  71  
2    31  45  71  
3    31  45  71  
4    31  45  71  
..   ..  ..  ..  
495  31  45  71  
496  31  45  71  
497  31  45  71  
498  31  45  71  
499  31  45  71  

[500 rows x 98 columns] 


População final de genótipos (torneio)
      0   1   2   3   4   5   6   7   8   9   ...  88  89  90  91  92  93  94  \
0    29  87  62  43  18  74  25  37  64  82  ...   9  27  91  23   2  59  86   
1    29  72  62  43  18  74  37  64  82  78  ...   9  27  91  23   2  59  86   
2    29  72  62  43  18  74  37  64  82  78  ...   9  27  91  23   2  59  86   
3    29  72  62  43  18  74  37  64  82  78  ...   9  27  91  23   2  59  86   
4    29  72  62  43  18  74  37  64  82  78  ...   9  27  91  23   2  59  86   
..   ..  ..  ..  ..  ..  ..  ..  ..  ..  ..  ...  ..  ..  ..  ..  ..  ..  ..   
495  29  72  62  43  18  74  37  64  82  78  ...   9  27  91  23   2  59  86   
496  29  72  62  43  18  74  37  64  82  78  ...   9  27  91  23   2  59  86   
497  29  72  62  43  18  74  37  64  82  78  ...   9  27  91  23   2  59  86   
498  29  72  62  43  18  74  37  64  82  78  ...   9  27  91  23   2  59  86   
499  29  72  62  43  18  74  37  64  82  78  ...   9  27  91  23   2  59  86   

     95  96  97  
0    54  81  28  
1    54  81  28  
2    54  28  81  
3    54  81  28  
4    54  28  81  
..   ..  ..  ..  
495  54  81  28  
496  54  81  28  
497  54  81  28  
498  54  81  28  
499  54  81  28  

[500 rows x 98 columns] 


População final de genótipos (elitismo)
     0   1   2   3   4   5   6   7   8   9   ...  88  89  90  91  92  93  94  \
0   47  94  55   7  84  15  93  38  69  45  ...  26  13   0  88  40  62  77   
1   47  94  55   7  84  15  93  38  69  45  ...  26  13   0  88  40  62  77   
2   47  94  55   7  84  15  93  38  69  45  ...  26  13   0  88  40  62  77   
3   47  94  55   7  84  15  93  38  69  45  ...  26  13   0  88  40  62  77   
4   47  94  55   7  84  15  93  38  69  45  ...  26  13   0  88  40  62  77   
5   47  94  55   7  84  15  93  38  69  45  ...  26  13   0  88  40  62  77   
6   47  94  55   7  84  15  93  38  69  45  ...   0  88  97  42  40  62  77   
7   47  94  55   7  84  15  93  38  69  45  ...  26  13   0  88  40  62  77   
8   47  94  55   7  84  15  93  38  69  45  ...  26  13   0  88  40  62  77   
9   47  94  55   7  84  15  93  38  69  45  ...   0  88  30  40  62  77  87   
10  47  94  55   7  84  22  93  38  69  45  ...   0  88  97  40  62  77  87   
11  47  94  55   7  84  15  93  38  69  45  ...   0  88  97  40  62  77  87   
12  47  94  55   7  84  15  93  38  69  45  ...   0  88  97  40  62  77  87   
13  47  94  55   7  84  15  93  38  69  45  ...  26  13   0  88  40  62  77   
14  47  94  55   7  84  15  93  38  69  45  ...  26  13   0  88  40  62  77   
15  47  94  55   7  84  15  93  38  69  45  ...  26  13   0  88  40  62  77   
16  47  94  55   7  84  15  93  38  69  45  ...   0  88  30  40  62  77  87   
17  47  94  55   7  84  15  93  38  69  45  ...  13   0  88  97  40  62  77   
18  79  94  55   7  84  15  93  38  69  45  ...  26  13   0  88  40  62  77   
19  47  94  55   7  84  15  93  38  69  45  ...  26  13   0  88  40  62  77   
20  47  94  55   7  84  15  93  38  69  45  ...  26  13   0  88  40  62  77   
21  47  94  55   7  84  15  93  38  69  45  ...  26  13   0  88  40  62  77   
22  47  94  55   7  84  15  93  38  69  45  ...   0  88  97  40  62  77  87   
23  47  94  55   7  84  15  93  38  69  45  ...   0  88  30  40  62  77  87   
24  47  94  55   7  84  15  93  38  69  45  ...   0  88  97  40  62  77  87   
25  47  94  55   7  84  15  93  38  69  45  ...  13   0  88  97  40  62  77   
26  47  94  55   7  84  15  93  38  69  45  ...  26  13   0  88  40  62  77   
27  47  94  55   7  84  15  93  38  69  45  ...  26  13   0  88  40  62  77   
28  47  94  55   7  84  15  93  38  69  45  ...  26  13   0  88  40  62  77   
29  47  94  55   7  84  15  93  38  69  45  ...  26  13   0  88  40  62  77   
30  47  94  55   7  84  15  93  38  69  45  ...   0  88  30  65  62  77  87   
31  47  94  55   7  84  15  93  38  69  45  ...  26  13   0  88  40  62  77   
32  47  94  55   7  84  15  93  38  69  45  ...  26  13   0  88  40  62  77   
33  47  94  55   7  84  15  93  38  69  45  ...  26  13   0  88  40  62  77   
34  47  94  55   7  84  15  93  38  69  45  ...  26  13   0  88  40  62  77   
35  47  94  55   7  84  15  93  38  69  45  ...  26  13   0  88  40  62  77   
36  47  94  55   7  84  15  93  38  69  45  ...  26  13   0  88  40  62  77   
37  47  94  55   7  84  15  93  38  69  45  ...  26  13   0  88  40  62  77   
38  47  94  55   7  84  15  93  38  69  45  ...  26  13   0  88  40  62  77   
39  47  94  55   7  84  15  93  38  69  45  ...  26  13   0  88  40  62  77   
40  47  94  55   7  84  15  93  38  69  45  ...   0  88  97  40  62  77  87   
41  47  94  55   7  84  15  93  38  69  45  ...  26  13   0  88  40  62  77   
42  47  94  55   7  84  15  93  38  69  45  ...  26  13   0  88  40  62  77   
43  47  94  55   7  84  15  93  38  69  45  ...  26  13   0  88  40  62  77   
44  47  94  55   7  84  15  93  38  69  45  ...  26  13   0  88  40  62  77   
45  79  94  55   7  84  15  93  38  69  45  ...  26  13   0  88  40  62  77   
46  47  94  55   7  84  15  93  38  69  45  ...  26  13   0  88  40  62  77   
47  47  94  55   7  84  15  93  38  69  45  ...  26  13   0  88  40  62  77   
48  47  94  55   7  84  15  93  38  69  45  ...  26  13   0  88  40  62  77   
49  47  94  55   7  84  15  93  38  69  45  ...  13   0  88  97  40  62  77   

    95  96  97  
0   87  39  82  
1   87  39  82  
2   87  39  82  
3   87  39  82  
4   87  39  82  
5   87  39  82  
6   87  39  82  
7   87  39  82  
8   87  39  82  
9   39  68  82  
10  39  42  82  
11  39  42  82  
12  39  42  82  
13  87  39  82  
14  87  39  82  
15  87  39  82  
16  39  68  82  
17  87  39  82  
18  87  39  82  
19  87  39  82  
20  87  39  82  
21  87  39  82  
22  39  68  82  
23  39  68  82  
24  39  68  82  
25  87  39  82  
26  87  39  82  
27  87  39  82  
28  87  39  82  
29  87  39  82  
30  39  68  82  
31  87  39  82  
32  87  39  82  
33  87  39  82  
34  87  39  82  
35  87  39  82  
36  87  39  82  
37  87  39  82  
38  87  39  82  
39  87  39  82  
40  39  68  82  
41  87  39  82  
42  87  39  82  
43  87  39  82  
44  87  39  82  
45  87  39  82  
46  87  39  82  
47  87  39  82  
48  87  39  82  
49  87  39  82  

[50 rows x 98 columns] 


População final de genótipos (torneio)
     0   1   2   3   4   5   6   7   8   9   ...  88  89  90  91  92  93  94  \
0   51  36  25  59  14  81  49  79  26   9  ...  68  13  60  96  62  28  24   
1   51  36  25  59  14  81  49  79  26   9  ...  13  63  60  96  62  28  24   
2   51  36  25  59  14  39  49  79  26   9  ...  13  63  60  96  62  28  24   
3   51  36  25  59  14  81  49  79  26   9  ...  13  63  60  96  62  28  24   
4   51  36  25  59  14  81  49  79  26   9  ...  13  63  60  96  62  28  24   
5   51  36  25  59  14  81  49  79  26   9  ...  13  63  60  96  62  28  24   
6   51  36  25  59  14  81  49  79  26   9  ...  13  63  60  96  62  28  24   
7   51  36  25  59  14  81  49  79  26   9  ...  13  63  60  96  62  28  24   
8   51  36  25  59  14  81  49  79  26   9  ...  13  63  60  96  62  28  24   
9   51  36  25  59  14  81  49  79  26   9  ...  13  63  60  96  62  28  24   
10  51  36  25  59  14  81  49  79  26   9  ...  13  96  62  28  24  39  37   
11  51  36  25  59  14  81  49  79  26   9  ...  13  96  62  28  24  39  37   
12  51  36  25  59  14  81  49  79  26   9  ...  13  96  62  28  24  39  37   
13  51  36  25  59  14  81  49  79  26   9  ...  13  96  62  28  24  39  37   
14  51  36  25  59  14  81  49  58  26   9  ...  13  96  63  60  62  28  24   
15  51  36  25  59  14  81  49  79  26   9  ...  13  96  63  60  62  28  24   
16  51  36  25  59  14  81  49  79  26   9  ...  68  13  60  96  62  28  24   
17  51  36  25  59  14  81  49  79  26   9  ...  13  96  62  28  24  39  37   
18  51  36  25  59  14  81  49  79  26   9  ...  13  63  60  96  62  28  24   
19  51  36  25  59  14  81  49  79  26   9  ...  13  63  60  96  62  28  24   
20  51  36  25  59  14  81  49  79  26   9  ...  13  96  63  60  62  28  24   
21  51  36  25  59  14  81  49  79  26   9  ...  13  63  60  96  62  28  24   
22  51  36  25  59  14  81  49  79  26   9  ...  13  60  96  62  28  24  39   
23  51  36  25  59  14  81  49  79  26   9  ...  13  96  63  60  62  28  24   
24  51  36  25  59  14  81  49  79  26   9  ...  13  96  63  60  62  28  24   
25  51  36  25  59  14  81  49  79  26   9  ...  13  63  60  96  62  28  24   
26  51  36  25  59  14  81  49  79  26   9  ...  68  13  60  96  62  28  24   
27  51  36  25  59  14  81  49  79  26   9  ...  13  63  60  96  62  28  24   
28  51  36  25  59  14  81  49  79  26   9  ...  13  63  60  96  62  28  24   
29  51  36  25  59  14  81  49  79  26   9  ...  13  63  60  96  62  28  24   
30  51  36  25  59  14  39  49  79  26   9  ...  68  13  63  60  96  62  28   
31  51  36  25  59  14  81  49  79  26   9  ...  13  96  63  60  62  28  24   
32  51  36  25  59  14  81  49  79  26   9  ...  13  96  62  28  24  39  37   
33  51  36  25  59  14  81  49  79  26   9  ...  68  13  60  96  62  28  24   
34  51  36  25  59  14  81  49  79  26   9  ...  13  96  62  28  24  39  37   
35  51  36  25  59  14  81  49  79  26   9  ...  13  63  60  96  62  28  24   
36  51  36  25  59  14  81  49  79  26   9  ...  13  60  96  62  28  24  39   
37  51  36  25  59  14  81  49  79  26   9  ...  13  63  60  96  62  28  24   
38  51  36  25  59  14  81  49  79  26   9  ...  13  63  60  96  62  28  24   
39  51  36  25  59  14  81  49  79  26   9  ...  13  96  62  28  24  39  37   
40  51  36  25  59  14  81  49  79  26   9  ...  13  96  62  28  24  39  37   
41  51  36  25  59  14  81  49  79  26   9  ...  13  63  60  96  62  28  24   
42  51  36  25  59  14  81  49  79  26   9  ...  68  13  60  96  62  28  24   
43  51  36  25  59  14  81  49  79  26   9  ...  13  63  60  96  62  28  24   
44  51  36  25  59  14  81  49  79  26   9  ...  13  96  62  28  24  39  37   
45  51  36  25  59  14  81  49  79  26   9  ...  13  96  63  60  62  28  24   
46  51  36  25  59  14  81  49  79  26   9  ...  13  63  60  96  62  28  24   
47  51  36  25  59  14  81  49  79  26   9  ...  13  96  62  28  24  39  37   
48  51  36  25  59  14  81  49  79  26   9  ...  13  63  60  96  62  28  24   
49  51  36  25  59  14  81  49  79  26   9  ...  13  63  60  96  62  28  24   

    95  96  97  
0   39  37  78  
1   39  37  78  
2   81  37  78  
3   39  37  78  
4   39  37  78  
5   39  37  78  
6   39  37  78  
7   39  37  78  
8   39  37  78  
9   39  37  78  
10  63  60  78  
11  63  60  78  
12  63  60  78  
13  63  60  78  
14  39  37  78  
15  39  37  78  
16  39  37  78  
17  63  60  78  
18  39  37  78  
19  39  37  78  
20  39  37  78  
21  39  37  78  
22  37  63  78  
23  39  37  78  
24  39  37  78  
25  39  37  78  
26  39  37  78  
27  39  37  78  
28  39  37  78  
29  39  37  78  
30  24  37  78  
31  39  37  78  
32  63  60  78  
33  39  37  78  
34  63  60  78  
35  39  37  78  
36  37  63  78  
37  39  37  78  
38  39  37  78  
39  63  60  78  
40  63  60  78  
41  39  37  78  
42  39  37  78  
43  39  37  78  
44  63  60  78  
45  39  37  78  
46  39  37  78  
47  63  60  78  
48  39  37  78  
49  39  37  78  

[50 rows x 98 columns] 


População final de genótipos (elitismo)
      0   1   2   3   4   5   6   7   8   9   ...  88  89  90  91  92  93  94  \
0    22  95  92  17  26  21  23  27  59   6  ...  10  14  64   2  91  57  13   
1    22  95  92  17  26  21  23  27  59   6  ...  10  14  64   2  91  57  13   
2    22  95  92  17  26  21  23  27  59   6  ...  10  14  64   2  91  57  13   
3    22  95  92  17  26  21  23  27  59   6  ...  10  14  64   2  91  57  13   
4    22  95  92  17  26  21  23  27  59   6  ...  10  14  64   2  91  57  13   
..   ..  ..  ..  ..  ..  ..  ..  ..  ..  ..  ...  ..  ..  ..  ..  ..  ..  ..   
495  22  95  92  17  26  21  23  27  59   6  ...  10  14  64   2  91  57  13   
496  22  95  92  17  26  21  23  27  59   6  ...  10  14  91   2  64  57  13   
497  22  95  92  17  26  21  23  27  59   6  ...  10  14  64   2  91  57  13   
498  22  95  92  17  26  21  23  27  59   6  ...  10  14  91   2  64  57  13   
499  22  95  92  17  26  21  23  27  59   6  ...  10  14  64   2  91  57  13   

     95  96  97  
0    31   0  88  
1    31   0  88  
2    31   0  88  
3    31   0  88  
4    31   0  88  
..   ..  ..  ..  
495  31   0  88  
496  31   0  88  
497  31   0  88  
498  31   0  88  
499  31   0  88  

[500 rows x 98 columns] 


População final de genótipos (torneio)
      0   1   2   3   4   5   6   7   8   9   ...  88  89  90  91  92  93  94  \
0    23  91  21  13  31   0  10   7  14  69  ...  20  38  83  53  76  73  87   
1    23  91  21  13  31   0  10   7  14  69  ...  20  38  83  53  76  73  87   
2    23  91  21  13  31   0  10   7  14  69  ...  20  38  83  53  76  73  87   
3    23  91  21  13  31   0  10   7  14  69  ...  20  38  83  53  76  73  87   
4    23  91  21  13  31   0  10   7  14  69  ...  20  38  83  53  76  73  87   
..   ..  ..  ..  ..  ..  ..  ..  ..  ..  ..  ...  ..  ..  ..  ..  ..  ..  ..   
495  23  91  21  13  31   0  10   7  69  14  ...  38  83  53  76  90  73  87   
496  23  91  21  13  31   0  10   7  14  69  ...  20  38  83  53  76  73  87   
497  23  91  21  13  31   0  10   7  14  69  ...  38  83  53  76  90  73  87   
498  23  91  21  13  31   0  10   7  14  69  ...  38  83  53  76  90  73  87   
499  23  91  21  13  31   0  10   7  14  69  ...  38  83  53  76  90  73  87   

     95  96  97  
0    97  18  27  
1    97  18  27  
2    97  18  27  
3    97  18  27  
4    97  18  27  
..   ..  ..  ..  
495  97  18  27  
496  97  18  27  
497  97  18  27  
498  97  18  27  
499  97  18  27  

[500 rows x 98 columns] 


População final de genótipos (elitismo)
     0   1   2   3   4   5   6   7   8   9   ...  88  89  90  91  92  93  94  \
0   34   1  75  20  83  37  23  14  27  21  ...   4  85  66  10   6  64  57   
1   34   1  75  20  83  37  23  14  27  21  ...   4  85  66  10   6  64  57   
2   34   1  75  20  83  37  23  14  27  21  ...   4  85  66  10   8  64  57   
3   34   1  75  20  83  37  23  14  27  21  ...   4  85  66  10   6  64  57   
4   34   1  75  20  83  37  23  14  27  21  ...   4  85  66  10   6  64  57   
5   34   1  75  20  83  37  23  14  27  21  ...   4  85  66  10   6  64  57   
6   34   1  75  20  83  37  23  14  27  21  ...   4  85  66  10   6  64  57   
7   34   1  75  20  83  37  23  14  27  21  ...   4  85  66  10   6  64  57   
8   34   1  75  20  83  37  23  14  27  21  ...   4  85  66  10   6  64  57   
9   34   1  75  20  83  37  23  14  27  21  ...   4  85  66  10   6  64  57   
10  34   1  75  20  83  37  23  14  27  21  ...   4  85  66  10   6  64  57   
11  34   1  75  20  83  37  23  14  27  21  ...   4  85  66  10   6  64  57   
12  34   1  75  20  83  37  23  14  27  21  ...   4  85  66  10   6  64  57   
13  34   1  75  20  83  37  23  14  27  21  ...  85  66  10   6  64  57  26   
14  34   1  75  20  83  37  23  14  27  21  ...  85  66  10   6  64  57  26   
15  34   1  75  20  83  37  23  14  27  21  ...   4  85  66  10   6  64  57   
16  34   1  75  20  83  37  23  14  27  21  ...   4  85  66  10   6  64  57   
17  34   1  75  20  83  37  23  14  27  21  ...   4  85  54  10   6  64  57   
18  34   1  75  20  83  37  23  14  27  21  ...  85  66  10   6  64  57  26   
19  34   1  75  20  83  37  23  14  27  21  ...  85  66  10   6  64  57  26   
20  34   1  75  20  83  37  23  14  27  21  ...  85  66  10   6  64  57  26   
21  34   1  75  20  83  37  23  14  27  21  ...  85  66  10   6  64  57  26   
22  34   1  75  20  83  37  23  14  27  21  ...  85  66  10   6  64  57  26   
23  34   1  75  20  83  37  23  14  27  21  ...  85  66  10   6  64  57  26   
24  34   1  75  20  83  37  23  14  27  21  ...  85  66  10   6  64  57  26   
25  34   1  75  20  83  37  23  14  27  21  ...   4  85  66  10   6  64  57   
26  34   1  75  20  83  37  23  14  27  21  ...  85  66  10   6  64  57  26   
27  34   1  75  20  83  37  23  14  27  21  ...   4  85  66  10   6  64  57   
28  34   1  75  20  83  37  23  14  27  21  ...   4  85  66  10   6  64  57   
29  34   1  75  20  83  37  23  14  27  21  ...  85  66  10   6  64  57  95   
30  34   1  75  20  83  37  23  14  27  21  ...   4  85  66  10   6  64  57   
31  34   1  75  20  83  37  23  14  27  21  ...   4  85  66  10   6  64  57   
32  34   1  75  20  83  37  23  14  27  21  ...  85  66  10   6  64  57  26   
33  34   1  75  20  83  37  23  14  27  21  ...  85  66  10   6  64  57  26   
34  34   1  75  20  83  37  23  14  27  21  ...   4  85  66  10   6  64  57   
35  34   1  75  20  83  37  23  14  27  21  ...   4  85  66  10   6  64  57   
36  34   1  75  20  83  37  23  14  27  21  ...   4  85  66  10   6  64  57   
37  34   1  75  20  83  37  23  14  27  21  ...   4  85  66  10   6  64  57   
38  34   1  75  20  83  37  23  14  27  21  ...   4  85  66  10   6  64  57   
39  34   1  75  20  83  37  23  14  27  21  ...   4  85  66  10   6  64  57   
40  34   1  75  20  83  37  23  14  27  21  ...   4  85  54  10   6  64  57   
41  34   1  75  20  83  37  23  14  27  21  ...   4  85  66  10   6  64  57   
42  34   1  75  20  83  37  23  14  27  21  ...  85  66  10   6  64  57  26   
43  34   1  75  20  83  37  23  14  27  21  ...  85  66  10   6  64  57  26   
44  34   1  75  20  83  37  23  14  27  21  ...  85  66  10   6  64  57  26   
45  34   1  75  20  83  37  23  14  27  21  ...  85  66  10   6  64  57  26   
46  34   1  75  20  83  37  23  14  27  21  ...  85  66  10   6  64  57  26   
47  34   1  75  20  83  37  23  14  27  21  ...   4  85  66  10   6  64  57   
48  34   1  75  20  83  37  23  14  27  21  ...   4  85  66  10   6  64  57   
49  34   1  75  20  83  37  23  14  27  21  ...   4  85  66  10   6  64  57   

    95  96  97  
0   29  87  56  
1   29  87  56  
2   29  87  56  
3   29  87  56  
4   29  87  56  
5   29  87  56  
6   29  87  56  
7   29  87  56  
8   29  87  56  
9   29  87  56  
10  29  87  56  
11  29  87  56  
12  29  87  56  
13  29  87  56  
14  29  87  56  
15  29  87  56  
16  29  87  56  
17  29  87  56  
18  29  87  56  
19  29  87  56  
20  29  87  56  
21  29  87  56  
22  29  87  56  
23  29  87  56  
24  29  87  56  
25  29  87  56  
26  29  87  56  
27  29  87  56  
28  29  87  56  
29  29  87  56  
30  29  87  56  
31  29  87  56  
32  29  87  56  
33  29  87  56  
34  29  87  56  
35  29  87  56  
36  29  87  56  
37  29  87  56  
38  29  87  56  
39  29  87  56  
40  29  87  56  
41  29  87  56  
42  29  87  56  
43  29  87  56  
44  29  87  56  
45  29  87  56  
46  29  87  56  
47  29  87  56  
48  29  87  56  
49  29  87  56  

[50 rows x 98 columns] 


População final de genótipos (torneio)
     0   1   2   3   4   5   6   7   8   9   ...  88  89  90  91  92  93  94  \
0   13  14  53  71   5  31   9   2  23  65  ...  86   6  54  28  27  37  74   
1   13  14  53  71   5  31   9   2  23  65  ...  86   6  54  28  27  37  74   
2   13  14  53  71   5  31   9   2  23  65  ...  86   6  54  28  27  37  74   
3   13  14  53  71   5  31   9   2  23  92  ...  86   6  54  28  27  37  74   
4   13  14  53  71   5  31   9   2  23  92  ...  86   6  54  28  27  37  74   
5   13  14  53  71   5  31   9   2  23  92  ...  86   6  54  28  27  37  74   
6   13  14  53  71   5  31   9   2  23  92  ...  86   6  54  28  27  37  74   
7   13  14  53  71   5  31   9   2  23  92  ...  86   6  54  28  27  37  74   
8   13  14  53  71   5  31   9   2  23  92  ...  86   6  54  28  27  37  74   
9   13  14  53  71   5  31   9   2  23  92  ...  86   6  54  28  27  37  74   
10  13  14  53  71   5  31   9   2  23  92  ...  86   6  54  28  27  37  74   
11  13  14  53  71   5  31   9   2  23  92  ...  86   6  54  28  27  37  74   
12  13  14  53  71   5  31   9   2  23  92  ...  86   6  54  28  27  37  74   
13  13  14  53  71   5  31   9   2  23  65  ...  86   6  54  28  27  37  74   
14  13  14  53  71   5  31   9   2  23  65  ...  86   6  54  28  27  37  74   
15  13  14  53  71   5  31   9   2  23  65  ...  86   6  54  28  27  37  74   
16  13  14  53  71   5  31   9   2  23  92  ...  86   6  54  28  27  37  74   
17  13  14  53  71   5  31   9   2  23  65  ...  86   6  54  28  27  37  74   
18  13  14  53  71   5  31   9   2  23  65  ...  86   6  54  28  27  37  74   
19  13  14  53  71   5  31   9   2  23  65  ...  86   6  54  28  27  37  74   
20  13  14  53  71   5  31   9   2  23  65  ...  86   6  54  28  27  37  74   
21  13  14  53  71   5  31   9   2  23  65  ...  86   6  54  28  27  37  74   
22  13  14  53  71   5  31   9   2  23  65  ...  86   6  54  28  27  37  74   
23  13  14  53  71   5  31   9   2  23  92  ...  86   6  54  28  27  37  74   
24  13  14  53  71   5  31   9   2  23  92  ...  86   6  54  28  27  37  74   
25  13  14  53  71   5  31   9   2  23  65  ...  86   6  54  28  27  37  74   
26  13  14  53  71   5  31   9   2  23  92  ...  86   6  54  28  27  37  74   
27  13  14  53  71   5  31   9   2  23  92  ...  86   6  54  28  27  37  74   
28  13  14  53  71   5  31   9   2  23  65  ...  86   6  54  28  27  37  74   
29  13  14  53  71   5  31   9   2  23  65  ...  86   6  54  28  27  37  74   
30  13  14  53  71   5  31   9   2  23  92  ...  86   6  54  28  27  37  74   
31  13  14  53  71   5  31   9   2  23  92  ...  86   6  54  28  27  37  74   
32  13  14  53  71   5  31   9   2  23  65  ...  86   6  54  28  27  37  74   
33  13  14  53  71   5  31   9   2  23  65  ...  86   6  54  28  27  37  74   
34  13  14  53  71   5  31   9   2  23  65  ...  86   6  54  28  27  37  74   
35  13  14  53  71   5  31   9   2  23  29  ...  86   6  54  28  27  37  74   
36  13  14  53  71   5  31   9   2  23  92  ...  86   6  54  28  27  37  74   
37  13  14  53  71   5  31   9   2  23  92  ...  86   6  54  28  27  37  74   
38  13  14  53  71   5  31   9   2  23  92  ...  86   6  54  28  27  37  74   
39  13  14  53  71   5  31   9   2  23  65  ...  86   6  54  28  27  37  74   
40  13  14  53  71   5  31   9   2  23  92  ...  86   6  54  28  27  37  74   
41  13  14  53  71   5  31   9   2  23  65  ...  86   6  54  28  27  37  74   
42  13  14  53  71   5  31   9   2  23  92  ...  86   6  54  28  27  37  74   
43  13  14  53  71   5  31   9   2  23  92  ...  86   6  54  28  27  37  74   
44  13  14  53  71   5  31   9   2  23  92  ...  86   6  54  28  27  37  74   
45  13  14  53  71   5  31   9   2  23  65  ...  86   6  54  28  27  37  74   
46  13  14  53  71   5  31   9   2  23  65  ...  86   6  54  28  27  37  74   
47  13  14  53  71   5  31   9   2  23  65  ...  86   6  54  28  27  37  74   
48  13  14  53  71   5  31   9   2  23  92  ...  86   6  54  28  27  37  74   
49  13  14  53  71   5  31   9   2  23  65  ...  86   6  54  28  27  37  74   

    95  96  97  
0   50  77  21  
1   50  77  21  
2   50  77  21  
3   50  77  21  
4   50  77  21  
5   50  77  21  
6   50  77  21  
7   50  77  21  
8   50  77  21  
9   50  77  21  
10  50  77  21  
11  50  77  21  
12  50  77  21  
13  50  77  21  
14  50  77  21  
15  50  77  21  
16  50  77  21  
17  50  77  21  
18  50  77  21  
19  50  77  21  
20  50  77  21  
21  50  77  21  
22  50  77  21  
23  50  77  21  
24  50  77  21  
25  50  77  21  
26  50  77  21  
27  50  77  21  
28  50  77  21  
29  50  77  21  
30  50  77  21  
31  50  77  21  
32  50  77  21  
33  50  77  21  
34  50  77  21  
35  50  77  21  
36  50  77  21  
37  50  77  21  
38  50  77  21  
39  50  77  21  
40  50  77  21  
41  50  77  21  
42  50  77  21  
43  50  77  21  
44  50  77  21  
45  50  77  21  
46  50  77  21  
47  50  77  21  
48  50  77  21  
49  50  77  21  

[50 rows x 98 columns] 


População final de genótipos (elitismo)
      0   1   2   3   4   5   6   7   8   9   ...  88  89  90  91  92  93  94  \
0    53  76  34  80  60  88  46  45  15  12  ...  14   9  32  84  96  72  29   
1    53  76  34  80  60  88  46  45  15  12  ...  14   9  32  84  96  72  29   
2    53  76  34  80  60  88  46  45  15  12  ...  14   9  32  84  96  72  29   
3    53  76  34  80  60  88  46  45  15  12  ...  14   9  32  84  96  72  29   
4    53  76  34  80  60  88  46  45  15  12  ...  14   9  32  84  96  72  29   
..   ..  ..  ..  ..  ..  ..  ..  ..  ..  ..  ...  ..  ..  ..  ..  ..  ..  ..   
495  53  76  34  80  60  88  46  45  15  12  ...  14   9  32  84  96  72  29   
496  53  76  34  80  60  88  46  45  15  12  ...  14   9   6  84  96  72  29   
497  53  76  34  80  60  88  46  45  15  12  ...  14   9  32  84  96  72  29   
498  53  76  34  80  60  88  46  45  15  12  ...  14   9   6  84  96  72  29   
499  53  76  34  80  60  88  46  45  15  12  ...  14   9   6  84  96  72  29   

     95  96  97  
0    67  56  33  
1    67  56  33  
2    67  56  33  
3    67  56  33  
4    67  56  33  
..   ..  ..  ..  
495  67  56  33  
496  67  56  33  
497  67  56  33  
498  67  56  33  
499  67  56  33  

[500 rows x 98 columns] 


População final de genótipos (torneio)
      0   1   2   3   4   5   6   7   8   9   ...  88  89  90  91  92  93  94  \
0    56  74  85  42  44  11  16  62  87  77  ...  26  17  22  36  67  33  32   
1    56  74  85  42  44  11  16  62  87  77  ...  26  17  22  36  67  33  32   
2    56  74  85  42  44  11  16  62  87  77  ...  26  17  22  36  67  33  32   
3    56  74  85  42  44  11  16  62  87  77  ...  26  17  22  36  67  33  32   
4    56  74  85  42  44  11  16  62  87  77  ...  26  17  22  36  67  33  32   
..   ..  ..  ..  ..  ..  ..  ..  ..  ..  ..  ...  ..  ..  ..  ..  ..  ..  ..   
495  56  74  85  19  44  11  16  62  87  77  ...  26  17  22  36  67  33  32   
496  56  74  85  42  44  11  16  62  87  77  ...  13  17  22  36  67  33  32   
497  56  74  85  42  44  11  16  62  87  77  ...  26  17  22  36  67  33  32   
498  56  74  85  42  44  11  16  62  87  77  ...  26  17  22  36  67  33  32   
499  56  74  85  42  44  11  16  62  87  77  ...  26  17  22  36  67  33  32   

     95  96  97  
0     7  14  10  
1     7  14  10  
2     7  14  10  
3     7  14  10  
4     7  14  10  
..   ..  ..  ..  
495   7  14  10  
496   7  14  10  
497   7  14  10  
498   7  14  10  
499   7  14  10  

[500 rows x 98 columns] 


Resultados - Comparação entre métodos heurísticos

Média elitismo -  2440.842722806391
Média torneio -  2563.589997794584

População final de genótipos (elitismo)
     0   1   2   3   4   5   6   7   8   9   ...  88  89  90  91  92  93  94  \
0   58  40  94  41  56  62  73  53  83  80  ...  90  65  82  78  32  96  29   
1   58  40  94  41  56  62  73  53  83  80  ...  90  65  82  78  32  96  29   
2   58  40  94  41  56  62  73  53  83  80  ...  90  65  82  78  32  96  29   
3   58  40  94  41  56  62  73  53  83  80  ...  90  65  82  78  32  96  29   
4   58  40  94  41  56  62  73  53  83  80  ...  90  65  82  78  32  96  29   
5   58  40  94  41  56  62  73  53  83  80  ...  90  65  82  78  32  96  29   
6   58  40  94  41  56  62  73  53  83  80  ...  90  65  82  78  32  96  29   
7   58  40  94  41  56  62  73  53  83  80  ...  90  65  82  78  32  96  29   
8   58  40  94  41  56  62  73  53  83  80  ...  90  65  82  78  32  96  29   
9   58  40  94  41  56  62  73  53  83  80  ...  90  65  82  78  32  96  29   
10  58  40  94  41  56  62  73  53  83  80  ...  90  65  82  78  32  96  29   
11  58  40  94  41  56  62  73  53  83  80  ...  90  65  82  78  32  96  29   
12  58  40  94  41  56  62  73  53  83  80  ...  90  65  82  78  32  96  29   
13  58  40  94  41  56  62  73  53  83  80  ...  90  65  82  78  32  96  29   
14  58  40  94  41  56  62  73  53  83  80  ...  90  65  82  78  32  96  29   
15  58  40  94  41  56  62  73  53  83  80  ...  90  65  82  78  32  96  29   
16  58  40  94  41  56  62  73  53  83  80  ...  90  65  82  78  32  96  29   
17  58  40  94  41  56  62  73  53  83  80  ...  90  65  82  78  32  96  29   
18  58  40  94  41  56  62  73  53  83  80  ...  90  65  82  78  32  96  29   
19  58  40  94  41  56  62  73  53  83  80  ...  90  65  82  78  32  96  29   
20  58  40  94  41  56  62  73  53  83  80  ...  90  65  82  78  32  96  29   
21  58  40  94  41  56  62  73  53  83  80  ...  90  65  82  78  32  96  29   
22  58  40  94  41  56  62  73  53  83  80  ...  90  65  82  78  32  96  29   
23  58  40  94  41  56  62  73  53  83  80  ...  90  65  82  78  32  96  29   
24  58  40  94  41  56  62  73  53  83  80  ...  90  65  82  78  32  96  29   
25  58  40  94  41  56  62  73  53  83  80  ...  90  65  82  78  32  96  29   
26  58  40  94  41  56  62  73  53  83  80  ...  90  65  82  78  32  96  29   
27  58  40  94  41  56  62  73  53  83  80  ...  90  65  82  78  32  96  29   
28  58  40  94  41  56  62  73  53  83  80  ...  90  65  82  78  32  96  29   
29  58  40  94  41  56  62  73  53  83  80  ...  90  65  82  78  32  96  29   
30  58  40  94  41  56  62  73  53  83  80  ...  90  65  82  78  32  96  29   
31  58  40  94  41  56  62  73  53  83  80  ...  90  65  82  78  32  96  29   
32  58  40  94  41  56  62  73  53  83  80  ...  90  65  82  78  32  96  29   
33  58  40  94  41  56  62  73  53  83  80  ...  90  65  82  78  32  96  29   
34  58  40  94  41  56  62  73  53  83  80  ...  90  65  82  78  32  96  29   
35  58  40  94  41  56  62  73  53  83  80  ...  90  65  82  78  32  96  29   
36  58  40  94  41  56  62  73  53  83  80  ...  90  65  82  78  32  96  29   
37  58  40  94  41  56  62  73  53  83  80  ...  90  65  82  78  32  96  29   
38  58  40  94  41  56  62  73  53  83  80  ...  90  65  82  78  32  96  29   
39  58  40  94  41  56  62  73  53  83  20  ...  90  65  82  78  32  96  29   
40  58  40  94  41  56  62  73  53  83  80  ...  90  65  82  78  32  96  29   
41  58  40  94  41  56  62  73  53  83  80  ...  90  65  82  78  32  96  29   
42  58  40  94  41  56  62  73  53  83  80  ...  90  65  82  78  32  96  29   
43  58  40  94  41  56  62  73  53  83  80  ...  90  65  82  78  32  96  29   
44  58  40  94  41  56  62  73  53  83  80  ...  90  65  82  78  32  96  29   
45  58  40  94  41  56  62  73  53  83  80  ...  90  65  82  78  32  96  29   
46  58  40  94  41  56  62  73  53  83  80  ...  90  65  82  78  32  96  29   
47  58  40  94  41  56  62  73  53  83  80  ...  90  65  82  78  32  96  29   
48  58  40  94  41  56  62  73  53  83  80  ...  90  65  82  78  32  96  29   
49  58  40  94  41  56  62  73  53  83  80  ...  90  65  82  78  32  96  29   

    95  96  97  
0   87  16  42  
1   87  16  42  
2   87  16  42  
3   87  16  42  
4   87  16  42  
5   87  16  42  
6   87  16  42  
7   87  16  42  
8   87  16  42  
9   87  16  42  
10  87  16  42  
11  87  16  42  
12  87  16  42  
13  87  16  42  
14  87  16  42  
15  87  16  42  
16  87  16  42  
17  87  16  42  
18  87  16  42  
19  87  16  42  
20  87  16  63  
21  87  16  42  
22  87  16  42  
23  87  16  42  
24  87  16  42  
25  87  16  42  
26  87  16  42  
27  87  16  42  
28  87  16  42  
29  87  16  42  
30  87  16  42  
31  87  16  42  
32  87  16  42  
33  87  16  42  
34  87  16  42  
35  87  16  42  
36  87  16  42  
37  87  16  42  
38  87  16  42  
39  87  16  42  
40  87  16  42  
41  87  16  42  
42  87  16  42  
43  87  16  42  
44  87  16  42  
45  87  16  42  
46  87  16  42  
47  87  16  42  
48  87  16  42  
49  87  16  42  

[50 rows x 98 columns] 


População final de genótipos (elitismo)
     0   1   2   3   4   5   6   7   8   9   ...  88  89  90  91  92  93  94  \
0   60  32  77  31   0  96  26  13  63  41  ...   7  67  91  87  16  49  86   
1   60  32  77  31   0  96  26  13  63  41  ...  84   7  67  91  87  16  49   
2   60  32  77  31   0  96  26  13  63  41  ...  67  91  87  16  49  86  28   
3   60  32  77  31   0  96  26  13  63  41  ...  84   7  67  91  87  16  49   
4   60  32  77  31   0  96  26  13  63  41  ...  67  91  87  16  49  86  28   
5   60  32  77  31   0  96  26  13  63  41  ...   7  67  91  87  16  49  86   
6   60  32  77  31   0  96  26  13  63  41  ...   7  67  91  87  16  49  86   
7   60  32  77  31   0  96  26  13  63  41  ...   7  67  91  87  16  49  86   
8   60  32  77  31   0  96  26  13  63  41  ...   7  67  91  87  16  49  86   
9   60  32  77  31   0  96  26  13  63  41  ...   7  67  91  87  16  49  86   
10  60  32  77  31   0  96  26  13  63  41  ...  67  91  87  16  49  86  28   
11  60  32  77  31   0  96  26  13  63  41  ...   7  67  91  87  16  49  86   
12  60  32  77  31   0  96  26  13  63  41  ...  67  91  87  16  49  86  28   
13  60  32  77  31   0  96  26  13  63  41  ...  67  91  87  16  49  86  28   
14  60  32  77  31   0  96  26  13  63  41  ...  67  91  87  16  49  86  28   
15  60  32  77  31   0  96  26  13  63  41  ...  67  91  87  16  49  86  28   
16  60  32  77  31   0  96  26  13  63  41  ...  67  91  92  87  16  49  86   
17  60  32  77  31   0  96  26  13  63  41  ...  67  91  92  87  16  49  86   
18  60  32  77  31   0  96  26  13  63  41  ...  84   7  67  91  87  16  49   
19  60  32  77  31   0  96  26  13  63  41  ...  67  91  87  16  49  86  28   
20  60  32  77  31   0  96  26  13  63  41  ...  67  91  87  16  49  86  28   
21  60  32  77  31   0  96  26  13  63  41  ...   7  67  91  87  16  49  86   
22  60  32  77  31   0  96  26  13  63  41  ...   7  67  91  87  16  49  86   
23  82  51  77  31   0  96  26  13  63  41  ...   7  67  91  87  16  49  86   
24  82  32  77  31   0  96  26  13  63  41  ...   7  67  91  87  16  49  86   
25  60  32  77  31   0  96  26  13  63  41  ...   7  67  91  87  16  49  86   
26  60  32  77  31   0  96  26  13  63  41  ...  84   7  67  91  87  16  49   
27  60  32  77  31   0  96  26  13  63  41  ...  67  91  87  16  49  86  28   
28  60  32  77  31   0  96  26  13  63  41  ...   7  67  91  87  16  49  86   
29  60  32  77  31   0  96  26  13  63  41  ...   7  67  91  87  16  49  86   
30  60  32  77  31   0  96  26  13  63  41  ...   7  67  91  87  16  49  86   
31  82  32  77  31   0  96  26  13  63  41  ...  67  91  87  16  49  86  28   
32  60  32  77  31   0  96  26  13  63  41  ...  84   7  67  91  87  16  49   
33  60  32  77  31   0  96  26  13  63  41  ...  67  91  92  87  16  49  86   
34  60  32  77  31   0  96  26  13  63  41  ...   7  67  91  87  16  49  86   
35  60  32  77  31   0  96  26  13  63  41  ...  67  91  87  16  49  86  28   
36  60  32  77  31   0  96  26  13  63  41  ...  67  91  92  87  16  49  86   
37  60  32  77  31   0  96  26  13  63  41  ...  84   7  67  91  87  16  49   
38  82  32  77  31   0  96  26  13  63  41  ...  67  91  87  16  49  86  28   
39  60  32  77  31   0  96  26  13  63  41  ...   7  67  91  87  16  49  86   
40  60  32  77  31   0  96  26  13  63  41  ...   7  67  91  87  16  49  86   
41  60  32  77  31   0   6  26  13  63  41  ...   7  67  91  92  87  16  49   
42  60  32  77  31   0  96  26  13  63  41  ...  67  91  87  16  49  86  28   
43  60  32  77  31   0  96  26  13  63  41  ...   7  67  91  87  16  49  86   
44  60  32  77  31   0  96  26  13  63  41  ...   7  67  91  87  16  49  86   
45  60  32  77  31   0  96  26  13  63  41  ...  84   7  67  91  87  16  49   
46  60  32  77  31   0  96  26  13  63  41  ...  67  91  92  87  16  49  86   
47  60  32  77  31   0  96  26  13  63  41  ...   7  67  91  87  16  49  86   
48  60  32  77  31   0  96  26  13  63  41  ...  84   7  67  91  87  16  49   
49  82  32  77  31   0  96  26  13  63  41  ...   7  67  91  87  16  49  86   

    95  96  97  
0   28  23  80  
1   86  28  23  
2   23  15  70  
3   86  28  23  
4   23   9  70  
5   28  23  80  
6   28  23  80  
7   28  23  80  
8   28  23  80  
9   28  23  70  
10  23  15  70  
11  28  23  70  
12   9  23  70  
13  23  92  70  
14  23  92  70  
15  23  92  70  
16  28  23  70  
17  28  23  70  
18  86  28  23  
19  23  92  70  
20  23  92  70  
21  28  23  15  
22  28  23  15  
23  28  23  70  
24  28  23  70  
25  28  23  80  
26  86  28  23  
27  23  92  70  
28  28  23  80  
29  28  23  70  
30  28  23  15  
31  23  92  70  
32  86  28  23  
33  28  23  70  
34  28  23  70  
35  23  92  70  
36  28  23  70  
37  86  28  23  
38  23  92  70  
39  28  23  80  
40  28  23  70  
41  86  28  23  
42  23  92  70  
43  28  23  15  
44  28  23  70  
45  86  28  23  
46  28  23  70  
47  28  23  80  
48  86  28  23  
49  28  23  15  

[50 rows x 98 columns] 


População final de genótipos (elitismo)
     0   1   2   3   4   5   6   7   8   9   ...  88  89  90  91  92  93  94  \
0   95  21  57  31  80  20  53  89  83  48  ...  30  72  39  74  49  84   9   
1   95  21  57  31  80  20  53  89  83  48  ...  30  72  39  74  49  84   9   
2   95  21  57  31  80  20  53  89  83  48  ...  30  72  39  74  49  84   9   
3   95  21  57  31  80  20  53  89  83  48  ...  30  72  39  74  49  84  37   
4   95  21  57  31  88  20  53  89  83  48  ...  69  30  72  39  74  49  84   
5   95  21  57  31  80  20  53  89  83  48  ...  30  72  39  74  49  84   9   
6   95  21  57  31  80  20  53  89  83  48  ...  63  30  72  39  74  49  84   
7   95  21  57  31  80  20  53  89  83  48  ...  30  72  39  74  49  84   9   
8   95  21  57  31  80  20  53  89  83  48  ...  30  72  39  74  49  84   9   
9   95  21  57  31  80  20  53  89  83  48  ...  67  72  39  74  49  84   9   
10  95  21  57  31  80  20  53  89  83  48  ...  67  72  39  74  49  84   9   
11  95  21  57  31  80  20  53  89  83  48  ...  30  72  39  74  49  84   9   
12  95  21  57  31  24  20  53  89  83  48  ...  30  72  39  74  49  84   9   
13  95  21  57  31  80  20  53  89  83  48  ...  30  72  39  74  49  84   9   
14  95  21  57  31  80  20  53  89  83  48  ...  67  72  39  74  49  84   9   
15  95  21  57  31  63  20  53  89  83  48  ...  67  72  39  74  49  84   9   
16  95  21  57  31  63  20  53  89  83  48  ...  67  72  39  74  49  84   9   
17  95  21  57  31  63  20  53  89  83  48  ...  67  72  39  74  49  84   9   
18  95  21  57  31  80  20  53  89  83  48  ...  69  30  72  39  74  49  84   
19  95  21  57  31  80  20  53  89  83  48  ...  63  30  72  39  74  49  84   
20  95  21  57  31  80  20  53  89  83  48  ...  63  30  72  39  74  49  84   
21  95  21  57  31  80  20  53  89  83  48  ...  63  30  72  39  74  49  84   
22  95  21  57  31  88  20  53  89  83  48  ...  30  72  39  74  49  84   9   
23  95  21  57  31  88  20  53  89  83  48  ...  30  72  39  74  49  84   9   
24  95  21  57  31  80  20  53  89  83  48  ...  67   8  39  74  49  84   9   
25  95  21  57  31  80  20  53  89  83  48  ...  61  30  72  39  74  49  84   
26  95   1  57  31  80  20  53  89  83  48  ...  61  30  72  39  74  49  84   
27  95  21  57  31  80  20  53  89  83  48  ...  67  72  39  74  49  84   9   
28  95  21  57  31  80  20  53  89  83  48  ...  63  30  72  39  74  49  84   
29  95  21  57  31  80  20  53  89  83  48  ...  63  30  72  39  74  49  84   
30  95  21  57  31  80  20  53  89  83  48  ...  63  30  72  39  74  49  84   
31  95  21  57  31  80  20  53  89  83  48  ...  63  30  72  39  74  49  84   
32  95  21  57  31  88  20  53  89  83  48  ...  30  72  39  74  49  84   9   
33  95  21  57  31  80  20  53  89  83  48  ...  69  30  72  39  74  49  84   
34  95  21  57  31  80  20  53  89  83  48  ...  63  30  72  39  74  49  84   
35  95  21  57  31  80  20  53  89  83  48  ...  63  30  72  39  74  49  84   
36  95  21  57  31  80  20  53  89  83  48  ...  63  30  72  39  74  49  84   
37  95  21  57  31  80  20  53  89  83  48  ...  61  63  30  39  74  49  84   
38  95  21  57  31  80  20  53  89  83  48  ...  30  72  39  74  49  84   9   
39  95  21  57  31  88  20  53  89  83  48  ...  63  30  72  39  74  49  84   
40  95  21  57  31  80  20  53  89  83  48  ...  30  72  39  74  49  84   9   
41  95  21  57  31  88  20  53  89  83  48  ...  30  72  39  74  49  84   9   
42  95  21  57  31  80  20  53  89  83  48  ...  63  30  72  39  74  49  84   
43  95  21  57  31  80  20  53  89  83  48  ...  69  30  72  39  74  49  84   
44  95  21  57  33  80  20  53  89  83  48  ...  63  30  39  74  49  84   9   
45  95  21  57  31  80  20  53  89  83  48  ...  67  72  39  74  49  84   9   
46  95  21  57  31  80  20  53  89  83  48  ...  30  72  37  39  74  49  84   
47  95  21  57  31  80  20  53  89  83  48  ...  67  72  39  74  49  84   9   
48  95  21  57  31  63  20  53  89  83  48  ...  61  30  72  39  74  49  84   
49  95  21  57  31  80  20  53  89  83  48  ...  67  72  39  74  49  84   9   

    95  96  97  
0   69  14  10  
1   69  14  10  
2   69  14  10  
3    9  14  10  
4    9  14  10  
5   69  14  10  
6    9  14  10  
7   69  14  10  
8   69  14  10  
9   69  14  10  
10  69  14  10  
11  37  14  10  
12  37  14  10  
13  37  14  10  
14  69  14  46  
15  69  14  10  
16  69  14  10  
17  69  14  10  
18   9  14  10  
19   9  14  10  
20   9  14  10  
21   9  14  10  
22  69  14  10  
23  69  14  10  
24  69  14  10  
25   9  14  10  
26   9  14  10  
27  69  14  10  
28   9  14  10  
29   9  14  10  
30   9  14  10  
31   9  14  10  
32  69  14  10  
33   9  14  10  
34   9  14  10  
35   9  14  10  
36   9  14  10  
37   9  14  10  
38  69  14  10  
39   9  14  10  
40  69  14  10  
41  69  14  10  
42   9  14  10  
43   9  14  10  
44  69  14  10  
45  69  14  10  
46   9  14  10  
47  69  14  10  
48   9  14  10  
49  69  14  10  

[50 rows x 98 columns] 


População final de genótipos (elitismo)
     0   1   2   3   4   5   6   7   8   9   ...  88  89  90  91  92  93  94  \
0   72  76  53  75  60  27  23  15  47  68  ...  66  19  84   8  74  10  63   
1   72  76  53  75  60  27  23  15  47  68  ...  66  19  84   8  74  10  63   
2   72  76  53  75  60  27  23  15  47  68  ...  66  19  84   8  74  64  63   
3   72  76  53  75  60  27  23  15  47  68  ...  66  19  84   8  74  10  63   
4   72  76  53  75  60  27  23  15  47  68  ...  66  19  84   8  74  10  63   
5   72  76  53  75  60  27  23  15  47  68  ...  66  19  84   8  74  10  63   
6   72  76  53  75  60  27  23  15  47  68  ...  66  19  84   8  74  64  63   
7   72  76  53  75  60  27  23  15  47  68  ...  66  19  84   8  74  64  63   
8   72  76  53  75  60  27  23  15  47  68  ...  66  19  84   8  74  64  63   
9   72  76  53  75  60  27  23  15  47  68  ...  66  19  84   8  74  10  63   
10  72  76  53  75  60  27  23  15  47  68  ...  66  19  84   8  74  10  63   
11  72  76  53  75  60  27  23  15  47  68  ...  66  19  84   8  74  10  63   
12  72  76  53  60  75  27  23  15  47  68  ...  66  19  84   8  74  10  63   
13  72  76  53  75  60  27  23  15  47  68  ...  66  19  84   8  74  10  63   
14  72  76  53  75  60  27  23  15  47  68  ...  66  19  84   8  74  10  63   
15  72  76  53  75  60  27  23  15  47  68  ...  66  19  84   8  74  10  63   
16  72  76  53  75  60  27  23  15  47  68  ...  66  19  84   8  74  10  63   
17  72  76  53  75  60  27  23  15  14  68  ...  66  19  84   8  74  10  63   
18  72  76  53  75  60  27  23  15  47  68  ...  66  19  84   8  74  10  63   
19  72  76  53  75  60  27  23  15  47  68  ...  19  84   8  74  64  10  63   
20  72  76  53  75  60  27  23  15  47  68  ...  19  84   8  74  64  63   4   
21  72  76  53  75  60  27  23  15  47  68  ...  19  84   8  74  64  63   4   
22  72  76  53  75  60  27  23  15  47  68  ...  19  84   8  74  64  63   4   
23  72  76  53  75  60  27  23  15  47  68  ...  66  19  84   8  74  10  63   
24  72  76  53  75  60  27  23  15  47  68  ...  19  84   8  74  64  63   4   
25  72  76  53  75  60  27  23  15  47  68  ...  66  19  84   8  74  10  63   
26  72  76  53  75  60  27  23  15  47  68  ...  66  19  84   8  74  10  63   
27  72  76  53  75  60  27  23  15  47  68  ...  32  66  19  84   8  74  63   
28  72  76  53  75  60  27  23  15  47  68  ...  66  19  84  57  74  10  63   
29  72  76  53  75  60  27  23  15  47  68  ...  66  19  84   8  74  10  63   
30  72  76  53  75  60  27  23  15  47  68  ...  66  19  84   8  74  10  63   
31  72  76  53  75  60  27  23  15  47  68  ...  66  19  84   8  74  10  63   
32  72  76  53  75  60  27  23  15  47  68  ...  19  84   8  74  64  63   4   
33  72  76  53  75  60  27  23  15  47  68  ...  66  19  84   8  74  10  63   
34  72  76  53  75  60  27  23  15  47  68  ...  66  19  84   8  74  10  63   
35  72  76  53  75  60  27  23  15  47  68  ...  66  19  84   8  74  10  63   
36  72  76  53  75  60  27  23  15  47  68  ...  32  66  19  84   8  74  63   
37  72  76  53  75  60  27  23  15  47  68  ...  66  19  84   8  74  10  63   
38  72  76  53  75  60  27  23  15  47  68  ...  32  66  19  84   8  74  63   
39  72  76  53  75  60  27  23  15  47  68  ...  66  19  84   8  74  64  63   
40  72  76  53  75  60  27  23  15  47  68  ...  66  19  84   8  74  10  63   
41  72  76  53  75  60  36  23  15  47  68  ...  66  19  84   8  74  64  63   
42  72  76  53  75  60  27  23  15  47  68  ...  66  19  84   8  74  64  63   
43  72  76  53  75  60  27  23  15  47  68  ...  32  66  19  84   8  74  63   
44  72  76  53  75  60  27  23  15  47  68  ...  19  84   8  74  64  63   4   
45  72  76  53  75  60  27  23  15  47  68  ...  66  19  84   8  74  10  63   
46  72  76  53  75  60  27  23  15  47  68  ...  66  19  84   8  74  10  63   
47  72  76  53  75  60  10  23  15  47  68  ...  32  66  19  84   8  74  63   
48  72  76  53  75  60  27  23  15  47  68  ...  66  19  84   8  74  10  63   
49  72  76  53  75  60  27  23  15  47  68  ...  66  10  19  84   8  74  63   

    95  96  97  
0   95  36  89  
1   95  36  89  
2   95  36  89  
3   95  36  89  
4   95  36  89  
5   95  36  89  
6   95  36  89  
7   95  36  89  
8   95  36  89  
9   95  36  89  
10  95  36  89  
11  95  36  89  
12  95  36  89  
13  95  36  89  
14  95  36  89  
15  95  36  89  
16  95  36  89  
17  95  36  89  
18  95  36  89  
19  95  36  89  
20  95  36  89  
21  95  36  89  
22  95  36  89  
23  95  36  89  
24  95  36  89  
25  95  36  89  
26  95  36  89  
27  95  36  89  
28  95  36  89  
29  95  36  89  
30  95  36  89  
31  95  36  89  
32  95  36  89  
33  95  36  89  
34  95  36  89  
35  95  36  89  
36  95  36  89  
37  95  36  89  
38  95  36  89  
39  95  36  89  
40  95  36  89  
41  95  27  89  
42  95  36  89  
43  95  36  89  
44  95  36  89  
45  95  36  89  
46  95  36  89  
47  95  36  89  
48  95  36  89  
49  95  36  89  

[50 rows x 98 columns] 


População final de genótipos (elitismo)
     0   1   2   3   4   5   6   7   8   9   ...  88  89  90  91  92  93  94  \
0   26   9  21  17   1  83  20  53  71  55  ...  79  97  12  30  36  84   8   
1   26   9  21  17   1  83  20  53  71  23  ...  79  97  12  30  36  55   8   
2   26   9  21  17   1  83  20  53  71  23  ...  79  97  12  30  36  55   8   
3   26   9  21  17   1  83  20  53  71  23  ...  79  97  12  30  36  55   8   
4   26   9  21  17   1  83  20  53  71  23  ...  79  97  12  30  36  55   8   
5   26   9  21  17   1  83  20  71  53  23  ...  79  97  12  30  36  84   8   
6   26   9  21  17   1  83  20  53  71  23  ...  79  97  12  30  36  84   8   
7   26   9  21  17   1  83  20  53  71  23  ...  79  97  12  30  36  84   8   
8   26   9  21  17   1  83  20  53  71  23  ...  79  97  12  30  36  84   8   
9   26   9  21  17   1  83  20  53  71  23  ...  79  97  12  30  36  84   8   
10  26   9  21  17   1  83  20  53  71  23  ...  79  97  12  30  36  84   8   
11  26   9  21  17   1  53  20  71  23   6  ...  79  97  12  30  36  55   8   
12  26   9  21  17   1  53  20  71  23   6  ...  79  97  12  30  36  55   8   
13  26   9  21  17   1  53  20  71  23   6  ...  79  97  12  30  36  55   8   
14  26   9  21  17   1  53  20  71  23   6  ...  79  97  12  30  36  84   8   
15  26   9  21  17   1  53  20  71  23   6  ...  79  97  12  30  36  84   8   
16  26   9  21  17   1  53  20  71  23   6  ...  79  97  12  30  36  55   8   
17  26   9  21  17   1  53  20  71  23   6  ...  79  97  12  30  36  84   8   
18  26   9  21  17   1  83  20  53  71  23  ...  79  97  12  30  36  55   8   
19  26   9  21  53   1  83  20  71  23   6  ...  79  97  12  30  36  55   8   
20  26   9  21  53   1  83  20  71  23   6  ...  79  97  12  30  36  55   8   
21  26   9  21  17   1  83  20  71  53  23  ...  79  97  12  30  36  84   8   
22  26   9  21  17   1  83  20  71  53  23  ...  79  97  12  30  36  84   8   
23  26   9  21  17   1  83  20  71  53  23  ...  79  97  12  30  36  84   8   
24  26   9  21  17   1  83  20  71  53  23  ...  79  97  12  30  36  84   8   
25  26   9  21  17   1  83  20  53  71  23  ...  79  97  12  30  36  84   8   
26  26   9  21  17   1  83  20  53  71  23  ...  79  97  12  30  36  55   8   
27  26   9  21  53   1  83  20  71  23   6  ...  79  97  12  30  36  84   8   
28  26   9  21  17  89  83  20  53  71  23  ...  79  97  12  30  36  84   8   
29  26   9  21  17   1  53  20  71  23   6  ...  79  97  12  30  36  55   8   
30  26   9  21  17   1  83  20  53  71  23  ...  79  97  12  30  36  55   8   
31  26   9  21  17   1  83  20  53  71  23  ...  79  97  12  30  36  55   8   
32  26   9  21  17   1  83  20  53  71  23  ...  79  97  12  30  36  84   8   
33  26   9  21  17   1  83  20  53  71  23  ...  79  97  12  30  36  18   8   
34  26   9  21  17   1  83  20  53  71  23  ...  79  97  12  30  36  55   8   
35  26   9  21  17   1  83  20  71  53  23  ...  79  97  12  30  36  55   8   
36  26   9  21  17   1  83  20  53  71  23  ...  79  97  12  30  36  55   8   
37  26   9  21  17   1  83  20  53  71  23  ...  79  97  12  30  36  84   8   
38  26   9  21  17   1  83  20  53  71  23  ...  79  97  12  30  36  84   8   
39  26   9  21  17   1  53  20  71  23   6  ...  79  97  12  30  36  55   8   
40  26   9  21  17   1  83  20  53  71  55  ...  67  79  97  12  30  36  84   
41  26   9  21  17   1  53  20  71  23   6  ...  79  97  12  30  36  84   8   
42  26   9  21  17   1  83  20  71  53  23  ...  79  97  12  30  36  55   8   
43  26   9  21  17   1  83  20  53  71  23  ...  79  97  12  30  36  84   8   
44  26   9  21  17   1  83  20  53  71  23  ...  79  97  12  30  36  84   8   
45  26   9  21  17   1  53  20  71  23   6  ...  79  97  12  30  36  55   8   
46  26   9  21  53   1  83  20  71  23   6  ...  79  97  12  30  36  55   8   
47  26   9  21  17   1  53  20  71  23   6  ...  79  97  12  30  36  84   8   
48  26   9  21  17   1  53  20  71  23   6  ...  79  97  12  30  36  55   8   
49  26   9  21  17   1  83  20  71  53  23  ...  79  97  12  30  36  55   8   

    95  96  97  
0   44  23   0  
1   44  84   0  
2   44  84   0  
3   44  84   0  
4   44  84   0  
5   44  55   0  
6   44  55   0  
7   44  55   0  
8   44  55   0  
9   44  55   0  
10  44  55   0  
11  44  84   0  
12  44  84   0  
13  44  84   0  
14  44  55   0  
15  44  55   0  
16  44  84   0  
17  44  55   0  
18  44  84   0  
19  44  84   0  
20  44  84   0  
21  44  55   0  
22  44  55   0  
23  44  55   0  
24  44  55   0  
25  44  55   0  
26  44  84   0  
27  44  55   0  
28  44  55   0  
29  44  84   0  
30  44  84   0  
31  44  84   0  
32  44  55   0  
33  44  84   0  
34  44  84   0  
35  44  84   0  
36  44  84   0  
37  44  55   0  
38  44  55   0  
39  44  84   0  
40   8  44   0  
41  44  55   0  
42  44  84   0  
43  44  55   0  
44  44  55   0  
45  84  44   0  
46  44  84   0  
47  44  55   0  
48  44  84   0  
49  44  84   0  

[50 rows x 98 columns] 


População final de genótipos (torneio)
     0   1   2   3   4   5   6   7   8   9   ...  88  89  90  91  92  93  94  \
0   52  10  63  46  54  28  13   6   3  12  ...  15  55  62  87  36  74  23   
1   52  10  63  46  66  28  13   6   3  12  ...  15  55  62  87  36  74  23   
2   52  10  63  46  66  28  13   6   3  12  ...  15  55  62  87  36  74  23   
3   52  10  63  46  66  28  13   6   3  12  ...  15  55  62  87  36  74  23   
4   52  10  63  46  66  28  13   6   3  12  ...  90  62  87  36  74  23   2   
5   52  10  63  46  66  28  13   6   3  12  ...  90  62  87  36  74  23   2   
6   52  10  63  46  66  28  13   6   3  12  ...  15  55  62  87  36  74  23   
7   52  10  63  46  66  28  13   6   3  12  ...  15  55  62  87  36  74  23   
8   52  10  63  40  66  28   8   6   3  12  ...  15  55  62  87  36  74  23   
9   52  10  63  40  66  28  13   6   3  12  ...  15  55  62  87  36  74  23   
10  52  10  63  40  66  28  13   6   3  12  ...  15  55  62  87  36  74  23   
11  52  10  63  40  66  28  13   6   3  12  ...  15  55  62  87  36  74  23   
12  52  10  63  40  66  28  13   6   3  12  ...  15  55  62  87  36  74  23   
13  52  10  63  40  66  28  13   6   3  12  ...  15  55  62  87  36  74  23   
14  52  10  63  40  66  28  13   6   3  12  ...  15  55  62  87  36  74  23   
15  52  10  63  40  66  28  13   6   3  12  ...  15  55  62  87  36  74  23   
16  52  10  63  40  66  28  13   6   3  12  ...  90  62  87  36  74  23   2   
17  52  10  63  40  66  28  13   6   3  12  ...  90  62  87  36  74  23   2   
18  52  10  63  40  66  28  13   6   3  12  ...  15  55  62  87  36  74  23   
19  52  10  63  40  66  28  13   6   3  12  ...  15  55  62  87  36  74  23   
20  52  10  63  40  66  28  13   6   3  12  ...  15  55  62  87  36  74  23   
21  52  10  63  40  66  28  13   6   3  12  ...  26  62  87  36  74  23   2   
22  52  10  63  40  66  28  13   6   3  12  ...  90  62  87  36  74  23   2   
23  52  10  63  40  66  28  13   6   3  12  ...  90  62  87  36  74  23   2   
24  52  10  63  40  66  28  13   6   3  12  ...  15  55  62  87  36  54   2   
25  52  10  63  40  66  28  13   6   3  12  ...  15  55  62  87  36  74  23   
26  52  10  63  40  66  28  13   6   3  12  ...  90  62  87  36  74  23   2   
27  52  10  63  46  66  28  13   6   3  12  ...  26  15  55  62  87  36  74   
28  52  10  63  40  66  28  13   6   3  12  ...  15  55  62  87  36  74  23   
29  52  10  63  46  66  28  13   6   3  12  ...  15  55  62  87  36  74  23   
30  52  10  63  46  66  28  13   6   3  12  ...  15  55  62  87  36  74  23   
31  52  10  63  40  66  28  13   6   3  12  ...  15  55  62  87  36  74  23   
32  52  10  63  46  66  28  13   6   3  12  ...  90  62  87  36  74  61  23   
33  52  10  63  40  66  28  13   6   3  12  ...  26  15  55  62  87  36  74   
34  52  10  63  46  66  28  13   6   3  12  ...  15  55  62  87  36  74  23   
35  52  10  63  46  66  28  13   6   3  12  ...  90  62  87  36  74  23   2   
36  52  10  63  40  66  28  13   6   3  12  ...  90  62  87  36  74  23   2   
37  52  10  63  40  66  28  13   6   3  12  ...  90  62  87  36  74  23   2   
38  52  10  63  40  66  28  13   6   3  12  ...  15  55  62  87  36  74  23   
39  52  10  63  40  66  28  13   6   3  12  ...  15  55  62  87  36  54   2   
40  52  10  63  40  66  28  13   6   3  12  ...  26  62  87  36  74  23   2   
41  52  10  63  40  66  28  13   6   3  12  ...  15  55  62  87  36  74  23   
42  52  10  63  46  66  28  13   6   3  12  ...  15  55  62  87  36  74  23   
43  52  10  63  46  66  28  13   6   3  12  ...  90  61  62  87  36  74  23   
44  52  10  63  46  66  28  13   6   3  54  ...  26  15  55  62  87  36  74   
45  52  10  63  40  66  28  13   6   3  12  ...  90  62  87  36  74  23   2   
46  52  10  63  46  54  28  13   6   3  12  ...  26  90  62  87  36  74  23   
47  52  10  63  40  66  28  13   6   3  12  ...  15  55  62  87  36  74  23   
48  52  10  63  46  66  28  13   6   3  12  ...  15  55  62  87  36  74  23   
49  52  10  63  40  66  28  13   6   3  12  ...  26  62  87  36  74  23   2   

    95  96  97  
0    2  66  71  
1    2  54  71  
2    2  54  71  
3    2  54  71  
4   54  61  71  
5   54  61  71  
6    2  54  71  
7    2  54  71  
8    2  54  71  
9    2  54  71  
10   2  54  71  
11   2  54  71  
12   2  54  71  
13   2  54  71  
14   2  54  71  
15   2  54  71  
16  54  61  71  
17  54  61  71  
18   2  54  71  
19   2  54  71  
20   2  54  71  
21  54  61  71  
22  54  61  71  
23  54  61  71  
24  23  71  74  
25   2  54  71  
26  54  61  71  
27  23   2  71  
28   2  54  71  
29   2  54  71  
30   2  54  71  
31   2  54  71  
32   2  54  71  
33  23   2  71  
34   2  54  71  
35  54  61  71  
36  54  61  71  
37  54  61  71  
38   2  54  71  
39  23  71  74  
40  54  61  71  
41   2  54  71  
42   2  54  71  
43   2  54  71  
44  23   2  71  
45  54  61  71  
46   2  61  71  
47   2  54  71  
48   2  54  71  
49  54  61  71  

[50 rows x 98 columns] 


População final de genótipos (torneio)
     0   1   2   3   4   5   6   7   8   9   ...  88  89  90  91  92  93  94  \
0   62  49  31  26  57  95  81   2  96  54  ...  87  43  18  67  86  63  13   
1   62  49  61  26  57  95  81   2  96  54  ...  87  43  18  67  86  63  13   
2   62  49  31  26  57  95  81   2  96  54  ...  87  43  18  67  86  63  13   
3   62  49  61  26  57  95  81   2  96  54  ...  87  43  18  67  86  63  13   
4   62  49  61  26  57  95  81   2  96  54  ...  87  43  18  67  86  63  13   
5   62  49  61  26  57  95  81   2  96  54  ...  87  43  18  67  86  63  13   
6   62  49  61  26  57  95  81   2  96  54  ...  87  43  18  67  86  63  13   
7   62  49  31  26  57  95  81   2  96  54  ...  87  43  18  67  86  63  13   
8   62  49  31  26  57  95  81   2  96  54  ...  87  43  18  67  86  63  13   
9   62  49  61  26  57  95  81   2  96  54  ...  87  43  18  67  86  63  13   
10  62  49  61  26  57  95  81   2  96  54  ...  87  43  18  67  86  63  13   
11  62  49  61  26  57  95  81   2  96  54  ...  87  43  18  67  86  63  13   
12  62  49  61  26  57  95  81   2  96  54  ...  87  43  18  67  86  63  13   
13  62  49  61  26  57  95  81   2  96  54  ...  87  43  18  67  86  63  13   
14  62  49  61  26  57  95  81   2  96  54  ...  87  43  18  67  86  63  13   
15  62  49  61  26  57  95  81   2  96  54  ...  87  43  18  67  86  63  13   
16  62  49  61  26  57  95  81   2  96  54  ...  87  43  18  67  86  63  13   
17  62  49  61  26  57  95  81   2  96  54  ...  87  43  18  67  86  63  13   
18  62  49  61  26  57  95  81   2  96  54  ...  87  43  18  67  86  63  13   
19  62  49  61  26  57  94  81   2  96  54  ...  87  43  18  67  86  63  13   
20  62  49  61  26  57  95  81   2  96  54  ...  43  18  67  86  63   0  13   
21  62  49  61  26  57  94  81   2  96  54  ...  87  43  18  67  86  63  13   
22  62  49  61  26  57  95  81   2  96  54  ...  87  43  18  67  86  63  13   
23  62  49  61  26  57  95  81   2  96  54  ...  43   0  18  67  86  63  13   
24  62  49  61  26  57  95  81   2  96  54  ...  87  43  18  67  86  63  13   
25  62  49  61  26  57  95  81   2  96  54  ...  87  43  18  67  86  63  13   
26  62  49  61  26  57  95  81   2  96  54  ...  87  43  18  67  86  63  13   
27  62  49  61  26  57  95  81   2  96  54  ...  87  43  18  67  86  63  13   
28  62  49  61  26  57  95  81   2  96  54  ...  87  43  18  67  86  63  13   
29  62  49  61  26  57  95  81   2  96  54  ...  43   0  18  67  86  63  13   
30  62  49  61  26  57  95  81   2  96  54  ...  87  43  18  67  86  63  13   
31  62  49  61  26  57  95  81   2  96  54  ...  87  43  18  67  86  63  13   
32  62  49  61  26  57  95  81   2  96  54  ...  87  43  18  67  86  63  13   
33  62  49  31  26  57  95  81   2  96  54  ...  87  43  18  67  86  63  13   
34  62  49  61  26  57  95  81   2  96  54  ...  87  43  18  67  86  63  13   
35  62  49  61  26  57  95  81   2  96  54  ...  87  43  18  67  86  63  13   
36  62  49  61  26  57  95  81   2  96  54  ...  87  43  18  67  86  63  13   
37  62  49  31  26  57  95  81   2  96  54  ...  87  43  18  67  86  63  13   
38  62  49  61  26  57  95  81   2  96  54  ...  87  43  18  67  86  63  13   
39  62  49  61  26  57  95  81   2  96  54  ...  87  43  18  67  86  63  13   
40  62  49  61  26  57  95  81   2  96  54  ...  87  43  18  67  86  63  13   
41  62  49  61  26  57  95  81   2  96  54  ...  87  43  18  67  86  63  13   
42  62  49  61  26  57  95  81   2  96  54  ...  43   0  18  67  86  63  13   
43  62  49  31  26  57  95  81   2  96  54  ...  87  43  18  67  86  63  13   
44  62  49  61  26  57  95  81   2  96  54  ...  87  43  18  67  86  63  13   
45  62  49  61  26  57  95  81   2  96  54  ...  87  43  18  67  86  63  13   
46  62  49  61  26  57  95  81   2  96  54  ...  87  43  18  67  86  63  13   
47  62  49  61  26  57  95  81   2  96  54  ...  87  43  18  67  86  63  13   
48  62  49  61  26  57  95  81   2  96  54  ...  87  43  18  67  86  63  13   
49  62  49  61  26  57  95  81   2  96  54  ...  87  43  18  67  86  63  13   

    95  96  97  
0   52   8  85  
1   52   8  85  
2   52   8  85  
3   52   8  85  
4   52   8  85  
5   52   8  85  
6   52   8  85  
7   52   8  85  
8   52   8  85  
9   52   8  85  
10  52   8  85  
11  52   8  85  
12  52   8  85  
13  52   8  85  
14  52   8  85  
15  52   8  85  
16  52   8  85  
17  52  85   8  
18  52   8  85  
19  52   8  85  
20  52  85   8  
21  52   8  85  
22  52   8  85  
23  52   8  85  
24  52  85  88  
25  52   8  85  
26  52   8  85  
27  52   8  85  
28  52   8  85  
29  52   8  85  
30  52   8  85  
31  52  85  88  
32  52   8  85  
33  52   8  85  
34  52  85  88  
35  52   8  85  
36  52   8  85  
37  52   8  85  
38  52   8  85  
39  52   8  85  
40  52   8  85  
41  52   8  85  
42  52   8  85  
43  52   8  85  
44  52   8  85  
45  52  85   8  
46  52   8  85  
47  52   8  85  
48  52   8  85  
49  52   8  85  

[50 rows x 98 columns] 


População final de genótipos (torneio)
     0   1   2   3   4   5   6   7   8   9   ...  88  89  90  91  92  93  94  \
0   63  69  44  48  58   3  90  80  79  73  ...  11  39  20   4  71  56  29   
1   52  81  44  48  58   3  90  80  79  73  ...  11  39  20   4  71  56  29   
2   63  69  44  48  58   3  90  80  79  73  ...  11  39  20   4  71  56  29   
3   87  81  44  48  58   3  90  80  79  73  ...  11  39  20   4  89  56  29   
4   63  69  44  48  58   3  90  80  79  73  ...  11  39  20   4  71  56  29   
5   63  69  44  48  58   3  90  80  79  73  ...  11  39  20   4  71  56  29   
6   63  69  44  48  58   3  90  80  79  73  ...  11  39  20   4  71  56  29   
7   63  69  44  48  58   3  90  80  79  73  ...  11  39  20   4  71  56  29   
8   63  69  44  48  58   3  90  80  79  73  ...  11  39  20   4  71  56  29   
9   63  69  44  48  58   3  90  80  79  73  ...  11  39  20   4  71  56  29   
10  63  69  44  48  58   3  90  80  79  73  ...  11  39  20   4  71  56  29   
11  63  69  44  48  58   3  90  80  79  73  ...  11  39  20   4  71  56  29   
12  63  81  44  48  58   3  90  80  79  73  ...  11  39  20   4  71  56  29   
13  63  81  44  48  58   3  90  80  79  73  ...  11  39  20   4  71  56  29   
14  52  81  44  48  58   3  90  80  79  73  ...  11  39  20   4  71  56  29   
15  52  81  44  48  58   3  90  80  79  73  ...  11  39  20   4  71  56  29   
16  63  69  44  48  58   3  90  80  79  73  ...  11  39  20   4  71  56  29   
17  63  69  44  48  58   3  90  80  79  73  ...  11  39  20   4  71  56  29   
18  63  81  44  48  58   3  90  80  79  73  ...  11  39  20   4  71  56  29   
19  63  69  44  48  58   3  90  80  79  73  ...  11  39  20   4  71  56  29   
20  63  69  44  48  58   3  90  80  79  73  ...  11  39  20   4  71  56  29   
21  63  81  44  48  58   3  90  80  79  73  ...  11  39  20   4  71  56  29   
22  63  81  44  48  58   3  90  80  79  73  ...  11  39  20   4  71  56  29   
23  63  81  44  48  58   3  90  80  79  73  ...  11  39  20   4  71  56  29   
24  63  69  44  48  58   3  90  93  79  73  ...  11  39  20   4  71  56  29   
25  63  69  44  48  58   3  90  80  79  73  ...  11  39  20   4  71  56  29   
26  63  69  44  48  58   3  90  80  79  73  ...  11  39  20   4  71  56  29   
27  63  81  44  48  58   3  90  80  79  73  ...  11  39  20   4  89  56  29   
28  63  69  44  48  58   3  90  80  79  73  ...  11  39  20   4  71  56  29   
29  63  69  44  48  58   3  90  80  79  73  ...  11  39  20   4  71  56  29   
30  52  81  44  48  58   3  90  80  79  73  ...  11  39  20   4  71  56  29   
31  87  81  44  48  58   3  90  80  79  73  ...  62  11  39  20   4  56  29   
32  63  69  44  48  58   3  90  80  79  73  ...  11  39  20   4  71  56  29   
33  63  69  44  48  58   3  90  80  79  73  ...  11  39  20   4  71  56  29   
34  63  81  44  48  58   3  90  80  79  73  ...  11  39  20   4  71  56  29   
35  52  81  44  48  58   3  90  80  79  73  ...  11  39  20   4  71  56  29   
36  63  69  44  48  58   3  90  80  79  73  ...  11  39  20   4  71  56  29   
37  63  69  44  48  58   3  90  93  79  73  ...  11  39  20   4  71  56  29   
38  63  69  44  48  58   3  90  80  79  73  ...  11  39  20   4  71  56  29   
39  63  81  44  48  58   3  90  80  79  73  ...  11  39  20   4  71  56  29   
40  52  81  44  48  58   3  90  80  79  73  ...  11  39  20   4  71  56  29   
41  63  69  44  48  58   3  90  80  79  73  ...  11  39  20   4  71  56  29   
42  63  81  44  48  58   3  90  80  79  73  ...  11  39  20   4  71  56  29   
43  63  69  44  48  58   3  90  80  79  73  ...  11  39  20   4  71  56  29   
44  63  69  44  48  58   3  90  80  79  73  ...  11  39  20   4  71  56  29   
45  52  81  44  48  58   3  90  80  79  73  ...  11  39  20   4  71  56  29   
46  63  69  44  48  58   3  90  80  79  73  ...  11  39  20   4  71  56  29   
47  63  69  44  48  58   3  90  80  79  73  ...  11  39  20   4  71  56  29   
48  63  69  44  48  58   3  90  80  79  73  ...  11  39  20   4  71  56  29   
49  52  81  44  48  58   3  90  80  79  73  ...  11  39  20   4  71  56  29   

    95  96  97  
0   10  21   2  
1   10  21   2  
2   10  21   2  
3   10  21   2  
4   10  21   2  
5   10  21   2  
6   10  21   2  
7   10  21   2  
8   10  21   2  
9   10  21   2  
10  10  21   2  
11  10  21   2  
12  10  21   2  
13  10  21   2  
14  10  21   2  
15  10  21   2  
16  10  21   2  
17  10  21   2  
18  10  21   2  
19  10  21   2  
20  10  21   2  
21  10  21   2  
22  10  21   2  
23  10  21   2  
24  10  21   2  
25  10  21   2  
26  10  21   2  
27  10  21   2  
28  10  21   2  
29  10  21   2  
30  10  21   2  
31  10  21   2  
32  10  21   2  
33  10  21   2  
34  10  21   2  
35  10  21   2  
36  10  21   2  
37  10  21   2  
38  10  21   2  
39  10  21   2  
40  10  21   2  
41  10  21   2  
42  10  21   2  
43  10  21   2  
44  10  21   2  
45  10  21   2  
46  10  21   2  
47  10  21   2  
48  10  21   2  
49  10  21   2  

[50 rows x 98 columns] 


População final de genótipos (torneio)
     0   1   2   3   4   5   6   7   8   9   ...  88  89  90  91  92  93  94  \
0   30  76  85  77  49  43   2  91  64  11  ...  94  57  10  37  27  55  28   
1   30  76  85  77  49  43   2  91  64  11  ...  94  57  10  37  27  55  28   
2   30  76  85  77  49  43   2  91  64  11  ...  94  57  10  37  27  55  28   
3   30  76  85  77  49  43   2  91  64  11  ...  94  57  37  13  27  55  28   
4   30  76  85  14  49  43   2  91  64  11  ...  94  57  37  13  27  55  28   
5   30  76  85  77  49  43   2  91  64  11  ...  94  57  37  13  27  55  28   
6   30  76  85  77  49  43   2  91  64  11  ...  94  57  37  13  27  55  28   
7   30  76  85  77  49  43   2  91  64  11  ...  94  57  37  13  27  55  28   
8   30  76  85  77  49  43   2  91  64  11  ...  94  57  37  13  27  55  28   
9   30  76  85  77  49  43   2  91  64  11  ...  94  57  37  13  27  55  28   
10  30  76  85  77  49  43   2  91  64  11  ...  94  57  37  13  27  55  28   
11  30  76  85  77  49  43   2  91  64  11  ...  94  57  37  13  27  55  28   
12  30  76  85  77  49  43   2  91  64  11  ...  94  57  37  13  27  55  28   
13  30  76  85  77  49  43   2  91  64  11  ...  94  57  37  13  27  55  28   
14  30  76  85  14  49  43   2  91  64  11  ...  94  57  37  13  27  55  28   
15  30  76  85  77  49  43   2  91  64  11  ...  94  57  37  13  27  55  28   
16  30  76  85  77  49  43   2  91  15  11  ...  94  57  10  37  27  55  28   
17  30  76  85  77  49  43   2  91  64  11  ...  94  57  37  13  27  55  28   
18  30  76  85  77  49  43   2  91  15  11  ...  94  57  37  13  27  55  28   
19  30  76  85  77  49  43   2  91  15  11  ...  94  57  37  13  27  55  28   
20  30  76  85  77  49  43   2  91  64  11  ...  94  57  37  13  27  55  28   
21  30  76  85  77  49  46   2  91  64  11  ...  94  57  37  13  27  55  28   
22  30  76  85  77  49  43   2  91  64  11  ...  94  57  37  13  27  55  28   
23  30  76  85  77  49  43   2  91  64  11  ...  94  57  10  37  27  55  28   
24  30  76  85  77  49  43   2  91  64  11  ...  94  57  37  13  27  55  28   
25  30  76  85  77  49  43   2  91  64  11  ...  94  57  10  37  27  55  28   
26  30  76  85  77  49  43   2  91  64  11  ...  94  57  37  13  27  55  28   
27  30  76  85  77  49  43   2  91  64  11  ...  94  57  95  13  27  55  28   
28  30  76  85  77  49  43   2  91  64  11  ...  94  57  37  13  27  55  28   
29  30  76  85  77  49  43   2  91  64  11  ...  94  57  37  13  27  55  28   
30  30  76  85  77  49  43   2  91  64  11  ...  94  57  10  37  27  55  28   
31  30  76  85  77  49  43   2  91  64  11  ...  94  57  37  13  27  55  28   
32  30  76  85  77  49  43   2  91  64  11  ...  94  57  37  13  27  55  28   
33  30  76  85  77  49  43   2  91  64  11  ...  94  57  37  13  27  55  28   
34  30  76  85  77  49  43   2  91  64  11  ...  94  57  37  13  27  55  28   
35  30  76  85  77  49  43   2  91  64  11  ...  94  57  37  13  27  55  28   
36  30  76  85  14  49  43   2  91  64  11  ...  94  57  37  13  27  55  28   
37  30  76  85  77  49  43   2  91  64  11  ...  94  57  37  13  27  55  28   
38  30  76  85  77  49  43   2  91  64  11  ...  94  57  37  13  27  55  28   
39  30  76  85  14  49  43   2  91  64  11  ...  94  57  37  13  27  55  28   
40  30  76  85  77  49  43   2  91  15  11  ...  94  57  10  37  27  55  28   
41  30  76  85  77  49  43   2  91  64  11  ...  94  57  37  13  27  55  28   
42  30  76  85  77  49  43   2  51  64  11  ...  94  57  37  13  27  55  28   
43  30  76  85  77  49  46   2  91  64  11  ...  94  57  37  13  27  55  28   
44  30  76  85  77  49  43   2  91  15  11  ...  94  57  37  13  27  55  28   
45  30  76  85  77  49  43   2  91  64  11  ...  94  57  10  37  27  55  28   
46  30  76  85  77  49  43   2  91  64  11  ...  94  57  37  13  27  55  28   
47  30  76  85  77  49  43   2  91  64  11  ...  94  57  37  13  27  55  28   
48  30  76  85  77  49  43   2  91  15  11  ...  94  57  37  13  27  55  28   
49  30  76  85  77  49  43   2  91  64  11  ...  94  57  37  13  27  55  28   

    95  96  97  
0   81  97  50  
1   81  97  50  
2   81  97  50  
3   81  97  50  
4   81  97  50  
5   81  97  50  
6   81  97  50  
7   81  97  50  
8   81  97  50  
9   81  97  50  
10  81  97  50  
11  81  97  50  
12  81  97  50  
13  81  97  50  
14  81  97  50  
15  81  97  50  
16  81  97  50  
17  81  97  50  
18  81  97  50  
19  81  97  50  
20  81  97  50  
21  81  97  50  
22  81  97  50  
23  81  97  50  
24  81  97  50  
25  81  97  50  
26  81  97  50  
27  81  97  50  
28  81  97  50  
29  81  97  50  
30  81  97  50  
31  81  97  50  
32  81  97  50  
33  81  97  50  
34  81  97  50  
35  81  97  50  
36  81  97  50  
37  81  97  50  
38  81  97  50  
39  81  97  50  
40  81  97  50  
41  81  97  50  
42  81  97  50  
43  81  97  50  
44  81  97  50  
45  81  97  50  
46  81  97  50  
47  81  97  50  
48  81  97  50  
49  81  97  50  

[50 rows x 98 columns] 


População final de genótipos (torneio)
     0   1   2   3   4   5   6   7   8   9   ...  88  89  90  91  92  93  94  \
0   61  80  85  44  24  19  37  64   3  89  ...  67   8  68  66  11  81  59   
1   61  80  85  44  24  19  37  64  36  89  ...  67   8  68  66  11  81  59   
2   61  80  85  44  24  19  37  64  36  89  ...  67   8  68  66  11  81  59   
3   61  80  85  44  24  19  37  64  36  89  ...  67   8  68  66  11  81  59   
4   61  80  85  44  24  19  37  64  36  89  ...  67   8  68  66  11  81  59   
5   61  80  85  44  24  19  37  64  36  89  ...  67   8  68  66  11  81  59   
6   61  80  85  44  24  19  37  64  36  89  ...  67   8  68  66  11  81  59   
7   61  80  85  44  24  19  37  64   3  89  ...  67   8  68  66  11  81  59   
8   61  80  85  44  24  19  37  64   3  89  ...  67   8  68  66  11  81  59   
9   61  80  85  44  24  19  37  64   3  89  ...  67   8  68  66  11  81  59   
10  61  80  85  44  24  19  37  64  36  89  ...   8  68   0  66  11  81  59   
11  61  80  85  44  24  19  37  64  36  89  ...  67   8  68  79  11  81  59   
12  61  80  85  44  24  19  37  64  36  89  ...   8  68   0  66  11  81  59   
13  61  80  85  44  24  19  37  64  36  89  ...  67   8  68  66  11  81  59   
14  61  80  85  44  24  19  37  64  36  89  ...  67   8  68  66  11  81  59   
15  61  80  85  44  24  19  37  64  36  89  ...  67   8  68  66  11  81  59   
16  61  80  85  44  24  19  37  64  36  89  ...  67   8  68  66  11  81  59   
17  61  80  85  44  24  19  37  64  36  89  ...  67   8  68  66  11  81  59   
18  61  80  85  44  24  19  37  64   3  89  ...  86   8  68  66  11  81  59   
19  61  80  85  44  24  19  37  64   3  89  ...   8  68   0  66  11  81  59   
20  61  80  85  44  24  19  37  64  36  89  ...  67   8  68  66  11  81  59   
21  61  80  90  44  24  19  37  64  36  89  ...  67   8  68  66  11  81  59   
22  61  80  85  44  24  19  37  64   3  89  ...   8  31  68  66  11  81  59   
23  61  80  85  44  24  19  37  64  36  89  ...   8  31  68  66  11  81  59   
24  61  80  85  44  15  19  37  64  36  89  ...  31   8  68  66  11  81  59   
25  61  80  85  44  24  19  37  64   3  89  ...   8  68   0  66  11  81  59   
26  61  80  85  44  24  19  37  64  36  89  ...  67   8  68  66  11  81  59   
27  61  80  85  44  24  19  37  64  36  89  ...  67   8  68  66  11  81  59   
28  61  80  85  44  24  19  37  64  36  89  ...  31   8  68  66  11  81  59   
29  61  80  85  44  24  19  37  64  36  89  ...  67   8  68  66  11  81  59   
30  61  80  85  44  24  19  37  64  36  89  ...  67   8  68  66  11  81  59   
31  61  80  85  44  24  19  37  64  36  89  ...   8  68   0  66  11  81  59   
32  61  80  85  44  24  19  37  64   3  89  ...  86   8  68  66  11  81  59   
33  61  80  85  44  24  19  37  64  36  89  ...  67   8  68  66  11  81  59   
34  61  80  85  44  24  19  37  64   3  89  ...  67   8  68  66  11  81  59   
35  61  80  85  44  24  19  37  64  36  89  ...  67   8  68  66  11  81  59   
36  61  80  85  44  24  19  37  64  36  89  ...  67   8  68  66  11  81  59   
37  61  80  85  44  24  19  37  64  36  89  ...  67   8  68  66  11  81  59   
38  61  80  85  44  24  19  37  64  36  89  ...   8  68   0  66  11  81  59   
39  61  80  85  44  24  19  37  64  36  89  ...  86   8  68  66  11  81  59   
40  61  80  85  44  24  19  37  64   3  89  ...  67   8  68  66  11  81  59   
41  61  80  85  44  24  19  37  64  36  89  ...  67   8  68  66  11  81  59   
42  61  80  85  44  24  19  37  64   3  89  ...  86   8  68  66  11  81  59   
43  61  80  85  44  24  19  37  64  36  89  ...  67   8  68  66  11  81  59   
44  61  80  85  44  24  19  37  64  36  89  ...  31   8  68  66  11  81  59   
45  61  80  85  44  24  19  37  64   3  89  ...  86   8  68  66  11  81  59   
46  61  80  85  44  24  19  37  64   3  89  ...  67   8  68  66  11  81  59   
47  61  80  85  44  24  19  37  64  36  89  ...   8  31  68  66  11  81  59   
48  61  80  85  44  24  19  37  64  36  89  ...  67   8  68  66  11  81  59   
49  61  80  85  44  24  19  37  64  36  89  ...  67   8  68  66  11  81  59   

    95  96  97  
0    2   6  47  
1    2   6  47  
2    2   6  47  
3    2   6  47  
4    2   6  47  
5    2   6  47  
6    2   6  47  
7    2   6  47  
8    2   6  47  
9    2   6  47  
10   2   6  47  
11   2   6  47  
12   2   6  47  
13   2   6  47  
14   2   6  47  
15   2   6  47  
16   2   6  47  
17   2   6  47  
18   2   6  47  
19   2   6  47  
20   2   6  47  
21   2   6  47  
22   2   6  47  
23   2   6  47  
24   2   6  47  
25   2   6  47  
26   2   6  47  
27   2   6  47  
28   2   6  47  
29   2   6  47  
30   2   6  47  
31   2   6  47  
32   2   6  47  
33   2   6  47  
34   2   6  47  
35   2   6  47  
36   2   6  47  
37   2   6  47  
38   2   6  47  
39   2   6  47  
40   2   6  47  
41   2   6  47  
42   2   6  47  
43   2   6  47  
44   2   6  47  
45   2   6  47  
46   2   6  47  
47   2   6  47  
48   2   6  47  
49   2   6  47  

[50 rows x 98 columns] 


População final de genótipos (elitismo)
      0   1   2   3   4   5   6   7   8   9   ...  88  89  90  91  92  93  94  \
0    75  71   5   4  53  30  65  82  14  10  ...  50  83  20  60   0  13  86   
1    75  71   5   4  53  30  65  86  14  10  ...  50  83  20  60   0  13  82   
2    75  71   5   4  53  30  65  82  14  10  ...  50  83  20  60   0  13  86   
3    75  71   5   4  53  30  65  82  14  10  ...  50  83  20  60   0  13  86   
4    75  71   5   4  53  30  65  82  14  10  ...  50  83  20  60   0  13  86   
..   ..  ..  ..  ..  ..  ..  ..  ..  ..  ..  ...  ..  ..  ..  ..  ..  ..  ..   
495  75  71   5   4  53  30  65  82  14  10  ...  50  83  20  60   0  13  86   
496  75  71   5   4  53  30  65  82  14  10  ...  50  83  20  60   0  13  86   
497  75  71   5   4  53  30  65  82  14  10  ...  50  83  20  60   0  13  86   
498  75  71   5   4  53  30  65  82  14  10  ...  50  83  20  60   0  13  86   
499  75  71   5   4  53  30  65  82  14  10  ...  50  83  20  60   0  13  86   

     95  96  97  
0    54  33  70  
1    54  33  70  
2    54  33  70  
3    54  33  70  
4    54  33  70  
..   ..  ..  ..  
495  54  33  70  
496  54  33  70  
497  54  33  70  
498  54  33  70  
499  54  33  70  

[500 rows x 98 columns] 


População final de genótipos (elitismo)
      0   1   2   3   4   5   6   7   8   9   ...  88  89  90  91  92  93  94  \
0    10  14   7   6  25  19  74   8  85  44  ...  66  30  53   4  76  34  22   
1    10  14   7   6  25  19  74   8  85  44  ...  66  30  53   4  76  34  22   
2    10  14   7   6  25  19  74   8  85  44  ...  66  30  53   4  76  34  22   
3    10  14   7   6  25  19  74   8  85  44  ...  66  30  53   4  76  34  22   
4    10  14   7   6  25  19  74   8  85  44  ...  66  30  53   4  76  34  22   
..   ..  ..  ..  ..  ..  ..  ..  ..  ..  ..  ...  ..  ..  ..  ..  ..  ..  ..   
495  10  14   7   6  25  19  74   8  85  44  ...  66  30  53   4  76  34  22   
496  10  14   7   6  25  19  74   8  85  44  ...  66  30  53   4  76  34  22   
497  10  14   7   6  25  19  74   8  85  44  ...  66  30  53   4  76  34  22   
498  10  14   7   6  25  19  74   8  85  44  ...  66  30  53   4  76  34  22   
499  10  14   7   6  25  19  74   8  85  44  ...  66  30  53   4  76  34  22   

     95  96  97  
0    95  41  92  
1    95  41  92  
2    95  41  92  
3    95  41  92  
4    95  41  92  
..   ..  ..  ..  
495  95  41  92  
496  95  41  92  
497  95  41  92  
498  95  41  92  
499  95  41  92  

[500 rows x 98 columns] 


População final de genótipos (elitismo)
      0   1   2   3   4   5   6   7   8   9   ...  88  89  90  91  92  93  94  \
0    82   9  27  59  54  81  25  32  56  85  ...   8  40  90  60  46  78  86   
1    82   9  27  59  54  81  25  32  56  85  ...   8  40  90  60  46  78  86   
2    82   9  27  59  54  81  25  32  56  85  ...   8  40  34  60  46  78  86   
3    82   9  27  59  54  81  25  32  56  85  ...   8  40  90  60  46  78  86   
4    82   9  27  59  54  81  25  32  56  85  ...   8  40  90  60  46  78  86   
..   ..  ..  ..  ..  ..  ..  ..  ..  ..  ..  ...  ..  ..  ..  ..  ..  ..  ..   
495  82   9  27  59  54  81  25  32  56  85  ...   8  40  90  60  46  78  86   
496  82   9  27  59  54  81  25  32  56  85  ...   8  40  90  60  46  78  86   
497  82   9  27  59  54  81  25  32  56  85  ...   8  40  90  60  46  78  86   
498  82   9  27  59  54  81  25  32  56  85  ...   8  40  90  60  46  78  86   
499  82   9  27  59  54  81  25  32  56  85  ...   8  40  90  60  46  78  86   

     95  96  97  
0    28  55  33  
1    28  55  33  
2    28  55  33  
3    28  55  33  
4    28  55  33  
..   ..  ..  ..  
495  28  55  33  
496  28  55  33  
497  28  55  33  
498  28  55  33  
499  28  55  33  

[500 rows x 98 columns] 


População final de genótipos (elitismo)
      0   1   2   3   4   5   6   7   8   9   ...  88  89  90  91  92  93  94  \
0    76  53   4   1  93  18   8  74  28  81  ...  68  20  83  50  19  25  55   
1    76  53   4   1  93  18   8  74  28  81  ...  68  20  83  89  19  25  55   
2    76  53   4   1  93  18   8  74  28  81  ...  68  20  83  89  19  25  55   
3    76  53   4   1  93  18   8  74  28  81  ...  68  20  83  50  19  25  55   
4    76  53   4   1  93  18   8  74  28  81  ...  68  20  83  50  19  25  55   
..   ..  ..  ..  ..  ..  ..  ..  ..  ..  ..  ...  ..  ..  ..  ..  ..  ..  ..   
495  76  53   4   1  93  18   8  74  28  81  ...  68  20  83  50  19  25  55   
496  76  53   4   1  93  18   8  74  28  81  ...  68  20  83  50  19  25  55   
497  76  53   4   1  93  18   8  74  28  81  ...  68  20  83  50  19  25  55   
498  76  53   4   1  93  18   8  74  28  81  ...  68  20  83  50  19  25  55   
499  76  53   4   1  93  18   8  74  28  81  ...  68  20  83  50  19  25  55   

     95  96  97  
0    41  69  45  
1    41  69  45  
2    41  69  45  
3    41  69  45  
4    41  69  45  
..   ..  ..  ..  
495  41  69  45  
496  41  69  45  
497  41  69  45  
498  41  69  45  
499  41  69  45  

[500 rows x 98 columns] 


População final de genótipos (elitismo)
      0   1   2   3   4   5   6   7   8   9   ...  88  89  90  91  92  93  94  \
0    96  67  12  15  45  35  95  26  13  21  ...  50  30  70  53  47  61  80   
1    96  67  12  15  45  35  95  31  13  21  ...  50  30  70  53  47  61  80   
2    96  67  12  15  45  35  95  31  13  21  ...  50  30  70  53  47  61  80   
3    96  67  12  15  45  35  95  31  13  21  ...  50  30  70  53  47  61  80   
4    96  67  12  15  45  35  95  31  13  21  ...  50  30  70  53  47  61  80   
..   ..  ..  ..  ..  ..  ..  ..  ..  ..  ..  ...  ..  ..  ..  ..  ..  ..  ..   
495  96  67  12  15  45  35  95  31  13  21  ...  50  30  70  53  47  61  80   
496  96  67  12  15  45  35  95  31  13  21  ...  50  30  70  53  47  61  80   
497  96  67  12  15  45  35  95  31  13  21  ...  50  30  70  53  47  61  80   
498  96  67  12  15  45  35  95  31  13  21  ...  50  30  70  53  47  61  80   
499  96  67  12  15  45  35  95  31  13  21  ...  50  30  70  53  47  61  80   

     95  96  97  
0    43  44  42  
1    43  44  42  
2    43  44  42  
3    43  44  42  
4    43  44  42  
..   ..  ..  ..  
495  43  44  42  
496  43  44  42  
497  43  44  42  
498  43  44  42  
499  43  44  42  

[500 rows x 98 columns] 


População final de genótipos (torneio)
      0   1   2   3   4   5   6   7   8   9   ...  88  89  90  91  92  93  94  \
0    76  53   5  71  80  63  52  13  91   7  ...  24  19  84  86  54  77   3   
1    76  53   5  71  80  63  52  13  91   7  ...  24  19  84  86  54  77   3   
2    76  53   5  71  80  63  52  13  91   7  ...  24  19  84  86  54  77   3   
3    76  53   5  71  80  63  52  13  91   7  ...  24  19  84  86  54  77   3   
4    76  53   5  71  80  63  52  13  91   7  ...  24  19  84  86  54  77   3   
..   ..  ..  ..  ..  ..  ..  ..  ..  ..  ..  ...  ..  ..  ..  ..  ..  ..  ..   
495  76  53   5  71  80  63  60  13  91   7  ...  24  19  84  86  54  77   3   
496  76  53   5  71  80  63  60  13  91   7  ...  24  19  84  86  54  77   3   
497  76  53   5  71  80  63  60  13  91   7  ...  24  19  84  86  54  77   3   
498  76  53   5  71  80  63  60  13  91   7  ...  24  19  84  86  54  77   3   
499  76  53   5  71  80  63  60  13  91  95  ...  24  19  84  86  54  77   3   

     95  96  97  
0    48  89  94  
1    48  89  94  
2    48  89  94  
3    48  89   4  
4    48  89  94  
..   ..  ..  ..  
495  48  89  94  
496  48  89  94  
497  48  36  94  
498  48  89  94  
499  48  89  94  

[500 rows x 98 columns] 


População final de genótipos (torneio)
      0   1   2   3   4   5   6   7   8   9   ...  88  89  90  91  92  93  94  \
0    94  73  35  45  90  34  61  93  75  20  ...  74  85  40   9  10  92  60   
1    94  73  35  45  90  34  61  93  75  20  ...  74  85  40   9  10  92  60   
2    94  73  35  45  90  34  61  93  75  20  ...  74  85  40   9  10  92  60   
3    94  73  35  45  90  34  61  93  75  20  ...  74  85  40   9  10  92  60   
4    94  73  35  45  90  34  61  93  75  20  ...  74  85  40   9  10  92  60   
..   ..  ..  ..  ..  ..  ..  ..  ..  ..  ..  ...  ..  ..  ..  ..  ..  ..  ..   
495  94  73  35  45  90  34  61  93  75  20  ...  74  85  40   9  10  92  60   
496  94  73  35  45  90  34  61  93  75  20  ...  74  85  40   9  10  92  60   
497  94  73  35  45  90  34  61  93  75  20  ...  74  85  40   9  10  92  60   
498  94  73  35  45  90  34  61  93  75  20  ...  74  85  40   9  10  92  60   
499  94  73  35  45  90  34  61  93  75  20  ...  74  85  40   9  10  92  60   

     95  96  97  
0    76   5  53  
1    76   5  53  
2    76   5  53  
3    76   5  53  
4    76   5  53  
..   ..  ..  ..  
495  76   5  53  
496  76   5  53  
497  76   5  53  
498  76   5  53  
499  76   5  53  

[500 rows x 98 columns] 


População final de genótipos (torneio)
      0   1   2   3   4   5   6   7   8   9   ...  88  89  90  91  92  93  94  \
0    30  35  46   0  31  17  57  23  27  32  ...  43  53   4   1  47  76  71   
1    30  35  46   0  31  17  57  23  27  32  ...  43  53   4   1  47  76  71   
2    30  35  46   0  31  17  57  23  27  32  ...  43  53   4   1  47  76  71   
3    30  35  46   0  31  17  57  23  27  32  ...  43  53   4   1  47  76  71   
4    30  35  46   0  31  17  57  23  27  32  ...  43  53   4   1  47  76  71   
..   ..  ..  ..  ..  ..  ..  ..  ..  ..  ..  ...  ..  ..  ..  ..  ..  ..  ..   
495  30  35  46   0  31  17  57  23  27  32  ...  43  53   4   1  47  76  71   
496  30  35  46   0  17  31  57  23  27  32  ...  43  53   4   1  47  76  71   
497  30  35  46   0  31  17  57  23  27  32  ...  97  43  53   4   1  47  76   
498  30  35  46   0  31  17  57  23  27  32  ...  97  43   4   1  47  76  71   
499  30  35  46   0  31  17  57  23  27  32  ...  97  43   4   1  47  76  71   

     95  96  97  
0    93  75  20  
1    93  75  20  
2    93  75  20  
3    93  75  20  
4    93  75  20  
..   ..  ..  ..  
495  93  75  20  
496  93  75  20  
497  93  75  20  
498  93  75  20  
499  93  75  20  

[500 rows x 98 columns] 


População final de genótipos (torneio)
      0   1   2   3   4   5   6   7   8   9   ...  88  89  90  91  92  93  94  \
0    43  97  87  38  20  71   5  30  51  35  ...  28  54  86   6  10  92  52   
1    43  97  87  38  20  71   5  30  51  35  ...  28  54  86   6  10  92  52   
2    43  97  87  38  20  71   5  30  51  35  ...  28  54  86   6  10  92  52   
3    43  97  87  38  20  71   5  30  51  35  ...  28  54  86   6  10  92  52   
4    43  97  87  38  20  71   5  30  51  35  ...  28  54  86   6  10  92  52   
..   ..  ..  ..  ..  ..  ..  ..  ..  ..  ..  ...  ..  ..  ..  ..  ..  ..  ..   
495  43  97  87  38  20  71   5  30  51  35  ...  28  54  86   6  10  92  52   
496  43  97  87  38  20  71   5  30  51  35  ...  81  28  54  86   6  10  52   
497  43  97  87  38  20  71   5  30  51  35  ...  81  28  54  86   6  10  52   
498  43  97  87  38  20  71   5  30  51  35  ...  28  54  86   6  10  92  52   
499  43  97  87  38  20  71   5  30  51  35  ...  28  54  86  92   6  10  52   

     95  96  97  
0    36  58  77  
1    36  58  77  
2    36  58  77  
3    36  58  77  
4    36  58  77  
..   ..  ..  ..  
495  36  58  77  
496  36  58  77  
497  36  58  77  
498  36  58  77  
499  36  58  77  

[500 rows x 98 columns] 


População final de genótipos (torneio)
      0   1   2   3   4   5   6   7   8   9   ...  88  89  90  91  92  93  94  \
0    62  16  81  28  86  59   2  10  14   7  ...  20  89  29  72  93  75  50   
1    62  16  81  28  86  59   2  10  14   7  ...  20  89  29  72  93  75  50   
2    62  16  81  28  86  59   2  10  14   7  ...  20  89  29  72  93  75  50   
3    62  16  81  28  86  59   2  10  14   7  ...  20  89  29  72  93  75  50   
4    62  16  81  28  86  59   2  10  14   7  ...  20  89  29  72  93  75  50   
..   ..  ..  ..  ..  ..  ..  ..  ..  ..  ..  ...  ..  ..  ..  ..  ..  ..  ..   
495  62  16  81  28  86  59   2  10  14   7  ...  89  29  72  51  93  75  50   
496  62  16  81  28  86  59   2  10  14   7  ...  20  89  29  72  93  75  50   
497  62  16  81  28  86  59   2  10  14   7  ...  20  89  29  72  93  75  50   
498  62  16  81  28  86  59   2  10  14   7  ...  20  89  29  72  93  75  50   
499  62  16  81  28  86  59   2  10  14   7  ...  20  89  29  72  93  75  50   

     95  96  97  
0    83   3  77  
1    83   3  77  
2    83   3  77  
3    83   3  77  
4    83   3  77  
..   ..  ..  ..  
495  83   3  77  
496  83   3  77  
497  83   3  77  
498  83   3  77  
499  83   3  77  

[500 rows x 98 columns] 


Tempo - Comparação de métodos heurísticos

Tempo elitismo -  145.19238344099904
Tempo torneio -  150.25944019499912
