-----------------------------------------------------------

Primeira análise


População final de genótipos (elitismo)
     0   1   2   3   4   5   6   7   8   9   10
0   10   5   1   8   2   7   6   9   3   0   4
1   10   5   1   8   2   7   6   9   3   0   4
2   10   5   1   8   2   7   6   9   3   0   4
3   10   5   1   8   2   7   6   9   3   0   4
4   10   5   1   8   2   7   6   9   3   0   4
5   10   5   1   8   2   7   6   9   3   0   4
6   10   5   1   8   2   7   6   9   3   0   4
7   10   5   1   8   2   7   6   9   3   0   4
8   10   5   1   8   2   7   6   9   3   0   4
9   10   5   1   8   2   7   6   9   3   0   4
10  10   5   1   8   2   7   6   9   3   0   4
11  10   5   1   8   2   7   6   9   3   0   4
12  10   5   1   8   2   7   6   9   3   0   4
13  10   5   1   8   2   7   6   9   3   0   4
14  10   5   1   8   2   7   6   9   3   0   4
15  10   5   1   8   2   7   6   9   3   0   4
16  10   5   7   8   2   1   6   9   3   0   4
17  10   5   1   8   2   7   6   9   3   0   4
18  10   5   1   8   2   7   6   9   3   0   4
19  10   5   1   8   2   7   6   9   3   0   4
20  10   5   1   8   2   7   6   9   3   0   4
21  10   5   1   8   2   7   6   9   3   0   4
22  10   5   1   8   2   7   6   9   3   0   4
23  10   5   1   8   2   7   6   9   3   0   4
24  10   5   1   8   2   7   6   9   3   0   4
25  10   5   1   8   2   7   6   9   3   0   4
26  10   5   1   8   2   7   6   9   3   0   4
27  10   5   1   8   2   7   6   9   3   0   4
28  10   5   1   8   2   7   6   9   3   0   4
29  10   5   1   6   2   7   8   9   3   0   4
30  10   5   1   8   2   7   6   9   3   0   4
31  10   5   1   8   2   7   6   9   3   0   4
32  10   5   1   8   2   7   6   9   3   0   4
33  10   1   5   8   2   7   6   9   3   0   4
34  10   5   1   8   2   7   6   9   3   0   4
35  10   5   1   8   2   7   6   9   3   0   4
36  10   5   1   8   2   7   6   9   3   0   4
37  10   5   1   8   2   7   6   9   3   0   4
38  10   5   1   8   2   7   6   9   3   0   4
39  10   5   1   8   2   7   6   9   3   0   4
40  10   5   1   8   2   7   6   9   3   0   4
41  10   5   1   8   2   7   6   9   3   0   4
42  10   5   1   8   2   7   6   9   3   0   4
43  10   5   1   8   2   7   6   9   3   0   4
44  10   5   1   8   2   7   6   9   3   0   4
45  10   5   1   8   2   7   6   9   3   0   4
46  10   5   1   8   2   7   6   9   3   0   4
47  10   5   1   8   2   7   6   9   3   0   4
48  10   5   1   8   2   7   6   9   3   0   4
49  10   5   1   8   2   7   6   9   3   0   4 


População final de genótipos (torneio)
     0   1   2   3   4   5   6   7   8   9   10
0   10   5   1   8   2   7   6   9   3   0   4
1   10   5   1   8   2   7   6   9   3   0   4
2   10   5   1   8   2   7   6   9   3   0   4
3   10   5   1   8   2   7   6   9   3   0   4
4   10   5   1   8   2   7   6   9   3   0   4
5   10   5   1   8   2   7   6   9   3   0   4
6   10   5   1   8   2   7   6   9   3   0   4
7   10   5   1   8   2   7   6   9   0   3   4
8   10   7   1   8   2   5   6   9   0   3   4
9   10   5   1   8   2   7   6   9   0   3   4
10  10   5   1   8   2   7   6   9   0   3   4
11  10   5   1   8   2   7   6   9   0   3   4
12  10   5   1   8   2   7   6   9   0   3   4
13  10   5   1   8   2   7   6   9   0   3   4
14  10   5   1   8   2   7   6   9   0   3   4
15  10   5   1   8   2   7   6   9   0   3   4
16  10   5   1   8   2   7   6   9   0   3   4
17  10   5   1   8   2   7   6   9   0   3   4
18  10   5   1   8   2   7   6   9   0   3   4
19  10   5   1   8   2   7   6   9   0   3   4
20  10   5   1   8   2   7   6   9   0   3   4
21  10   5   1   6   2   7   8   9   0   3   4
22  10   5   1   8   2   7   6   9   0   3   4
23  10   5   1   8   4   7   6   9   0   3   2
24  10   5   1   4   6   2   7   9   0   3   8
25  10   5   1   8   2   7   6   9   0   3   4
26  10   5   1   8   2   7   6   9   0   3   4
27  10   5   1   8   2   7   6   9   0   3   4
28  10   5   1   8   2   7   6   9   0   3   4
29  10   5   1   8   2   7   6   9   0   3   4
30  10   5   1   8   2   7   6   9   0   3   4
31  10   5   1   8   2   7   6   9   0   3   4
32  10   5   1   8   2   7   6   9   0   3   4
33  10   5   1   8   2   7   6   9   3   0   4
34  10   5   1   8   2   7   6   9   0   3   4
35  10   5   1   8   2   7   6   9   0   3   4
36  10   5   1   8   2   7   6   9   0   3   4
37  10   5   1   8   2   7   6   9   0   3   4
38  10   5   1   8   2   7   6   9   0   3   4
39  10   5   1   8   2   7   6   9   0   3   4
40  10   5   1   8   2   7   6   9   0   3   4
41  10   5   1   8   2   7   6   9   0   3   4
42  10   5   1   8   2   7   6   9   0   3   4
43  10   5   1   6   2   7   8   9   0   3   4
44  10   5   1   8   2   7   6   9   0   3   4
45  10   5   1   8   2   7   6   9   3   0   4
46  10   5   1   8   2   7   6   9   0   3   4
47  10   5   1   8   2   7   6   9   0   3   4
48  10   5   1   8   2   7   6   9   0   3   4
49  10   5   1   8   2   7   6   9   0   3   4 


População final de genótipos (elitismo)
     0   1   2   3   4   5   6   7   8   9   10
0    2   7   6   3   0   9   4  10   5   1   8
1    2   7   6   3   0   9   4  10   5   1   8
2    2   7   6   3   0   9   4  10   5   1   8
3    2   7   6   3   0   9   4  10   5   1   8
4    2   7   6   3   0   9   4  10   5   1   8
5    2   7   6   3   0   9   4  10   5   1   8
6    2   7   6   3   0   9   4  10   5   1   8
7    2   7   6   3   0   9   4  10   5   1   8
8    2   7   6   3   0   9   4  10   5   1   8
9    2   7   6   3   0   9   4  10   5   1   8
10   2   7   6   3   0   9   4  10   5   1   8
11   2   7   6   3   0   9   4  10   5   1   8
12   2   7   6   3   0   9   4  10   5   1   8
13   2   7   6   3   0   9   4  10   5   1   8
14   2   7   6   3   0   9   4  10   5   1   8
15  10   7   6   3   0   9   4   2   5   1   8
16   2   7   6   3   0   9   4  10   5   1   8
17   2   7   6   3   0   9   4  10   5   1   8
18   2   7   6   3   0   9   4  10   5   1   8
19   2   7   6   3   0   9   4  10   5   1   8
20   2   7   6   3   0   9   4  10   5   1   8
21   7   2   6   3   0   9   4  10   5   1   8
22   2   7   6   3   0   9   4  10   5   1   8
23   2   7   6   3   0   9   4  10   5   1   8
24   2   7   6   3   0   9   4  10   5   1   8
25   2   7   6   3   0   9   4  10   5   1   8
26   2   7   6   3   0   9   4  10   5   1   8
27   2   7   6   3   0   9   4  10   5   1   8
28   2   7   6   3   0   9   4  10   5   1   8
29   2   7   6   3   0   9   4  10   5   1   8
30   2   7   6   3   0   9   4  10   5   1   8
31   2   7   6   3   0   9   4  10   5   1   8
32   2   7   6   3   0   9   4  10   5   1   8
33   2   7   6   3   0   9   4  10   5   1   8
34   2   7   6   3   0   9   4  10   5   1   8
35   2   7   6   3   0   9   4  10   5   1   8
36   2   7   6   3   0   9   4  10   5   1   8
37   2   7   6   3   0   9   4  10   5   1   8
38   2   7   6   3   0   9   4  10   5   1   8
39   2   7   6   3   0   9   4  10   5   1   8
40   2   7   6   3   0   9   4  10   5   1   8
41   2   7   6   3   0   9   4  10   5   1   8
42   2   7   6   3   0   9   4  10   5   1   8
43   2   7   6   3   0   9   4  10   5   1   8
44   2   7   6   3   0   9   4  10   5   1   8
45   2   7   6   3   0   9   4  10   5   1   8
46   2   7   6   3   0   9   4  10   5   1   8
47   2   7   6   3   0   9   4  10   5   1   8
48   2   7   6   0   3   9   4  10   5   1   8
49   2   7   6   3   0   9   4  10   5   1   8 


População final de genótipos (torneio)
     0   1   2   3   4   5   6   7   8   9   10
0    9   6   7   2   8   1   5  10   4   0   3
1    9   6   7   2   8   1   5  10   4   0   3
2    9   6   7   2   8   1   5  10   4   0   3
3    9   6   7   2   8   1   3  10   4   0   5
4    9   6   7   2   8   1   5  10   4   0   3
5    9   6   7   2   8   1   5  10   4   0   3
6    9   6   7   2   8   1   5  10   4   0   3
7    9   6   7   2   8   1   5  10   4   0   3
8    9   6   7   2   8   1   5  10   4   0   3
9    9   6   7   2   8   1   5  10   4   0   3
10   9   6   7   2   8   1   5  10   4   0   3
11   9   6   7   2   8   1   5  10   4   0   3
12   9   6   7   2   8   1   5  10   4   0   3
13   9   6   7   2   8   1   5  10   4   0   3
14   9   6   7   2   8   1   5  10   4   0   3
15   9   6   7   2   8   5   1  10   4   0   3
16   9   6   7   2   8   1   5  10   4   0   3
17   9   6   7   2   8   1   5  10   4   0   3
18   9   6   7   2   8   1   5  10   4   0   3
19   9   6   7   2   8   1   5  10   4   0   3
20   9   6   7   2   8   1   5  10   4   0   3
21   9   6   7   2   8   1   5  10   4   0   3
22   9   6   7   2   8   1   5  10   4   0   3
23   6   9   7   2   8   1   5  10   4   0   3
24   9   6   5   2   8  10   7   1   4   0   3
25   9   6   7   2   8   1   5  10   4   0   3
26   9   6   7   2   8   1   5  10   4   0   3
27   6   9   7   2   8   1   5  10   4   0   3
28   9   6   7   2   8   1   5  10   4   0   3
29   9   6   7   2   8   1   5  10   4   0   3
30   9   6   5   2   8  10   7   1   4   0   3
31   9   6   7   2   8   1   5  10   4   0   3
32   9   6   7   2   8   1   5  10   4   0   3
33   9   6   7   2   8   1   5  10   4   0   3
34   9   6   7   2   8   1   5  10   4   0   3
35   9   7   6   2   8   1   5  10   4   0   3
36   9   6   7   2   8   1   5  10   4   0   3
37   9   6   7   2   8   1   5   4  10   0   3
38   9   6   7   2   8   1   5  10   4   0   3
39   9   6   7   2   8   1   5  10   4   0   3
40   9   6   7   2   8   1   5  10   4   0   3
41   9   6   7   2   8   1   5  10   4   0   3
42   9   6   7   2   8   1   5  10   4   0   3
43   9   6   7   2   8   1   5  10   4   0   3
44   9   6   7   2   8   5  10   4   1   0   3
45   9   6   7   2   8   1   5  10   4   0   3
46   9   6   7   2   8   1   5  10   4   0   3
47   9   6   7   2   8   1   5  10   4   0   3
48   9   6   7   2   8   1   5  10   4   0   3
49   9   6   7   2   8   1   5  10   4   0   3 


População final de genótipos (elitismo)
     0   1   2   3   4   5   6   7   8   9   10
0    8   2   7   6   9   3   0   4  10   5   1
1    8   2   7   6   9   3   0   4  10   5   1
2    8   2   7   6   9   3   0   4  10   5   1
3    8   2   7   6   9   3   0   4  10   5   1
4    8   2   7   6   9   3   0   4  10   5   1
5    8   2   7   6   9   3   0   4  10   5   1
6    8   2   7   6   9   3   0   4  10   5   1
7    8   2   7   6   9   3   0   4  10   5   1
8    8   2   7   6   9   3   0   4  10   5   1
9    8   2   7   6   9   3   0   4  10   5   1
10   8   2   7   6   9   3   0   4  10   5   1
11   8   2   7   6   9   3   0   4  10   5   1
12   8   2   7   6   9   3   0   4  10   5   1
13   8   2   7   6   9   3   0   4  10   5   1
14   8   2   7   6   9   3   0   4  10   5   1
15   8   2   7   6   9   3   0   4  10   5   1
16   8   2   7   6   9   3   0   4  10   5   1
17   8   2   7   6   9   3   0   4  10   5   1
18   8   2   7   6   9   3   0   4  10   5   1
19   8   2   7   6   9   3   0   4  10   5   1
20   8   2   0   6   9   3   7   4  10   5   1
21   8   2   7   6   9   3   0   4  10   5   1
22   8   2   7   6   9   3   0   4  10   5   1
23   8   2   0   6   9   3   7   4  10   5   1
24   8   2   7   6   9   3   0   4  10   5   1
25   8   2   7   6   9   3   0   4  10   5   1
26   8   2   7   6   9   3   0   4  10   5   1
27   8   2   7   6   9   3   0   4  10   5   1
28   8   2   7   6   9   3   0   4  10   5   1
29   8   2   7   6   9   3   0   4  10   5   1
30   8   2   7   6   9   3   0   4  10   5   1
31   8   2   7   6   9   3   0   4  10   5   1
32   8   2   7   6   9   3   0   4  10   5   1
33   8   2   7   6   9   3   0   4  10   5   1
34   8   2   7   6   9   3   0   4  10   5   1
35   8   2   7   6   9   3   0   4  10   5   1
36   8   2   7   6   9   3   0   4  10   5   1
37   8   2   7   6   9   3   0   4  10   5   1
38   8   2   7   6   9   3   0   4  10   5   1
39   8   2   7   6   9   3   0   4  10   5   1
40   8   2   7   6   9   3   0   4  10   5   1
41   8   2   7   6   9   3   0   4  10   5   1
42   8   2   7   6   9   3   0   4  10   5   1
43   8   2   7   6   9   3   0   4  10   5   1
44   8   2   7   6   9   3   0   4  10   5   1
45   8   2   7   6   9   3   0   4  10   5   1
46   8   2   7   6   9   3   0   4  10   5   1
47   8   2   7   6   9   3   0   4  10   5   1
48   8   2   7   6   9   3   0   4  10   5   1
49   8   2   7   6   9   3   0   4  10   5   1 


População final de genótipos (torneio)
     0   1   2   3   4   5   6   7   8   9   10
0    8   2   7   6   9   3   0   4  10   5   1
1    8   2   7   6   9   3   0   4  10   5   1
2    8   2   7   6   9   3   0   4  10   5   1
3    8   2   7   6   9   3   0   4  10   5   1
4    8   2   7   6   9   3   0   4  10   5   1
5    8   2   7   6   9   3   0   4  10   5   1
6    8   2   7   0   9   3   6   4  10   5   1
7    8   2   7   0   9   3   6   4  10   5   1
8    8   2   7   6   9   3   0   4  10   5   1
9    8   2   7   6   9  10   0   4   3   5   1
10   8   2   7   6   9   3   0   4  10   5   1
11   1   2   7   6   9   3   0   4  10   5   8
12   8   2   7   6   9   3   0   4  10   5   1
13   8   2   7   6   9   3   0   4  10   5   1
14   8   2   7   6   9   3   0   4  10   5   1
15   8   2   7   6   9   3   0   4  10   5   1
16   8   2   7   6   9   3   0   4  10   5   1
17   8   2   7   6   9   3   0   4   1  10   5
18   8   2   7   6   9   3   0   4   1  10   5
19   8   2   7   6   9   3   0   4   5  10   1
20   8   2   6   7   9   3   0   4  10   5   1
21   1   2   7   6   9   3   0   4  10   5   8
22   8   2   7   6   9  10   3   0   4   5   1
23   8   2   4   7   6   9   3   0  10   5   1
24   8   2   4   7   6   9   3   0  10   5   1
25   8   2   7   6   9   3   0   4  10   5   1
26   8   2   7   6   9   3   0   4  10   5   1
27   8   2   7   6   9   3   0   4  10   5   1
28   8   2   7   6   9   3   0   4  10   5   1
29   8   2   7   6   9   3   0   4  10   5   1
30   8   2   7   6   9   3   0   4  10   5   1
31   8   2   7   6   9   3   0   4   1  10   5
32   8   2   7   6   9  10   3   0   4   5   1
33   8   2   7   6   9   3   0   4  10   5   1
34   8   2   7   6   9   3   0   4  10   5   1
35   8   2   7   6   9   3   0   4  10   5   1
36   8   2   7   6   9   3   0   4   1  10   5
37   8   2   7   6   9   3   0   4  10   5   1
38   8   2   7   6   1   9   3   0   4  10   5
39   8   2   7   6   9   3   0   4  10   1   5
40   8   2   7   6   9   3   0   4  10   5   1
41   8   2   4   7   6   9   3   0  10   5   1
42   8   2   7   6   9   3   0   4  10   1   5
43   8   2   7   6   9   3   0   4  10   5   1
44   8   2   7   6   9   3   0   4  10   5   1
45   8   2   7   6   9   3   0   4   1  10   5
46   8   2   7   6   9   3   0   4  10   5   1
47   8   9   7   6   2   3   0   4  10   5   1
48   8   2   7   6   9   3   0   4  10   5   1
49   8   2   7   6   9   3   0   4  10   5   1 


População final de genótipos (elitismo)
     0   1   2   3   4   5   6   7   8   9   10
0   10   5   1   8   2   7   6   9   3   0   4
1   10   5   1   8   2   7   6   9   3   0   4
2   10   5   1   8   2   7   6   9   3   0   4
3   10   5   1   8   2   7   6   9   3   0   4
4   10   5   1   8   2   4   6   9   3   0   7
5   10   5   1   8   2   7   6   9   3   0   4
6   10   5   1   8   2   7   6   9   3   0   4
7   10   5   1   8   2   7   6   9   3   0   4
8   10   5   1   8   2   7   6   9   3   0   4
9   10   5   1   8   2   7   3   9   6   0   4
10  10   5   1   8   2   7   6   9   3   0   4
11  10   5   1   8   2   7   6   9   3   0   4
12  10   5   1   8   2   7   6   9   3   0   4
13  10   5   1   8   2   7   6   9   3   0   4
14  10   5   1   8   2   7   6   9   3   0   4
15  10   5   1   8   2   7   6   9   3   0   4
16  10   5   1   8   2   7   6   9   3   0   4
17  10   5   1   8   2   7   6   9   0   3   4
18  10   5   1   8   2   7   6   9   3   0   4
19  10   5   1   8   2   7   6   9   3   0   4
20  10   5   1   8   2   7   6   9   3   0   4
21  10   5   1   8   2   7   6   9   3   0   4
22  10   5   1   8   2   7   6   9   3   0   4
23  10   5   1   8   2   7   6   9   3   0   4
24  10   5   1   8   2   7   6   9   3   0   4
25  10   5   1   8   2   7   6   9   3   0   4
26  10   5   1   8   2   7   6   9   3   0   4
27  10   5   1   8   2   7   6   9   3   0   4
28  10   5   1   8   2   7   6   9   3   0   4
29  10   5   1   8   2   7   6   9   3   0   4
30  10   5   1   8   2   7   6   9   3   0   4
31  10   5   1   8   2   7   6   9   3   0   4
32  10   5   1   8   2   7   6   9   3   0   4
33  10   5   1   8   2   7   6   9   3   0   4
34  10   5   1   8   2   7   6   9   3   0   4
35  10   5   1   8   2   7   6   9   3   0   4
36  10   5   1   8   2   7   6   9   3   0   4
37  10   5   1   8   2   7   6   9   3   0   4
38  10   5   1   8   2   7   6   9   3   0   4
39  10   5   1   8   2   7   9   6   3   0   4
40  10   5   1   6   2   7   8   9   3   0   4
41  10   5   1   8   2   7   6   9   3   0   4
42  10   5   1   8   2   7   6   9   3   0   4
43  10   5   1   8   2   7   6   9   3   0   4
44  10   5   1   8   2   7   6   9   3   0   4
45  10   5   1   8   2   7   6   9   3   0   4
46  10   5   1   8   2   7   6   9   3   0   4
47  10   5   1   8   2   7   6   9   3   0   4
48  10   5   1   8   2   7   6   9   3   0   4
49  10   5   1   8   2   7   6   9   3   0   4 


População final de genótipos (torneio)
     0   1   2   3   4   5   6   7   8   9   10
0    3   0   4  10   5   1   8   2   7   6   9
1    3   0   4  10   5   1   8   2   7   6   9
2    3   0   4  10   5   1   8   2   7   6   9
3    3   0   4  10   5   1   8   2   7   6   9
4    3   0   4  10   5   1   8   2   7   6   9
5    3   0   4  10   5   1   8   2   7   6   9
6    3   0   4  10   5   1   8   2   7   6   9
7    3   0   4  10   5   1   8   2   7   6   9
8    3   0   4  10   5   1   8   2   7   6   9
9    3   0   4  10   5   1   8   2   7   6   9
10   3   0   4  10   5   1   9   2   7   6   8
11   3   0   4  10   5   1   8   2   7   6   9
12   3   0   4  10   5   1   8   2   7   6   9
13   3   0   4  10   5   1   8   2   7   6   9
14   3   0   4  10   5   1   8   2   7   6   9
15   3   0   4  10   5   1   8   2   7   6   9
16   3   0   4  10   5   1   8   2   7   6   9
17   3   0   4  10   5   1   8   2   7   6   9
18   3   0   4  10   5   1   8   2   7   6   9
19   8   0   4  10   5   1   3   2   7   6   9
20   3   0   4  10   5   1   8   2   7   6   9
21   3   0   4  10   5   1   8   2   7   6   9
22   3   0   4  10   5   1   8   2   7   6   9
23   3   0   4  10   5   1   8   2   7   6   9
24   7   0   4  10   5   1   8   2   3   6   9
25   3   0   4  10   5   1   8   2   7   6   9
26   3   0   4  10   5   1   8   2   7   6   9
27   3   0   4  10   5   1   8   2   7   6   9
28   3   0   4  10   5   1   8   2   7   6   9
29   3   0   4  10   5   1   8   2   7   6   9
30   3   0   4  10   5   1   8   2   7   6   9
31   3   0   4  10   5   1   8   2   7   6   9
32   3   0   4  10   5   1   8   2   7   6   9
33   3   0   4  10   5   1   8   2   7   6   9
34   3   0   4  10   5   1   8   2   7   6   9
35   3   0   4  10   5   1   8   2   7   6   9
36   3   0   4  10   5   1   8   2   7   6   9
37   3   0   4  10   5   1   8   2   7   6   9
38   3   0   4  10   5   1   8   2   7   6   9
39   3   0   4  10   5   1   8   2   7   6   9
40   3   0   4  10   5   1   8   2   7   6   9
41   3   0   4  10   5   1   8   2   7   6   9
42   3   0   4  10   5   1   8   2   7   6   9
43   3   0   4  10   5   1   8   2   7   6   9
44   3   0   4  10   5   1   8   2   7   6   9
45   3   0   4  10   5   1   8   2   7   6   9
46   3   0   4  10   5   1   8   2   7   6   9
47   3   0   4  10   5   1   8   2   7   6   9
48   3   0   4  10   5   1   8   2   7   6   9
49   3   0   4  10   5   1   8   2   7   6   9 


População final de genótipos (elitismo)
     0   1   2   3   4   5   6   7   8   9   10
0    8   1   5  10   4   0   3   9   6   7   2
1    8   1   5  10   4   0   3   9   6   7   2
2    8   1   5  10   4   0   3   9   6   7   2
3    8   1   5  10   4   0   3   9   6   7   2
4    8   1   5  10   4   0   3   9   6   7   2
5    8   1   5  10   4   0   3   9   6   7   2
6    8   1   5  10   4   0   3   9   6   7   2
7    8   1   5  10   4   0   3   9   6   7   2
8    8   1   5  10   4   0   3   9   6   7   2
9    8   1   5  10   4   0   3   9   7   6   2
10   8   1   5  10   4   0   3   2   6   7   9
11   8   1   5  10   4   0   3   9   6   7   2
12   8   1   5  10   4   2   3   9   6   7   0
13   8   1   5  10   4   0   3   9   6   7   2
14   8   1   5  10   4   0   3   9   6   7   2
15   8   1   5  10   4   0   3   9   6   7   2
16   8   1   5  10   4   0   3   9   6   7   2
17   8   1   5  10   4   0   3   9   6   7   2
18   8   1   5  10   4   0   3   9   6   7   2
19   8   1   5  10   4   0   3   9   6   7   2
20   8   1   5  10   4   0   3   9   6   7   2
21   8   1   5  10   4   0   3   9   6   7   2
22   8   1   5  10   4   0   3   9   6   7   2
23   8   1   5  10   4   0   3   9   6   7   2
24   8   1   5  10   4   0   3   9   6   7   2
25   8   1   5  10   4   0   3   9   6   7   2
26   8   1   5  10   4   0   3   9   6   7   2
27   8   1   5  10   4   0   3   9   6   7   2
28   8   1   5  10   4   0   3   9   6   7   2
29   8   1   5  10   4   0   3   9   6   7   2
30   8   1   5  10   4   0   3   9   6   7   2
31   8   1   5  10   4   0   3   9   6   7   2
32   8   1   5  10   4   0   3   9   6   7   2
33   8   1   5  10   4   0   3   9   6   7   2
34   8   1   5  10   4   0   3   9   6   7   2
35   8   1   5  10   4   0   3   9   6   7   2
36   8   1   5  10   4   0   3   9   6   7   2
37   8   1   5  10   4   0   3   9   6   7   2
38   8   1   5  10   3   0   4   9   6   7   2
39   8   1   5  10   4   0   3   9   6   7   2
40   8   1   5  10   4   0   3   9   6   7   2
41   8   1   5  10   4   0   3   9   6   7   2
42   8   1   5  10   4   0   3   9   6   7   2
43   8   1   5  10   4   0   3   9   6   7   2
44   8   1   5  10   4   0   3   9   6   7   2
45   8   1   5  10   4   0   3   9   6   7   2
46   8   1   5  10   4   0   3   9   6   7   2
47   8   1   5  10   4   0   3   9   6   7   2
48   8   1   5  10   4   0   3   9   6   7   2
49   8   1   5  10   4   0   3   9   6   7   2 


População final de genótipos (torneio)
     0   1   2   3   4   5   6   7   8   9   10
0    8   6   7   2   9   3   0   4   1   5  10
1    8   6   7   2   9   3   0   4   1   5  10
2    8   6   7   2   9   3   0   4   1   5  10
3    8   6   7   2   9   0   3   4   1   5  10
4    8   6   7   2   9   3   0   4   1   5  10
5    8   6   7   2   9   3   0   4   1   5  10
6    8   6   7   2   9   3   0   4   1   5  10
7    4   6   7   2   9   3   0   8   1   5  10
8    8   6   7   2   9   3   0   4   1   5  10
9    8   6   7   2   9   3   0   4   1   5  10
10   8   6   7   2   9   3   0   4   1   5  10
11   8   6   7   2   9   3   0   4   1   5  10
12   8   6   7   2   9   3   0   4   1   5  10
13   8   6   7   2   9   3   0   4   1   5  10
14   8   6   7   2   9   3   0   4   1   5  10
15   8   6   7   2   9   3   0   4   1   5  10
16   8   6   7   2   9   3   0   4   1   5  10
17   8   6   7   2   9   3   0   4   1   5  10
18   8   6   7   2   9   3   0   4   1   5  10
19   4   6   7   2   8   9   3   0   1   5  10
20   4   6   7   2   8   9   3   0   1   5  10
21   4   6   7   2   8   9   3   0   1   5  10
22   4   6   7   2   9   3   0   8   1   5  10
23   8   6   7   2   9   4   3   0   1   5  10
24   8   6   7   2   9   4   3  10   1   5   0
25   8   6   7   2   9   3   0   4   1   5  10
26   8   6   7   2   9   3   0   4   1   5  10
27   8   6   7   2   9   3   0   4   1   5  10
28   8   6   7   2   9   3   0   4   1   5  10
29   8   6   4   2   9   3   0   7   1   5  10
30   8   6   7   2   9   3   0   4   1   5  10
31   8   6   7   2   9   3   0   4   1   5  10
32   8   6   7   2   9   3   0   4   1   5  10
33   8   6   7   2   9   3   0   4   1   5  10
34   8   6   7   2   9   3   0   4   1   5  10
35   4   6   7   1   8   9   3   0   2   5  10
36   4   6   7   2   8   9   3   0   1   5  10
37   4   6   7   2   9   3   0   8   1   5  10
38   8   6   7   2   9   4   3  10   1   5   0
39   8   6   7   2   9   3   0   4   1   5  10
40   8   6   7   2   9   3   0   4   1   5  10
41   8   6   7   2   9   3   0   4   1   5  10
42   8   6   7   2   9   3   0   4   1   5  10
43   8   6   7   2   9   3   0   4   1   5  10
44   4   6   7   8   2   9   3   0   1   5  10
45   8   6   7   2   9   3   0   4   1   5  10
46   8   6   7   2   9   3   0   4   1   5  10
47   4   6   7   2   9   3   0   8   1   5  10
48   8   6   7   2   9   3   0   4   1   5  10
49   8   6   7   2   9   4   3   0   1   5  10 


Resultados com os parâmetros dos algoritmos razoáveis (população = 50 e épocas = 50)

Média elitismo -  13.491966104995985
Média torneio -  13.983594529125702
Média aleatório -  15.881473513136669
Resultado bruto -  13.3335238562079


Pressione Enter para continuar


População final de genótipos (elitismo)
     0   1   2   3   4   5   6   7   8   9   10
0    6   9   3   0   4  10   5   1   8   2   7
1    6   9   3   0   4  10   5   1   8   2   7
2    6   9   3   0   4  10   5   1   8   2   7
3    6   9   3   0   4  10   5   1   8   2   7
4    6   9   3   0   4  10   5   1   8   2   7
5    6   9   3   0   4  10   5   1   8   2   7
6    6   9   3   0   4  10   5   1   8   2   7
7    6   9   3   0   4  10   5   1   8   2   7
8    6   9   1   0   4  10   5   3   8   2   7
9    7   9   3   0   4  10   5   1   8   2   6
10   6   9   3   0   4  10   5   1   8   2   7
11   6   9   3   0   4  10   5   1   8   2   7
12   6   9   3   0   4  10   5   1   8   2   7
13   6   9   3   0   4  10   5   1   8   2   7
14   6   9   3   0   4  10   5   1   8   2   7
15   6   9   3   0   4  10   5   1   8   2   7
16   6   9   3   0   4  10   5   1   8   2   7
17   6   9   3   0   4  10   5   1   8   2   7
18   6   9   3   0   4  10   5   1   8   2   7
19   6   9   3   0   4  10   5   1   8   2   7
20   6   9   3   0   4  10   5   1   8   2   7
21   6   9   3   0   4  10   5   1   8   2   7
22   6   9   3   0   4  10   5   1   8   2   7
23   6   9   3   0   4  10   5   1   8   2   7
24   6   9   3   0   4  10   5   1   8   2   7
25   6   9   3   0   4  10   5   1   8   2   7
26   6   9   3   0   4  10   5   1   8   2   7
27   6   9   3   0   4  10   5   1   8   2   7
28   6   9   3   0   4  10   5   1   8   2   7
29   6   9   3   0   4  10   5   1   8   2   7
30   6   9   3   0   4  10   5   1   8   2   7
31   6   9   3   0   4  10   5   1   8   2   7
32   6   9   3   0   4  10   5   1   8   2   7
33   6   9   3   0   4  10   5   1   8   2   7
34   6   9   3   0   4  10   5   1   8   2   7
35   6   9   3   0   4  10   5   1   8   2   7
36   6   9   3   0   4  10   5   1   8   2   7
37   6   9   3   0   4  10   5   1   8   2   7
38   6   9   3   0   4  10   5   1   8   2   7
39   6   9   3   0   4  10   5   1   8   2   7
40   6   9   3   0   4  10   5   1   8   2   7
41   6   9   3   0   4  10   5   1   8   2   7
42   6   9   3   0   4  10   5   1   8   2   7
43   6   9   3   0   4  10   5   1   8   2   7
44   6   9   3   0   4   7   5   1   8   2  10
45   6   9   3   0   4  10   5   1   8   2   7
46   6   9   3   0   4  10   5   1   8   2   7
47   6   9   3   0   4  10   5   1   8   2   7
48   6   9   3   0   4  10   5   1   8   2   7
49   6   9   3   0   4  10   5   1   8   2   7 


População final de genótipos (elitismo)
     0   1   2   3   4   5   6   7   8   9   10
0    1   8   2   7   6   9   3   0   4  10   5
1    1   8   2   7   6   9   3   0   4  10   5
2    1   8   2   7   6   9   3   0   4  10   5
3    1   8   2   7   6   9   3   0   4  10   5
4    1   8   2   3   6   9   7   0   4  10   5
5    1   8   2   7   6   9   3   0   4  10   5
6    1   8   2   7   6   9   3   0   4  10   5
7    1   8   2   7   6   9   3   0   4  10   5
8    1   8   2   7   6   9   3   0   4  10   5
9    1   8   2   7   6   9   3   0   4  10   5
10   1   8   2   7   6   9   3   0   4  10   5
11   1   8   2   7   6   9   3   0   4  10   5
12   1   8   2   7   6   9   3   0   4  10   5
13   1   8   2   7   6   9   3   0   4  10   5
14   1   8   2   7   6   9   3   0   4  10   5
15   1   8   2   7   6   9   3   0   4  10   5
16   1   8   2   7   6   9   3   0   4  10   5
17   1   8   2   7   6   9   3   0   4  10   5
18   1   8   2   7   6   9   3   0   4  10   5
19   1   8   2   7   6   9   3   0   4  10   5
20   1   8   2   7   6   9   3   0   4  10   5
21   1   8   2   7   6   9   3   0   4  10   5
22   1   8   2   7   6   9   3   0   4  10   5
23   1   8   2   7   6   9   3   0   4  10   5
24   1   8   2  10   6   9   3   0   4   7   5
25   1   5   2   7   6   9   3   0   4  10   8
26   1   8   2   7   6   9   3   0   4  10   5
27   1   8   2   7   6   9   3   0   4  10   5
28   1   8   2   7   6   9   3  10   4   0   5
29   1   8   2   7   6   9   3   0   4  10   5
30   1   8   2   7   6   9   3   0   4  10   5
31   1   8   2   9   6   7   3   0   4  10   5
32   1   8   2   7   6   9   3   0   4  10   5
33   1   8   2   7   6   9   3   0   4  10   5
34   1   8   2   7   6   9   3   0   4  10   5
35   1   8   2   7   6   9   3   0   4  10   5
36   1   8   2   7   6   9   3   0   4  10   5
37   1   8   2   7   6   9   3   0   4  10   5
38   1   8   2   7   6   9   3   0   4  10   5
39   1   8   2   7   6   9   3   0   4  10   5
40   1   8   2   7   6   9   3   0   4  10   5
41   1   8   2   7   6   9   3   0   4  10   5
42   1   8   2   7   6   9   3   0   4  10   5
43   1   8   2   7   6   9   3   0   4  10   5
44   1   8   2   7   6   9   3   0   4  10   5
45   1   8   2   7   6   9   3   0   4  10   5
46   1   8   2   7   6   9   3   0   4  10   5
47   1   8   2   7   6   9   3   0   4  10   5
48   1   8   2   7   6   9   3   0   4  10   5
49   1   8   2   7   6   9   3   0   4  10   5 


População final de genótipos (elitismo)
     0   1   2   3   4   5   6   7   8   9   10
0   10   5   1   8   2   7   6   9   3   0   4
1   10   5   1   8   2   7   6   9   3   0   4
2   10   5   1   8   2   7   6   9   3   0   4
3   10   5   1   8   2   7   6   9   3   0   4
4   10   5   1   8   2   7   6   9   3   0   4
5   10   5   1   8   2   7   6   9   3   0   4
6   10   5   1   8   2   7   6   9   3   0   4
7   10   5   1   8   2   7   6   9   3   0   4
8   10   5   1   8   2   7   6   9   3   0   4
9   10   5   1   8   2   7   6   9   3   0   4
10  10   5   1   8   2   7   6   9   3   0   4
11  10   5   1   8   2   7   6   9   3   0   4
12  10   5   1   8   2   7   6   9   3   0   4
13  10   5   1   8   2   7   6   9   3   0   4
14  10   5   1   8   2   7   6   9   3   0   4
15  10   5   1   8   2   7   6   9   3   0   4
16  10   5   1   8   2   7   6   9   3   0   4
17  10   5   1   8   2   7   6   9   3   0   4
18  10   5   1   8   2   7   6   9   3   0   4
19  10   5   1   8   2   7   6   9   3   0   4
20  10   5   1   8   2   7   6   9   3   0   4
21  10   5   1   8   2   7   6   9   3   0   4
22  10   5   1   8   2   7   6   9   3   0   4
23  10   5   1   0   2   7   6   9   3   8   4
24  10   5   1   8   2   7   6   9   3   0   4
25  10   5   1   8   2   7   6   9   3   0   4
26  10   5   1   8   2   7   6   9   3   0   4
27  10   5   1   8   2   7   6   9   3   0   4
28  10   5   1   8   2   7   6   9   3   0   4
29  10   5   1   8   2   7   6   9   3   0   4
30  10   5   1   8   2   7   6   9   3   0   4
31  10   5   1   8   2   7   6   9   3   0   4
32  10   5   1   8   2   7   6   9   3   0   4
33  10   5   1   8   2   7   6   9   3   0   4
34  10   5   1   8   2   7   6   9   3   0   4
35  10   5   1   8   2   7   6   9   3   0   4
36  10   5   1   8   2   7   6   9   3   0   4
37  10   5   1   8   2   7   6   9   3   0   4
38  10   5   1   8   2   7   6   9   3   0   4
39  10   5   1   8   2   7   6   9   3   0   4
40  10   5   1   8   2   7   6   9   3   0   4
41  10   5   1   8   2   7   6   9   3   0   4
42  10   5   1   8   2   7   6   9   3   0   4
43  10   5   1   8   2   7   6   9   3   0   4
44  10   5   1   8   2   7   6   9   3   0   4
45  10   5   1   8   2   7   6   9   3   0   4
46  10   5   1   8   2   7   6   9   3   0   4
47  10   5   1   8   2   7   6   9   3   0   4
48  10   5   1   8   2   7   6   9   3   0   4
49  10   5   1   8   2   7   6   9   3   0   4 


População final de genótipos (elitismo)
     0   1   2   3   4   5   6   7   8   9   10
0   10   5   1   8   2   7   6   9   3   0   4
1   10   5   1   8   2   7   6   9   3   0   4
2   10   5   1   8   2   7   6   9   3   0   4
3   10   5   1   8   2   7   6   9   3   0   4
4   10   5   1   8   2   7   6   9   3   0   4
5   10   5   1   8   2   7   6   9   3   0   4
6   10   5   1   8   2   7   6   9   3   0   4
7    9   5   1   8   2   7   6  10   3   0   4
8   10   5   1   8   2   7   6   9   0   3   4
9   10   5   4   8   2   7   6   9   0   3   1
10  10   5   1   8   2   7   6   9   0   3   4
11  10   5   1   8   2   7   6   9   0   3   4
12  10   5   1   8   2   7   6   9   0   3   4
13  10   5   1   8   2   7   6   9   0   3   4
14  10   5   1   8   2   7   6   9   0   3   4
15  10   5   1   8   2   7   6   9   0   3   4
16  10   5   1   8   2   7   6   9   0   3   4
17  10   5   1   8   2   7   6   9   0   3   4
18  10   5   1   8   2   7   6   9   0   3   4
19  10   5   1   8   2   7   6   9   0   3   4
20  10   5   1   8   2   7   6   9   0   3   4
21  10   5   1   8   2   7   6   9   0   3   4
22  10   5   1   8   2   7   6   9   0   3   4
23  10   5   1   8   2   7   6   9   0   3   4
24  10   5   1   8   2   7   6   9   0   3   4
25  10   5   1   8   2   7   6   9   0   3   4
26  10   5   1   8   2   7   6   9   0   3   4
27  10   5   1   8   2   7   6   9   4   0   3
28  10   5   1   8   2   7   6   9   3   0   4
29  10   5   1   8   2   7   6   9   0   3   4
30  10   5   1   8   2   7   6   9   0   3   4
31  10   5   1   8   2   7   6   9   0   3   4
32  10   5   1   8   2   7   6   9   3   0   4
33  10   5   1   8   2   7   6   9   0   3   4
34  10   5   1   8   2   7   6   9   0   3   4
35  10   5   1   8   2   7   6   9   0   3   4
36  10   5   1   8   2   7   6   9   0   3   4
37  10   5   1   8   2   7   6   9   0   3   4
38  10   5   1   8   2   7   6   9   3   0   4
39   3   5   1   8   2   7   6   9  10   0   4
40  10   5   1   8   2   7   6   9   0   3   4
41  10   5   1   8   2   7   6   9   0   3   4
42  10   5   1   8   2   7   6   9   0   3   4
43  10   5   1   8   2   7   6   9   3   0   4
44  10   5   1   8   2   7   6   9   0   3   4
45   7   5   1   8   2  10   6   9   0   3   4
46  10   5   1   8   2   7   6   9   0   3   4
47  10   5   1   8   2   7   6   9   0   3   4
48  10   5   1   8   2   7   6   9   3   0   4
49  10   5   1   8   2   7   6   9   3   0   4 


População final de genótipos (elitismo)
     0   1   2   3   4   5   6   7   8   9   10
0    1   8   2   7   6   9   3   0   4  10   5
1    1   0   2   7   6   9   3   8   4  10   5
2    1   8   2   7   6   9   3   0   4  10   5
3    1   8   2   7   6   9   3   0   4  10   5
4    1   8   2   7   6   9   3   0   4  10   5
5    1   8   2   7   6   9   3   0   4  10   5
6    1   8   2   7   6   9   3   0   4  10   5
7    1   8   2   7   6   9   3   0   4  10   5
8    1   8   2   7   6   9   3   0   4  10   5
9    1   8   2   7   6   9   3   0   4  10   5
10   1   8   2   7   6   9   3   0   4  10   5
11   1   8   2   5   6   9   3   0   4  10   7
12   1   8   2   7   6   9   3   0   4  10   5
13   1   8   0   7   6   9   3   2   4  10   5
14   1   8   2   7   6   9   3   0   4  10   5
15   1   8   2   7   6   9   3   0   4  10   5
16   1   8   2   7   6   9   3   0   4  10   5
17   1   8   2   7   6   9   3   0   4  10   5
18   1   8   2   7   6   9   3   0   4  10   5
19   1   8   2   7   6   9   3   0   4  10   5
20   1   8   2   7   6   9   3   0   4  10   5
21   1   8   2   7   6   9   3   0   4  10   5
22   1   8   2   7   6   9   3   0   4  10   5
23   6   8   2   7   1   9   3   0   4  10   5
24   1   8   2   7   6   9   3   0   4  10   5
25   1   8   2   7   6   9   3   0   4  10   5
26   1   8   2   7   6   9   3   0   4  10   5
27   1   8   2   7   6   9   3   0   4  10   5
28   1   8   2   7   6   9   3   0   4  10   5
29   1   8   2   7   6   9   3   0   4  10   5
30   1   8   2   7   6   9   3   0   4  10   5
31   1   8   2   7   6   9   3   0   4  10   5
32   1   8   2   7   6   9   3   0   4  10   5
33   1   8   2   7   6   9   3   0   4  10   5
34   1   8   2   7   6   9   3   0   4  10   5
35   1   8   2   7   6   9   3   0   4  10   5
36   1   8   2   7   6   9   3   0   4  10   5
37   1   8   4   7   6   9   3   0   2  10   5
38   1   8   2   7   6   9   3   0   4  10   5
39   1   8   2   7   6   9   3   0   4  10   5
40   1   8   2   7   6   9   3   0   4  10   5
41   1   8   2   7   6   9   3   0   4  10   5
42   1   8   2   7   6   9   3   0   4  10   5
43   1   8   2   7   6   9   3   0   4  10   5
44   1   8   2   7   6   9   3   0   4  10   5
45   1   8   2   7   6   9   3   0   4  10   5
46   1   8   2   7   6   9   3   0   4  10   5
47   1   8   2   7   6   9   3   0   4  10   5
48   1   8   2   7   6   9   3   0   4  10   5
49   1   8   2   7   6   9   3   0   4  10   5 


População final de genótipos (torneio)
     0   1   2   3   4   5   6   7   8   9   10
0    1   8   5  10   4   0   3   9   6   7   2
1    1   8   5  10   4   0   3   9   6   7   2
2    1   8   5   9   4   0   3  10   6   7   2
3    1   8   5  10   4   0   3   9   6   7   2
4    1   8   5  10   4   0   3   9   6   7   2
5    1   8   5  10   4   0   3   9   6   7   2
6    1   8   5  10   4   0   3   9   6   7   2
7    1   8   5  10   4   0   3   9   6   7   2
8    1   8   5  10   4   0   3   9   6   7   2
9    1   8   5  10   4   0   3   9   6   7   2
10   1   8   5  10   4   0   3   9   6   7   2
11   1   8   5  10   4   0   3   9   6   7   2
12   1   8   5  10   4   0   3   9   6   7   2
13   1   8   5  10   4   0   3   9   6   7   2
14   1   8   5  10   4   0   3   9   6   7   2
15   1   8   5  10   4   0   3   9   6   7   2
16   1   8   5  10   4   0   3   9   6   7   2
17   8   1   5  10   4   0   3   6   7   9   2
18   8   1   5  10   4   0   3   9   2   7   6
19   1   8   5  10   4   0   3   6   7   2   9
20   1   8   5  10   4   0   3   6   7   2   9
21   1   8   5  10   4   0   3   6   7   2   9
22   1   8   5  10   4   0   9   3   6   7   2
23   1   8   5  10   4   0   3   9   7   2   6
24   1   5   8  10   4   0   6   3   7   2   9
25   8   1   5  10   4   0   3   9   2   7   6
26   1   8   5  10   4   0   3   9   6   7   2
27   1   8   5  10   4   0   3   9   6   7   2
28   1   5   8  10   4   0   3   9   6   7   2
29   1   8   5  10   4   0   3   9   7   2   6
30   1   8   5  10   4   0   3   9   6   7   2
31   1   8   5  10   4   0   3   9   6   7   2
32   1   8   5  10   4   0   3   9   6   7   2
33   1   8   5  10   4   0   3   9   6   7   2
34   1   8   5  10   4   0   3   9   6   7   2
35   1   8   5  10   4   0   3   9   6   7   2
36   1   8   5  10   4   0   3   9   6   7   2
37   1   8   5  10   4   0   3   9   6   7   2
38   8   1   5  10   4   0   3   9   7   2   6
39   1   8   5  10   4   0   3   6   7   2   9
40   1   8   5  10   4   0   3   6   7   9   2
41   1   8   5  10   4   0   3   6   7   2   9
42   1   8   5  10   4   0   3   9   6   7   2
43   1   8   5  10   4   0   3   9   7   2   6
44   1   8   5  10   4   0   3   9   2   7   6
45   1   8   5  10   4   0   3   9   6   7   2
46   1   8   5  10   4   0   3   9   6   7   2
47   1   8   5  10   4   0   6   3   7   2   9
48   8   1   5  10   4   0   3   9   6   7   2
49   1   8   5  10   4   0   3   7   6   9   2 


População final de genótipos (torneio)
     0   1   2   3   4   5   6   7   8   9   10
0   10   5   8   2   7   6   9   3   0   4   1
1   10   5   8   2   7   6   9   3   0   4   1
2    1   8   2   6   7   9   3   0   4  10   5
3    1   8   2   6   7   9   3   0   4  10   5
4    1   8   2   6   7   9   3   0   4  10   5
5   10   8   2   7   6   9   3   0   4   1   5
6   10   8   2   7   6   9   3   0   4   1   5
7   10   8   2   7   6   9   3   0   4   1   5
8   10   8   2   7   6   9   3   0   4   1   5
9   10   8   2   7   6   9   3   0   4   1   5
10  10   8   2   7   6   9   3   0   4   1   5
11  10   8   2   7   6   9   3   0   4   1   5
12  10   8   2   7   6   9   3   0   4   1   5
13  10   8   2   7   6   9   3   0   4   1   5
14  10   8   2   7   6   9   3   4   0   1   5
15  10   8   2   7   6   9   3   0   4   1   5
16  10   8   2   7   6   9   3   0   4   1   5
17  10   8   2   7   6   9   3   0   4   1   5
18  10   8   2   7   6   9   0   3   4   1   5
19  10   8   2   7   6   9   3   0   4   1   5
20  10   8   2   7   6   9   3   0   4   1   5
21  10   8   2   7   6   9   3   0   4   1   5
22  10   8   2   7   6   9   3   0   4   5   1
23  10   8   2   6   7   9   3   0   4   1   5
24  10   8   2   6   7   9   3   0   5   4   1
25  10   8   2   7   6   9   1   3   0   4   5
26  10   2   8   7   6   9   3   0   4   1   5
27  10   5   8   2   7   6   9   3   0   4   1
28  10   8   3   7   6   9   2   0   4   1   5
29  10   8   2   7   6   9   3   0   4   1   5
30  10   5   8   2   7   6   9   3   0   4   1
31  10   8   2   7   6   9   3   0   4   1   5
32  10   8   2   7   6   9   3   0   4   5   1
33  10   8   2   7   6   9   3   0   4   1   5
34  10   8   2   6   7   9   3   0   4   1   5
35   1   8   2   6  10   7   9   3   0   5   4
36  10   8   2   7   6   9   3   0   4   1   5
37  10   8   2   7   6   9   3   0   4   1   5
38   1   8   2   6   7   9   3   0   4  10   5
39  10   5   8   2   7   6   9   3   0   4   1
40  10   8   2   7   6   9   3   0   4   1   5
41  10   8   2   7   6   9   3   0   4   5   1
42  10   8   2   7   6   9   3   0   4   1   5
43  10   5   2   7   6   9   3   0   4   1   8
44  10   5   8   2   7   4   9   3   0   6   1
45  10   1   8   2   6   7   9   3   0   4   5
46   1   8   2   6  10   7   9   3   0   4   5
47  10   8   2   7   6   9   3   0   4   5   1
48  10   8   2   7   6   9   3   0   4   1   5
49  10   8   2   7   6   9   3   0   4   1   5 


População final de genótipos (torneio)
     0   1   2   3   4   5   6   7   8   9   10
0   10   5   1   8   2   7   6   9   3   0   4
1   10   5   1   8   2   7   6   9   3   0   4
2   10   5   1   8   2   7   6   9   3   0   4
3   10   5   1   8   2   7   6   9   3   0   4
4   10   5   1   8   2   7   6   9   3   0   4
5   10   5   1   8   2   7   6   9   3   0   4
6   10   5   1   8   2   7   6   9   3   0   4
7   10   5   1   8   2   7   6   9   3   0   4
8   10   5   1   8   2   7   6   9   3   0   4
9   10   5   1   8   2   7   6   9   3   0   4
10  10   5   1   8   2   7   6   9   3   0   4
11  10   5   1   8   2   7   6   9   3   0   4
12  10   5   1   8   2   7   6   9   3   0   4
13  10   5   1   8   2   7   6   9   3   0   4
14  10   5   1   8   2   7   6   9   3   0   4
15  10   5   1   6   2   7   8   9   3   0   4
16  10   5   1   8   2   7   6   9   3   0   4
17  10   5   1   8   2   7   6   9   3   0   4
18  10   5   1   8   2   7   6   9   3   0   4
19  10   5   1   8   2   7   6   9   3   0   4
20  10   5   1   8   2   7   6   9   3   0   4
21  10   5   9   8   2   7   6   1   3   0   4
22  10   5   1   8   2   7   6   9   3   0   4
23  10   5   1   8   2   7   6   9   3   0   4
24  10   5   1   8   0   7   6   9   2   3   4
25  10   5   1   8   2   7   6   9   3   0   4
26  10   5   1   8   2   7   6   9   3   0   4
27  10   5   1   8   2   7   6   9   3   0   4
28  10   5   1   8   2   7   6   9   3   0   4
29  10   5   1   8   2   7   6   9   3   0   4
30  10   5   1   8   2   7   6   9   3   0   4
31  10   5   1   8   2   7   6   9   3   0   4
32  10   5   1   8   2   7   6   9   3   0   4
33  10   5   1   8   2   7   6   9   3   0   4
34   2   5   1   8  10   7   6   9   3   0   4
35  10   5   1   8   2   7   6   9   3   0   4
36  10   5   1   8   2   7   6   9   3   0   4
37  10   5   1   8   2   7   6   9   3   0   4
38  10   5   1   8   2   7   6   9   3   0   4
39  10   5   1   8   2   7   6   9   3   0   4
40  10   5   1   8   2   7   6   9   3   0   4
41  10   5   1   8   2   7   6   9   3   0   4
42  10   5   1   8   2   7   6   9   3   0   4
43  10   5   1   8   2   7   6   9   3   0   4
44  10   5   1   8   2   7   6   9   3   0   4
45  10   5   1   8   2   7   6   9   3   0   4
46  10   5   1   8   0   2   7   6   9   3   4
47  10   5   1   8   2   7   6   9   3   0   4
48  10   5   1   8   2   7   6   9   3   0   4
49  10   5   1   8   2   7   6   9   3   0   4 


População final de genótipos (torneio)
     0   1   2   3   4   5   6   7   8   9   10
0    0   3   4  10   1   2   8   5   7   6   9
1    0   3   4  10   1   5   8   2   7   6   9
2    0   3   4  10   1   5   8   2   7   6   9
3    0   3   4  10   1   5   8   2   7   6   9
4    0   3   4  10   1   5   8   2   7   6   9
5    0   3   4  10   1   5   8   2   7   6   9
6    0   3   4  10   1   5   8   2   7   6   9
7    0   3   4  10   1   5   8   2   7   6   9
8    0   3   4  10   1   5   8   2   7   6   9
9    0   3   4  10   1   5   8   2   7   6   9
10   0   3   4  10   1   5   8   2   7   6   9
11   8   3   4  10   1   5   0   2   7   6   9
12   0   3   4  10   1   5   8   6   7   2   9
13   0   3   4  10   1   5   8   2   7   6   9
14   0   3   4  10   1   5   8   2   7   6   9
15   0   3   4  10   1   5   8   2   7   6   9
16   0   3   4  10   1   5   8   2   7   6   9
17   0   3   4  10   1   5   8   2   7   6   9
18   0   3   4  10   1   5   8   2   7   6   9
19   0   3   4  10   1   5   7   2   8   6   9
20   0   3   4  10   1   5   8   2   7   6   9
21   0   3   4  10   1   5   8   2   7   6   9
22   0   5   4  10   1   3   7   2   8   6   9
23   0   3   4  10   1   5   7   2   8   6   9
24   0   3   4  10   1   5   7   2   8   6   9
25   0   3   4  10   1   5   8   2   7   6   9
26   0   3   4  10   1   5   8   2   7   6   9
27   0   3   4  10   1   5   8   2   7   6   9
28   0   3   4  10   1   5   8   2   7   6   9
29   0   3   4  10   1   5   8   2   7   6   9
30   0   3   4  10   1   5   8   2   7   6   9
31   0   3   4  10   1   5   8   2   7   6   9
32   0   3   4  10   1   5   8   2   7   6   9
33   0   3   4  10   1   5   8   2   7   6   9
34   0   3   4  10   1   5   8   2   7   6   9
35   0   3   4  10   1   5   7   2   8   6   9
36   0   3   4  10   1   5   8   2   7   6   9
37   0   3   4  10   1   8   5   2   7   6   9
38   0   3   4  10   1   5   8   2   7   6   9
39   0   3   4  10   1   5   7   2   8   6   9
40   0   3   4  10   1   5   8   2   7   6   9
41   0   3   4  10   1   5   8   2   7   6   9
42   0   3   4  10   1   5   8   2   7   6   9
43   0   3   4  10   1   5   8   2   7   6   9
44   0   3   4  10   1   5   7   2   8   6   9
45   0   3   4  10   1   5   8   2   7   6   9
46   0   3   4  10   1   7   8   2   5   6   9
47   0   3   4  10   1   5   8   2   7   6   9
48   0   3   4  10   1   5   8   2   7   6   9
49   0   3   4  10   1   5   8   2   7   6   9 


População final de genótipos (torneio)
     0   1   2   3   4   5   6   7   8   9   10
0    6   9   4   0   3  10   7   2   8   5   1
1   10   9   4   0   3   6   7   2   8   5   1
2   10   9   4   0   3   6   7   2   8   5   1
3   10   9   4   0   3   6   7   2   8   5   1
4   10   9   4   7   3   6   0   2   8   5   1
5   10   9   4   0   3   6   7   2   8   5   1
6   10   9   4   0   3   6   7   2   8   5   1
7   10   9   4   0   3   6   7   2   8   5   1
8   10   9   4   0   3   6   5   2   8   7   1
9   10   9   4   0   3   6   7   2   8   5   1
10  10   9   4   0   3   6   7   2   8   5   1
11  10   9   4   0   3   6   7   2   8   5   1
12  10   9   4   0   3   6   7   2   8   5   1
13  10   9   4   0   3   6   7   2   8   5   1
14  10   9   4   0   3   6   7   2   8   5   1
15  10   9   4   0   3   6   7   2   8   5   1
16  10   9   4   0   3   6   7   2   8   5   1
17  10   9   4   0   3   6   7   2   8   5   1
18  10   9   4   0   3   6   7   2   8   5   1
19  10   9   4   0   3   6   7   2   8   5   1
20  10   9   4   0   3   6   7   2   8   5   1
21  10   9   4   0   3   6   7   2   8   5   1
22  10   9   4   0   8   6   7   2   3   5   1
23  10   9   4   0   8   6   7   2   3   5   1
24  10   9   4   0   3   6   5   2   8   7   1
25  10   9   4   0   3   6   7   2   8   5   1
26  10   9   4   0   3   6   7   2   8   5   1
27  10   9   4   0   3   6   7   2   8   5   1
28  10   9   4   0   3   6   7   2   8   5   1
29  10   9   4   5   3   6   7   2   8   0   1
30  10   9   4   0   3   6   7   2   8   5   1
31  10   9   4   0   3   6   7   2   8   5   1
32  10   9   4   0   8   6   7   2   3   5   1
33  10   9   4   0   3   6   7   2   8   5   1
34  10   9   4   0   3   6   7   2   8   5   1
35  10   9   4   0   3   6   7   2   8   5   1
36  10   9   4   0   3   6   7   2   8   5   1
37  10   9   4   0   3   6   5   2   8   7   1
38  10   9   4   0   3   6   7   2   8   5   1
39  10   9   4   0   3   6   7   2   8   5   1
40  10   9   4   0   3   6   7   2   8   5   1
41  10   9   4   0   8   6   7   2   3   5   1
42  10   7   4   0   3   6   9   2   8   5   1
43  10   9   4   0   3   6   7   2   8   5   1
44  10   9   4   0   3   6   5   2   8   7   1
45  10   9   4   0   3   6   7   2   8   5   1
46  10   9   4   0   3   6   7   2   8   5   1
47  10   9   4   0   3   6   5   2   8   7   1
48  10   9   4   0   3   6   7   2   8   5   1
49  10   9   4   0   3   6   7   2   8   5   1 



Tempo com os parâmetros dos algoritmos razoáveis (população = 50 e épocas = 50)

Tempo elitismo -  0.16749625499983267
Tempo torneio -  0.25903615400011404
Tempo aleatório -  0.0831261739999718
Tempo bruto -  275.6002123389999


Pressione Enter para continuar


População final de genótipos (elitismo)
      0   1   2   3   4   5   6   7   8   9   10
0     3   0   4  10   5   1   8   2   7   6   9
1     3   0   4  10   5   1   8   2   7   6   9
2     3   0   4  10   5   1   8   2   7   6   9
3     3   0   4  10   5   1   8   2   7   6   9
4     3   0   4  10   5   1   8   2   7   6   9
..   ..  ..  ..  ..  ..  ..  ..  ..  ..  ..  ..
495   3   0   4  10   5   1   8   2   7   6   9
496   3   0   4  10   5   1   8   2   7   6   9
497   3   0   4  10   5   1   8   2   7   6   9
498   3   0   4  10   5   1   8   2   7   6   9
499   3   0   4  10   5   1   8   2   7   6   9

[500 rows x 11 columns] 


População final de genótipos (torneio)
      0   1   2   3   4   5   6   7   8   9   10
0     0   5   1   8   2   7   6   9   3  10   4
1    10   5   1   8   2   7   6   9   3   0   4
2    10   5   1   8   2   7   6   9   3   0   4
3    10   5   1   8   2   7   6   9   3   0   4
4    10   5   1   8   2   7   6   9   3   4   0
..   ..  ..  ..  ..  ..  ..  ..  ..  ..  ..  ..
495  10   5   1   8   2   7   6   9   3   0   4
496  10   5   1   8   2   7   6   9   3   0   4
497  10   5   1   8   2   7   6   9   3   0   4
498  10   5   1   8   2   7   6   9   3   0   4
499  10   5   1   8   2   7   6   9   3   0   4

[500 rows x 11 columns] 


População final de genótipos (elitismo)
      0   1   2   3   4   5   6   7   8   9   10
0     1   5  10   4   0   3   9   6   7   2   8
1     1   5  10   4   0   3   9   6   7   2   8
2    10   5   1   4   0   3   9   6   7   2   8
3     1   5  10   4   0   3   9   6   7   2   8
4     1   5  10   4   0   3   9   6   7   2   8
..   ..  ..  ..  ..  ..  ..  ..  ..  ..  ..  ..
495   1   5  10   4   0   3   9   6   7   2   8
496   1   5  10   4   0   3   9   6   7   2   8
497   1   5  10   4   0   3   9   6   7   2   8
498   2   5  10   4   0   3   9   6   7   1   8
499   1   5  10   4   0   3   9   6   7   2   8

[500 rows x 11 columns] 


População final de genótipos (torneio)
      0   1   2   3   4   5   6   7   8   9   10
0     3   0   4  10   5   1   8   2   7   6   9
1     3   0   4  10   5   1   8   2   7   6   9
2     3   0   4  10   5   1   8   2   7   6   9
3     6   0   4  10   5   1   8   2   7   3   9
4     3   0   4  10   5   1   8   2   7   6   9
..   ..  ..  ..  ..  ..  ..  ..  ..  ..  ..  ..
495   3   0   4  10   5   1   8   2   7   6   9
496   3   9   4  10   5   0   8   1   2   7   6
497   3   0   4  10   5   1   8   2   7   6   9
498   3   0   4  10   5   1   6   2   7   8   9
499   3   0   4  10   5   1   8   2   7   6   9

[500 rows x 11 columns] 


População final de genótipos (elitismo)
      0   1   2   3   4   5   6   7   8   9   10
0     5   1   8   2   7   6   9   3   0   4  10
1     5   1   2   8   7   6   9   3   0   4  10
2     5   1   8   2   7   6   9   3   0   4  10
3     5   1   8   2   7   6   9   3   0   4  10
4     5   1   8   2   7   6   9   3   0   4  10
..   ..  ..  ..  ..  ..  ..  ..  ..  ..  ..  ..
495   5   1   8   2   7   6   9   3   0   4  10
496   5   1   8   2   7   6   9   3   0   4  10
497   5   1   8   2   7   6   9   3   0   4  10
498   5   1   8   2   7   6   9   3   0   4  10
499   5   1   8   2   7   6   9   3   0   4  10

[500 rows x 11 columns] 


População final de genótipos (torneio)
      0   1   2   3   4   5   6   7   8   9   10
0     3   0   4  10   5   1   8   2   7   6   9
1     3   0   4  10   5   1   8   2   7   6   9
2     3   0   4  10   5   1   8   2   7   6   9
3     3   0   4  10   5   1   8   2   7   6   9
4     3   0   4  10   5   1   8   2   7   6   9
..   ..  ..  ..  ..  ..  ..  ..  ..  ..  ..  ..
495   3   0   4  10   5   1   8   2   7   6   9
496   3   0   4  10   5   1   8   2   7   6   9
497   3   0   4  10   5   1   8   2   7   6   9
498   3   0   4  10   5   1   8   2   7   6   9
499   3   0   4  10   5   1   8   2   7   6   9

[500 rows x 11 columns] 


População final de genótipos (elitismo)
      0   1   2   3   4   5   6   7   8   9   10
0    10   5   1   8   2   7   6   9   3   0   4
1    10   5   1   8   2   7   6   9   3   0   4
2    10   5   1   8   2   7   6   9   3   0   4
3    10   5   0   8   2   7   6   9   3   1   4
4    10   5   1   8   2   7   6   9   3   0   4
..   ..  ..  ..  ..  ..  ..  ..  ..  ..  ..  ..
495  10   5   1   8   2   7   6   9   3   0   4
496  10   5   1   8   2   7   6   9   3   0   4
497  10   5   1   8   2   7   6   9   3   0   4
498  10   5   1   8   2   7   6   9   3   0   4
499  10   5   1   8   2   7   6   9   3   0   4

[500 rows x 11 columns] 


População final de genótipos (torneio)
      0   1   2   3   4   5   6   7   8   9   10
0     6   9   3   0   4  10   5   1   8   2   7
1     6   9   3   0   4  10   5   1   8   2   7
2     6   9   3   0   4  10   5   1   8   2   7
3     6   9   3   0   4  10   5   1   8   2   7
4     6   9   3   0   4  10   5   1   8   2   7
..   ..  ..  ..  ..  ..  ..  ..  ..  ..  ..  ..
495   6   9   3   0   4  10   5   1   8   2   7
496   6   9   3   0   4  10   5   1   8   2   7
497   6   9   3   0   4  10   5   1   8   2   7
498   6   9   3   0   4  10   5   1   8   7   2
499   6   9   3   0   4  10   5   1   8   2   7

[500 rows x 11 columns] 


População final de genótipos (elitismo)
      0   1   2   3   4   5   6   7   8   9   10
0    10   5   1   8   2   7   6   9   3   0   4
1    10   5   1   8   2   7   6   9   3   0   4
2    10   5   1   8   2   7   6   9   3   0   4
3    10   5   1   8   2   7   6   9   3   0   4
4    10   5   1   8   2   7   6   9   3   0   4
..   ..  ..  ..  ..  ..  ..  ..  ..  ..  ..  ..
495  10   5   1   8   2   7   6   9   3   0   4
496  10   5   1   8   2   7   6   9   3   0   4
497  10   5   1   8   2   7   6   9   3   0   4
498  10   5   1   8   2   7   6   9   3   0   4
499  10   5   1   8   2   7   6   9   3   0   4

[500 rows x 11 columns] 


População final de genótipos (torneio)
      0   1   2   3   4   5   6   7   8   9   10
0     2   8   1   5  10   4   0   3   9   6   7
1     2   8   1   5  10   4   0   3   9   6   7
2     2   8   1   5  10   4   0   3   9   6   7
3     2   8   4   5  10   1   0   3   9   6   7
4     2   8   1   5  10   4   0   3   9   6   7
..   ..  ..  ..  ..  ..  ..  ..  ..  ..  ..  ..
495   2   8   1   5  10   4   0   3   9   6   7
496   2   3   1   5  10   4   0   8   9   6   7
497   2   8   1   5  10   4   0   3   9   6   7
498   2   8   1   5  10   4   0   3   9   6   7
499   2   8   1   5  10   4   0   3   9   6   7

[500 rows x 11 columns] 


Resultados com os parâmetros dos algoritmos exagerados (população = 500 e épocas = 500)

Média elitismo -  13.3335238562079
Média torneio -  13.3335238562079
Média aleatório -  13.833533102876407
Resultado bruto -  13.3335238562079


Pressione Enter para continuar



População final de genótipos (elitismo)
      0   1   2   3   4   5   6   7   8   9   10
0    10   5   1   8   2   7   6   9   3   0   4
1    10   5   1   8   2   7   6   9   3   0   4
2    10   5   1   8   2   7   6   9   3   0   4
3    10   5   1   8   2   7   6   9   3   0   4
4    10   5   1   8   2   7   6   9   3   0   4
..   ..  ..  ..  ..  ..  ..  ..  ..  ..  ..  ..
495  10   5   1   8   2   7   6   9   3   0   4
496  10   5   1   8   2   7   6   9   3   0   4
497  10   5   1   8   2   7   6   9   3   0   4
498  10   5   1   8   2   7   6   9   3   0   4
499  10   5   1   8   2   7   6   9   3   0   4

[500 rows x 11 columns] 


População final de genótipos (elitismo)
      0   1   2   3   4   5   6   7   8   9   10
0     0   4  10   5   1   8   2   7   6   9   3
1     0   4  10   5   1   8   2   7   6   9   3
2     0   4  10   5   1   8   2   7   6   9   3
3     0   4  10   5   1   8   2   7   6   9   3
4     0   4  10   5   1   8   2   3   6   9   7
..   ..  ..  ..  ..  ..  ..  ..  ..  ..  ..  ..
495   0   4  10   5   1   8   2   7   6   9   3
496   0   4  10   5   1   8   2   7   6   9   3
497   0   4  10   5   1   8   2   7   6   9   3
498   0   4  10   5   1   8   2   7   6   9   3
499   0   4  10   5   1   8   2   7   6   9   3

[500 rows x 11 columns] 


População final de genótipos (elitismo)
      0   1   2   3   4   5   6   7   8   9   10
0     0   3   9   8   7   2   6   1   5  10   4
1     0   3   9   6   7   2   8   1   5  10   4
2     0   3   9   6   7   2   8   1   5  10   4
3     0   3   9   6   7   2   8   1   5  10   4
4     0   3   9   6   7   2   8   1   5  10   4
..   ..  ..  ..  ..  ..  ..  ..  ..  ..  ..  ..
495   0   3   9   6   7   2   8   1   5  10   4
496   0   3   9   6   7   2   8   1   5  10   4
497   0   3   9   6   7   2   8   1   5  10   4
498   0   3   9   6   7   2   8   1   5  10   4
499   0   3   9   6   7   2   8   1   5  10   4

[500 rows x 11 columns] 


População final de genótipos (elitismo)
      0   1   2   3   4   5   6   7   8   9   10
0     9   3   0   4  10   5   1   8   2   7   6
1     9   3   0   4  10   5   1   8   2   7   6
2     9   3   0   4  10   5   1   8   2   7   6
3     9   3   0   4  10   5   1   8   2   7   6
4     9   3   0   4  10   5   1   8   2   7   6
..   ..  ..  ..  ..  ..  ..  ..  ..  ..  ..  ..
495   9   3   0   4  10   5   1   8   2   7   6
496   9   3   0   4  10   5   1   8   2   7   6
497   9   3   0   4  10   5   1   8   2   7   6
498   9   3   0   4  10   5   1   8   2   7   6
499   9   3   0   4  10   5   1   8   2   7   6

[500 rows x 11 columns] 


População final de genótipos (elitismo)
      0   1   2   3   4   5   6   7   8   9   10
0     6   7   2   8   1   5  10   4   0   3   9
1     6   7   2   8   1   5  10   4   0   3   9
2     6   7   2   8   1   5  10   4   0   3   9
3     6   7   2   8   1   5  10   4   0   3   9
4     6   7   2   8   1   5  10   4   0   3   9
..   ..  ..  ..  ..  ..  ..  ..  ..  ..  ..  ..
495   6   7   2   8   1   5  10   4   0   3   9
496   6   7   2   8   1   5  10   4   0   3   9
497   6   7   2   8   1   5  10   4   0   3   9
498   6   7   2   8   1   5  10   4   0   3   9
499   6   7   2   8   1   5  10   4   0   3   9

[500 rows x 11 columns] 


População final de genótipos (torneio)
      0   1   2   3   4   5   6   7   8   9   10
0     2   4   1   5  10   8   0   3   9   6   7
1     2   8   1   5  10   4   7   3   9   6   0
2     2   8   1   5  10   4   0   3   9   6   7
3     2   8   1   5  10   4   0   3   9   6   7
4     2   8   1   5  10   4   0   3   9   6   7
..   ..  ..  ..  ..  ..  ..  ..  ..  ..  ..  ..
495   2   8   1   5  10   4   0   3   9   6   7
496   2   8   9   5  10   4   0   3   1   6   7
497   2   8   1   5  10   4   0   3   9   6   7
498   2   8   1   5  10   4   0   3   9   6   7
499   2   8   1   5  10   4   0   3   9   6   7

[500 rows x 11 columns] 


População final de genótipos (torneio)
      0   1   2   3   4   5   6   7   8   9   10
0     3   0   4  10   5   1   8   2   7   6   9
1     3   0   4  10   5   1   8   2   7   6   9
2     3   0   4  10   5   1   8   2   7   6   9
3     3   0   4  10   5   1   8   2   7   6   9
4     3   0   4  10   5   1   8   2   7   6   9
..   ..  ..  ..  ..  ..  ..  ..  ..  ..  ..  ..
495   3   0   4  10   5   1   8   2   7   6   9
496   3   0   4  10   5   1   8   2   7   6   9
497   3   0   4  10   5   1   8   2   7   6   9
498   3   0   4  10   5   1   8   2   7   9   6
499   3   0   4  10   5   1   8   2   7   6   9

[500 rows x 11 columns] 


População final de genótipos (torneio)
      0   1   2   3   4   5   6   7   8   9   10
0    10   5   1   8   2   7   6   9   3   0   4
1    10   5   1   8   2   7   6   9   3   0   4
2    10   5   1   8   2   7   6   9   3   0   4
3    10   5   1   8   2   7   6   9   3   0   4
4     6   5   1   8   2   7  10   9   3   0   4
..   ..  ..  ..  ..  ..  ..  ..  ..  ..  ..  ..
495  10   5   1   8   2   7   6   9   3   0   4
496  10   5   1   8   2   7   6   9   3   0   4
497  10   5   1   8   2   7   6   9   3   0   4
498  10   5   0   8   2   7   6   9   3   1   4
499  10   5   1   8   2   7   6   0   9   3   4

[500 rows x 11 columns] 


População final de genótipos (torneio)
      0   1   2   3   4   5   6   7   8   9   10
0     6   7   5   8   1   2  10   4   0   3   9
1     6   7   2   8   1   5  10   4   0   3   9
2     6   7   2   8   1   5  10   4   0   3   9
3     6   7   2   8   1   5  10   4   0   3   9
4     6   7   2   8   1   5  10   4   0   3   9
..   ..  ..  ..  ..  ..  ..  ..  ..  ..  ..  ..
495   6   7   2   8   1  10   5   4   0   3   9
496   6   7   2   8   1   5  10   4   0   3   9
497   6   7   2   8   1   5  10   4   0   3   9
498   6   7   2   8   1   5  10   4   0   3   9
499   6   7   2   8   1   5  10   4   0   3   9

[500 rows x 11 columns] 


População final de genótipos (torneio)
      0   1   2   3   4   5   6   7   8   9   10
0    10   4   0   3   9   6   7   2   8   1   5
1    10   4   0   3   9   6   7   2   8   1   5
2    10   4   0   3   9   6   7   2   8   1   5
3    10   4   0   3   9   6   7   2   8   1   5
4    10   4   0   3   9   6   7   2   8   1   5
..   ..  ..  ..  ..  ..  ..  ..  ..  ..  ..  ..
495  10   4   0   3   9   6   7   2   8   1   5
496  10   4   0   3   9   6   7   2   8   1   5
497  10   4   0   3   2   6   7   9   8   1   5
498   4  10   0   3   9   6   7   2   8   1   5
499  10   4   0   3   9   6   7   2   8   1   5

[500 rows x 11 columns] 


Tempo com os parâmetros dos algoritmos exagerados (população = 500 e épocas = 500)

Tempo elitismo -  9.729516500999807
Tempo torneio -  13.445638993999864
Tempo aleatório -  7.406963276999932
Tempo bruto -  275.6002123389999


Pressione Enter para continuar


Plot de gráficos razoáveis

Plot de gráficos exagerados



Pressione Enter para continuar




-----------------------------------------------------------


Segunda análise - Comparação de métodos heurísticos com aleatório


População final de genótipos (elitismo)
      0   1   2   3   4   5   6   7   8   9   10  11  12  13  14  15  16  17  18  19
0     7  17  12  16  14   1  15   5   9  13  11   2   3  19   8  18   4   0  10   6
1    19  17  12  16  14   1  15   5   9  13  11   2   3   7   8  18   4   0  10   6
2    19  17  12  16   5   1  15  14   9  13  11   2   3   7   8  18   4   0  10   6
3    19  17  12  16  14   1  15   5   9  13  11   2   3   7   8  18   4   0  10   6
4    19  17  12  16  14   1  15   5   9  13  11   2   3   7   8  18   4   0  10   6
..   ..  ..  ..  ..  ..  ..  ..  ..  ..  ..  ..  ..  ..  ..  ..  ..  ..  ..  ..  ..
495  19  17  12  16  14   1  15   5   9  13  11   2   3   7   8  18   4   0  10   6
496  19  17  12  16  14   1  15   5   9  13  11   2   3   7   8  18   4   0  10   6
497  19  17  12  16  14   1  15   5   9  13  11   2   3   7   8  18   4   0  10   6
498  19  17  12  16  14   1  15   5   9  13  11   2   3   7   8  18   4   0  10   6
499  19  17  12  16  14   1  15   5   9  13  11   2   3   7   8  18   4   0  10   6

[500 rows x 20 columns] 


População final de genótipos (torneio)
      0   1   2   3   4   5   6   7   8   9   10  11  12  13  14  15  16  17  18  19
0    10   0  19  18   8   7   3   2   5   9  13  11  12  15   1  14  16  17   4   6
1    10   0   4  18   8   7   3   2   5   9  13  11  12  15   1  14  16  17  19   6
2    10   0   4  18   8   7   3   2   5   9  13  11  12  15   1  14  16  17  19   6
3    10   0   4  18   8   7   3   2   5   9  13  11  12  15   1  14  16  17  19   6
4    10   0   4  18   8   7   3   2   5   9  13  11  12  15   1  14  16  17  19   6
..   ..  ..  ..  ..  ..  ..  ..  ..  ..  ..  ..  ..  ..  ..  ..  ..  ..  ..  ..  ..
495  10   0   4  18   8   7   3   2   5   9  13  11  12  15   1  14  16  17  19   6
496  10   0   4  18   8   7   3   2   5   9  13  11  12  15   1  14  16  17  19   6
497  10   0   4  18   8   7   3   2   5   9  13  11  12  15   1  14  16  17  19   6
498  10   0   4  18   8   7   3   2   5   9  13  11  12  15   1  14  16  17  19   6
499  10   0   4  18   8   7   3   2   5   9  13  11  12  15   1  14  16  17  19   6

[500 rows x 20 columns] 


População final de genótipos (elitismo)
      0   1   2   3   4   5   6   7   8   9   10  11  12  13  14  15  16  17  18  19
0    12  16  14   1  15  11  13   9   5   2   3   7   8  18   4   0  10   6  19  17
1    12  16  14   1  15  11  13   9   5   2   3   7   8  18   4   0  10   6  19  17
2    12  16  14   1  15  11  13   9   5   2   3   7   8  18   4   0  10   6  19  17
3    12  16  14   1  15  11  13   9   5   2   3   7   8  18   4   0  10   6  19  17
4    12  16  14   1  15  11  13   9   5   2   3   7   8  18   4   0  10   6  19  17
..   ..  ..  ..  ..  ..  ..  ..  ..  ..  ..  ..  ..  ..  ..  ..  ..  ..  ..  ..  ..
495  12  16  14   1  15  11  13   9   5   2   3   7   8  18   4   0  10   6  19  17
496  12  16  14   1  15  11  13   9   5   2   3   7   8  18   4   0  10   6  19  17
497  12  16  14   1  15  11  13   9   7   2   3   5   8  18   4   0  10   6  19  17
498  12  16  14   1  15  11  13   9   5   2   3   7   8  18   4   0  10   6  19  17
499  12  16  14   1  17  11  13   9   5   2   3   7   8  18   4   0  10   6  19  15

[500 rows x 20 columns] 


População final de genótipos (torneio)
      0   1   2   3   4   5   6   7   8   9   10  11  12  13  14  15  16  17  18  19
0    11  13   9   5  15   1  14   2   3   7   8  18   4   0  10   6  19  17  16  12
1    11  13   9   5  15   1  14   2   3   7   8  18   4   0  10   6  19  17  16  12
2    11  13   9   5  15   1  14   2   3   7   8  18   4   0  10   6  19  17  16  12
3    11  13   9   5  15   1  14   2   3   7   8  18   4   0  10   6  19  17  16  12
4    11  14   9   5  15   1  13   2   3   7   8  18   4   0  10   6  19  17  16  12
..   ..  ..  ..  ..  ..  ..  ..  ..  ..  ..  ..  ..  ..  ..  ..  ..  ..  ..  ..  ..
495  11  13   9   5  15   1  14   2   3   7   8  18   4   0  10   6  19  17  16  12
496  11  13   9   5  15   1   0   2   3   7   8  18   4  14  10   6  19  17  16  12
497  11  13   9   5  15   1  14   2   3   7   8  18   4   0  10   6  19  17  16  12
498  11  13   9   5  15   1  14   2   3   7   8  18   4   0  10   6  19  17  16  12
499  11  13   9   5  15   1  14   2   3   7   8  18   4   0  10   6  19  17  16  12

[500 rows x 20 columns] 


População final de genótipos (elitismo)
      0   1   2   3   4   5   6   7   8   9   10  11  12  13  14  15  16  17  18  19
0    14   1  15  12  11  13   9   5   2   3   7   8  18   4   0  10   6  19  17  16
1    14   1  15  12  11  13   9   5   2   3   7   8  18   4   0  10   6  19  17  16
2    14   1  15  12  11  13   9   5   2   3   7   8  18   4   0  10   6  19  17  16
3    14   1  15  12  11  13   9   5   2   3   7   8  18   4   0  10   6  19  17  16
4    14   1  15  12  11  13   9   5   2   3   7   8  18   4   0  10   6  19  17  16
..   ..  ..  ..  ..  ..  ..  ..  ..  ..  ..  ..  ..  ..  ..  ..  ..  ..  ..  ..  ..
495  14   1  15  13  11  12   9   5   2   3   7   8  18   4   0  10   6  19  17  16
496  14   1  15  12  11  13   9   5   2   3   7   8  18   4   0  10   6  19  17  16
497  14   1  15  12  11  13   9   5   2   3   7   8  18   4   0  10   6  19  17  16
498  14   1  15  12  11  13   9   5   2   3   7   8  18   4   0  10   6  19  17  16
499  14   1  15  12  11  13   9   5   2   3   7   8  18   4   0  10   6  19  17  16

[500 rows x 20 columns] 


População final de genótipos (torneio)
      0   1   2   3   4   5   6   7   8   9   10  11  12  13  14  15  16  17  18  19
0     8   7   3   2   5   9  13  11  12  15   1  14  16  17  19   6  10   0   4  18
1     0   7   3   2   5   9  13  11  12  15   1  14  16  17  19   6  10   8   4  18
2     8   7   3   2   5   9  13  11  12  15   1  14  16  17  19   6  10   0   4  18
3     8   7   3   2   5   9  13  11  12  15   1  14  16  17  19   6  10   0   4  18
4     8   7   3   2   5   9  13  11  12  15   1  14  16  17  19   6  10   0   4  18
..   ..  ..  ..  ..  ..  ..  ..  ..  ..  ..  ..  ..  ..  ..  ..  ..  ..  ..  ..  ..
495   8   7   3   2   5   9  13  11  12  15   1  14  16  17  19   6  10   0   4  18
496   8   7   3   2   5   9  13  11  12  15   1  14  16  17  19   6  10   0   4  18
497   8   7   3   2   5   9  13  11  12  15   1  14  16  17  19   6  10   0   4  18
498   8   7   3   2   5   9  13  11  12  15   1  14  16  17  19   6  10   0   4  18
499   8   7   3   2   5   9  13  11  12  15   1  14  16  17  19   6  10   0   4  18

[500 rows x 20 columns] 


População final de genótipos (elitismo)
      0   1   2   3   4   5   6   7   8   9   10  11  12  13  14  15  16  17  18  19
0    19  17  16  14   1  15  12  11  13   9   5   2   3   7   8  18   4   0  10   6
1    19  17  16  14   1  15  12  11  13   9   5   2   3   7   8  18   4   0  10   6
2    19  17  16  14   1  15  12  11  13   9   5   2   3   7   8  18   4   0  10   6
3    19   2  16  14   1  15  12  11  13   9   5  17   3   7   8  18   4   0  10   6
4    19  17  16  14   1  15  12  11  13   9   5   2   3   7   8  18   4   0  10   6
..   ..  ..  ..  ..  ..  ..  ..  ..  ..  ..  ..  ..  ..  ..  ..  ..  ..  ..  ..  ..
495  19  17  16  14   1  15  12  11  13   9   5   2   3   7   8  18   4   0  10   6
496  19  17  16  14   1  15  12  11  13   9   5   2   3   7   8  18   4   0  10   6
497  19  17  16  14   1  15  12  11  13   9   5   2   3   7   8  18   4   0  10   6
498  19  17  16  14   1  15  12  11  13   9   5   2   3   7   8  18   4   0  10   6
499  19  17  16  14   1  15  12  11  13   9   5   2   3   7   8  18   4   0  10   6

[500 rows x 20 columns] 


População final de genótipos (torneio)
      0   1   2   3   4   5   6   7   8   9   10  11  12  13  14  15  16  17  18  19
0    13  11   2   3   7   8  18   4   0  10   6  19  17  12  16  14   1  15   5   9
1    13  19   2   3   7   8  18   4   0  10   6  11  17  12  16  14   1  15   5   9
2    13  11   2   3   7   8  18   4   0  10   6  19  17  12  16  14   1  15   5   9
3    13  11   2   3   7   8  18   4   0  10   6  19  17  12  16  14   1  15   5   9
4    13  11   2   3   7   8  18   4   0  10   6  19  17  12  16  14   1  15   5   9
..   ..  ..  ..  ..  ..  ..  ..  ..  ..  ..  ..  ..  ..  ..  ..  ..  ..  ..  ..  ..
495  13  11   2   3   7   8  18   4   0  10   6  19  17  12  16  14   1  15   5   9
496  13  11   2   3   7   8  18   4   0  10   6  19  17  12  16  14   1  15   5   9
497  13  11   2  12   7   8  18   4   0  10   6  19  17   3  16  14   1  15   5   9
498  13  11   2  19   3   7   8  18   4   0  10   6  17  12  16  14   1  15   5   9
499  13  11   2   3   7   8  18   4   0  10   6  19  17  12  16  14   1  15   5   9

[500 rows x 20 columns] 


População final de genótipos (elitismo)
      0   1   2   3   4   5   6   7   8   9   10  11  12  13  14  15  16  17  18  19
0     8   7   3   2   5   9  13  11  12  15  17  14  16   1  19   6  10   0   4  18
1     8   7   3   2  16   9  13  11  12  15   1  14   5  17  19   6  10   0   4  18
2     8   7   3   2   5   9  13  11  12  15   1  14  16  17  19   6  10   0   4  18
3     8   7   3   2   5   9  13  11  12  15   1  14  16  17  19   6  10   0   4  18
4     8   7   3   2   5   9  13  11  12  15   1  14  16  17  19   6  10   0   4  18
..   ..  ..  ..  ..  ..  ..  ..  ..  ..  ..  ..  ..  ..  ..  ..  ..  ..  ..  ..  ..
495   8   7   3   2   5   9  13  11  12  15   1  14  16  17  19   6  10   0   4  18
496   8   7   3   2   5   9  13  11  12  15   1  14  16  17  19   6  10   0   4  18
497   8   7   3   2   5   9  13  11  12  15   1  14  16  17  19   6  10   0   4  18
498   8   7   3   2   5   9  13  11  12  15   1  14  16  17  19   6  10   0   4  18
499   8   7   3   2   5   9  13  11  12  15   1  14  16  17  19   6  10   0   4  18

[500 rows x 20 columns] 


População final de genótipos (torneio)
      0   1   2   3   4   5   6   7   8   9   10  11  12  13  14  15  16  17  18  19
0     9   5  15   1  14  16  12  17  19   6  10   0   4  18   8   7   3   2  11  13
1     9   5  15   1  14  16  12  17  19   6  10   0   4  18   8   7   3   2  11  13
2     9   5  15   1  14  16  12  17  19   6  10   0   4  18   8   7   3   2  11  13
3     9   5  15   1  14  16  12  17  19   6  10   0   4  18   8   7   3   2  11  13
4     9   5  15   1  14  16  12  17  19   6  10   0   4  18   8   7   3   2  11  13
..   ..  ..  ..  ..  ..  ..  ..  ..  ..  ..  ..  ..  ..  ..  ..  ..  ..  ..  ..  ..
495   9   5  17   1  14  16  12  15  19   6  10   0   4  18   8   7   3   2  11  13
496   9   5  15   1  14  16  12  17  19   6  10   0   4  18   8   7   3   2  11  13
497   9   5  15   1  14  16  12  17  19   6  10   0   4  18   8   7   3   2  11  13
498   9   5  15   1  14  16  12  17  19   6  10   0   4  18   8   7   3   2  11  13
499   9   5  15   1  14  18  12  17  19   6  10   0   4  16   8   7   3   2  11  13

[500 rows x 20 columns] 


Resultados - Comparação entre métodos heurísticos e aleatórios

Média elitismo -  467.7100392454252
Média torneio -  476.44076544420915
Média aleatório -  741.351867057512


Pressione Enter para continuar



População final de genótipos (elitismo)
      0   1   2   3   4   5   6   7   8   9   10  11  12  13  14  15  16  17  18  19
0     7   3   2   5   9  13  11  12  15   1  14  16  17  19   6  10   0   4  18   8
1     7   3   2   5   9  13  11  12  15   1  14  16  17  19   6  10   0   4  18   8
2     7   3   2   5   9  13  11  12  15   1  14  16  17  19   6  10   0   4  18   8
3     7   3   2   5   9  13  11  12  15   1  14  16  17  19   6  10   0   4  18   8
4     7   3   2   5   9  13  11  12  15   1  14  16  17  19   6  10   0   4  18   8
..   ..  ..  ..  ..  ..  ..  ..  ..  ..  ..  ..  ..  ..  ..  ..  ..  ..  ..  ..  ..
495   7   3   2   5   9  13  11  12  15   1  14  16  17  19   6  10   0   4  18   8
496   7   3   2   5   9  13  11  12  15   1  14  16  17  19   6  10   0   4  18   8
497   7   3   2   5   9  13  11  12  15   1  14  16  17  19   6  10   0   4  18   8
498   7   3   2   5   9  13  11  12  15   1  14  16  17  19   6  10   0   4  18   8
499   7   3   2   5   9  13  11  12  15   1  14  16  17  19   6  10   0   4  18   8

[500 rows x 20 columns] 


População final de genótipos (elitismo)
      0   1   2   3   4   5   6   7   8   9   10  11  12  13  14  15  16  17  18  19
0    10   0   4  18   8   7   3   2   5   9  13  11  12  15   1  14  16  17  19   6
1    10   0   4  18   8   7   3   2   5   9  13  11  12  15   1  14  16  17  19   6
2    10   0   4  18   8   7   3   2   5   9  13  11  12  15   1  14  16  17  19   6
3    10   0   4  18   8   7   3   2   5   9  13  11  12  15   1  14  16  17  19   6
4    10   0   4  18   8   7   3   2   5   9  13  11  12  15   1  14  16  17  19   6
..   ..  ..  ..  ..  ..  ..  ..  ..  ..  ..  ..  ..  ..  ..  ..  ..  ..  ..  ..  ..
495  10   0   4  18   8   7   3   2   5   9  13  11  12  15   1  14  16  17  19   6
496  10   0   4  18   8   7   3   2   5   9  13  11  12  15   1  14  16  17  19   6
497  10   0   4  18   8   7   3   2   5   9  13  11  12  15   1  14  16  17  19   6
498  10   0   4  18   8   7   3   2   5   9  13  11  12  15   1  14  16  17  19   6
499  10   0   4  18   8   7   3   2   5   9  13  11  12  15   1  14  16  17  19   6

[500 rows x 20 columns] 


População final de genótipos (elitismo)
      0   1   2   3   4   5   6   7   8   9   10  11  12  13  14  15  16  17  18  19
0    16  12   2   9  13  11  14   1  15   5   3   7   8  18   4   0  10   6  19  17
1    16  12   2   9  13  11  14   1  15   5   3   7   8  18   4   0  10   6  19  17
2    16  12   2   9  13  11  14   1  15   5   3   7   8  18   4   0  10   6  19  17
3    16  12  18   9  13  11  14   1  15   5   3   7   8   2   4   0  10   6  19  17
4    16  12   2   9  13  11  14   1  15   5   3   7   8  18   4   0  10   6  19  17
..   ..  ..  ..  ..  ..  ..  ..  ..  ..  ..  ..  ..  ..  ..  ..  ..  ..  ..  ..  ..
495  16  12   2   9  13  11  14   1  15   5   3   7   8  18   4   0  10   6  19  17
496  16  12   2   9  13  11  14   1  15   5   3   7   8  18   4   0  10   6  19  17
497  16  12   2   9  13  11  14   1  15   5   3   7   8  18   4   0  10   6  19  17
498  16  12   2   9  13  11  14   1  17   5   3   7   8  18   4   0  10   6  19  15
499  16  12   2   9  19  11  14   1  15   5   3   7   8  18   4   0  10   6  13  17

[500 rows x 20 columns] 


População final de genótipos (elitismo)
      0   1   2   3   4   5   6   7   8   9   10  11  12  13  14  15  16  17  18  19
0    15   1  14  16  19  17  12  11  13   9   5   2   3   7   8  18   4   0  10   6
1    15   1  14  16  19  17  12  11  13   9   5   2   3   7   8  18   4   0  10   6
2    15   1  14  16  19  17  12  11  13   9   5   2   3   7   8  18   4   0  10   6
3    15   1  14  16  19  17  12  11  13   9   5   2   3   7   8  18   4   0  10   6
4    15   1  14  16  19  17  12  11  13   9   5   2   3   7   8  18   4   0  10   6
..   ..  ..  ..  ..  ..  ..  ..  ..  ..  ..  ..  ..  ..  ..  ..  ..  ..  ..  ..  ..
495  15   1  14  16  19  17  12  11  13   9   5   2   3   7   8  18   4   0  10   6
496  15   1  14  16  19  17  12  11  13   9   5   2   3   7   8  18   4   0  10   6
497  15   1  14  16  19  17  12  11  13   9   5   2   3   7   8  18   4   0  10   6
498  15   1  14  16  19  17  12  11  13   9   5   2   3   7   8  18   4   0  10   6
499  15   1  14  16  19  17  12  11  13   9   5   2   3   7   8  18   4   0  10   6

[500 rows x 20 columns] 


População final de genótipos (elitismo)
      0   1   2   3   4   5   6   7   8   9   10  11  12  13  14  15  16  17  18  19
0     3   7   8  18   4   0  10   6  19  17  16  14   1  15  12  11  13   9   5   2
1     3   7   8  18   4   0  10   6  19  17  16  14   1  15  12  11  13   9   5   2
2     3   7   8  18   4   0  10   6  19  17  16  14   1  15  12  11  13   9   5   2
3     3   7   8  18   4   0  10   6  19  17  16  14   1  15  12  11  13   9   5   2
4     3   7   8  18   4   0  10   6  19  17  16  14   1  15  12  11  13   9   5   2
..   ..  ..  ..  ..  ..  ..  ..  ..  ..  ..  ..  ..  ..  ..  ..  ..  ..  ..  ..  ..
495   3   7   8  18   4   0  10   6  19  17  16  14   1  15  12  11  13   9   5   2
496   3   7   8  18   4   0  10   6  19  17  16  14   1  15  12  11  13   9   5   2
497   3   7   8  18   4   0  10   6  19  17  16  14   1  15  12  11  13   9   5   2
498   3   7   8  18   4   0  10   6  19  17  16  14   1  15  12  11  13   9   5   2
499   3   7   8  18   4   0  10   6  19  17  16  14   1  15  12  11  13   9   5   2

[500 rows x 20 columns] 


População final de genótipos (torneio)
      0   1   2   3   4   5   6   7   8   9   10  11  12  13  14  15  16  17  18  19
0     4   0  10   6  19  17  16  12  11  13  14   1  15   5   9   2   3   7   8  18
1     4   0  10   6  19  17  16  12  11  13  14   1  15   5   9   2   3   7   8  18
2     4   0  10   6  19  17  16  12   7  13  14   1  15   5   9   2   3  11   8  18
3     4   0  10   6  19  17  16  12  11  13  14   1  15   5   9   2   3   7   8  18
4     4   0  10   6  19  17  16  12  11  13  14   1  15   5   9   2   3   7   8  18
..   ..  ..  ..  ..  ..  ..  ..  ..  ..  ..  ..  ..  ..  ..  ..  ..  ..  ..  ..  ..
495   4   0  10   6  19  17  16  12  11  13  14   1  15   5   9   2   3   7   8  18
496   4   0  10   6  19  17  16  12  11  13  14   1  15   5   9   2   3   7   8  18
497   4   0  10   6  19  17  16  12  13  11  14   1  15   5   9   2   3   7   8  18
498   4   0  10   6  19  17  16  12  11  13  14   1  15   5   9   2   3   7   8  18
499   4   0  10   6  19  17  16  12  11  13  14   1  15   5   9   2   3   7   8  18

[500 rows x 20 columns] 


População final de genótipos (torneio)
      0   1   2   3   4   5   6   7   8   9   10  11  12  13  14  15  16  17  18  19
0     2  11  13   9   5  15   1  14  16  12  17  19   6  10   0   4  18   8   7   3
1     2  11  13   9   5  15   1  14  16  12  17  19   6  10   0   4  18   8   7   3
2     2  11  13   9   5  15   1  14  16  12  17  19   6  10   0   4  18   8   7   3
3     2  11  13   9   5  15   1  14  16  12  17  19   6  10   0   4  18   8   7   3
4     2  11  13   9   5  15   1  14  16  12  17  19   6  10   0   4  18   8   7   3
..   ..  ..  ..  ..  ..  ..  ..  ..  ..  ..  ..  ..  ..  ..  ..  ..  ..  ..  ..  ..
495   2  11  13   9   5  15   1  14  16  12  17  19   6  10   0   4  18   8   7   3
496   2  11  13   9   5  15   1  14  16  12  17  19   6  10   0   4  18   8   7   3
497   2  11  13   9   5  15   1  14  16  12  17  19   6  10   0   4  18   8   7   3
498   2  11  13   9   5  15   1  14  19  12  17  16   6  10   0   4  18   8   7   3
499   2  11  13   9   5  15   1  14  16  12  17  19   6  10   0   4  18   8   7   3

[500 rows x 20 columns] 


População final de genótipos (torneio)
      0   1   2   3   4   5   6   7   8   9   10  11  12  13  14  15  16  17  18  19
0     4   0  10   6  19  17  12  16  14   1  15   5   9  13  11   2   3   7   8  18
1     4   0  10   6  19  17  12  16  14   1  15   5   9  13  11   2   3   7   8  18
2     4   0  10   6  19  17  12  16  14   1  15   5   9  13  11   2   3   7   8  18
3     4   0  10   6  19  17  12  16  14   1  15   5   9  13  11   2   3   7   8  18
4     4   0  10   6  19  17  12  16  14   1  15   5   9  13  11   2   3   7   8  18
..   ..  ..  ..  ..  ..  ..  ..  ..  ..  ..  ..  ..  ..  ..  ..  ..  ..  ..  ..  ..
495   4   0  10   6  19  17  12  16  14   1  15   5   9  13  11   2   3   7   8  18
496   4   0  10   6  19  17  12  16  14   1  15   5   9  13  11   2   3   7   8  18
497   4   0  10   6  19  17  12  16  14   1  15   5   9  13  11   2   3   7   8  18
498   4   0  10   6  19  17  12  16  14   1  15   5   9  13  11   2   3   7   8  18
499   4   0  19   6  10  17  12  16  14   1  15   5   7   9  13  11   2   3   8  18

[500 rows x 20 columns] 


População final de genótipos (torneio)
      0   1   2   3   4   5   6   7   8   9   10  11  12  13  14  15  16  17  18  19
0    19   6  10   0   4  18   8   7   3   2   5   9  13  11  12  15   1  14  16  17
1    19   6  10   0   4  18   8   7   3   2   5   9  13  11  12  15   1  14  16  17
2    19   6  10   0   4  18   8   7   3   2   5   9  13  11  12  15   1  14  16  17
3    19   6  10   0   4  18   8   7   3   2   5   9  13  11  12  15   1  14  16  17
4    19   6  10   0   4  18   8   7   3   2   5   9  13  11  12  15   1  14  16  17
..   ..  ..  ..  ..  ..  ..  ..  ..  ..  ..  ..  ..  ..  ..  ..  ..  ..  ..  ..  ..
495  19   6  10   0   4  18   8   7   3   2   5   9  13  11  12  15   1  14  16  17
496  19   6  10   0   4  18   8   7   3   2   5   9  13  11  12  15   1  14  16  17
497  19   6  10   0   4  18   7   8   3   2   5   9  13  11  12  15   1  14  16  17
498  19   6  10   0   4  18   8   7   3   2   5   9  13  11  12  15   1  14  16  17
499  19   6  10   0   4  18   8   7   3   2   5   9  13  11  12  15   1  14  16  17

[500 rows x 20 columns] 


População final de genótipos (torneio)
      0   1   2   3   4   5   6   7   8   9   10  11  12  13  14  15  16  17  18  19
0     1  15  12  11  13   9   5   2   3   7   8  18   4   0  10   6  19  17  16  14
1     1  15  12  11  13   9   5   2   3   7   8  18   4   0  10   6  19  17  16  14
2     1  15  12  11  13   9   5   2   3   7   8  18   4   0  10   6  19  17  16  14
3     1  15  12  11  13   9   5   2   3   7   8  18   4   0  10   6  19  17  16  14
4     1  15  12  11  13   9   5   2   3   7   8  18   4   0  10   6  19  17  16  14
..   ..  ..  ..  ..  ..  ..  ..  ..  ..  ..  ..  ..  ..  ..  ..  ..  ..  ..  ..  ..
495   1  15  12  11  13   9   5   2   3   7   8  18   4   0  10   6  19  17  16  14
496   1  15  12  11  13   9   5  18   3   7   8   2   4   0  10   6  19  17  16  14
497   1  15  12  11  13   9   5   2   3   7   8  18   4   0  10   6  19  17  16  14
498   1  15  12  11  13   9   5   2   3   7   8  18   4   0  10   6  19  17  16  14
499   1  15  12  11  13   9   5   2   3   7   8  18   4   0  10   6  19  17  16  14

[500 rows x 20 columns] 


Tempo - Comparação de métodos heurísticos e aleatórios

Tempo elitismo -  17.24541609400012
Tempo torneio -  20.614497116000166
Tempo aleatório -  14.512357708000309


Pressione Enter para continuar


#Como foi simulado por terminal, não há gráficos, mas eles deveriam ser plotados aqui


Pressione Enter para continuar




-----------------------------------------------------------


Terceira análise - Comparação entre mecanismos de seleção

Escala pequena - População com 50 genótipos e 50 épocas
 Escala grande - População com 500 genótipos e 500 épocas



População final de genótipos (elitismo)
     0   1   2   3   4   5   6   7   8   9   10  11  12  13  14  15  16  17  18  19  ...  78  79  80  81  82  83  84  85  86  87  88  89  90  91  92  93  94  95  96  97
0   95  46  59   2  29  58  87  68  51  71  60  91  78  62  39   5  20  25  86  14  ...  52   0   7  79  35  75  93  73  64  90  30  53  97  77  83  36  34  56  12  22
1   95  46  59   2  29  58  87  68  51  71  60  91  78  62  39   5  20  25  86  14  ...  47  52   0  79  35  75  93  73  64  90  30  94  53  97  77  83  36  34  56  12
2   95  46  59   2  29  58  87  68  51  71  60  91  78  62  39   5  20  25  86  14  ...  52   0   7  79  35  75  93  73  64  90  30  53  97  77  83  36  34  56  12  94
3   95  46  59   2  29  58  87  68  51  71  60  91  78  62  39   5  20  25  86  14  ...  52   0   7  79  35  75  93  73  64  90  30  53  97  77  83  36  34  56  12  94
4   95  46  59   2  29  58  87  68  51  71  60  91  78  62  39   5  20  25  86  14  ...  47  52   0  79  35  75  93  73  64  90  30  94  53  97  77  83  36  34  56  12
5   95  46  59   2  29  58  87  68  51  71  60  91  78  62  39   5  20  25  86  14  ...  47  52   0  79  35  75  93  73  64  90  30  94  53  97  77  83  36  34  56  12
6   95  46  59   2  29  58  87  68  51  71  60  91  78  62  39   5  20  25  86  14  ...  47  52   0  79  35  75  93  73  64  90  30  94  53  97  77  83  36  34  56  12
7   95  46  59   2  29  58  87  68  51  71  60  91  78  62  39   5  20  25  86  14  ...  47  52   0  79  35  75  93  73  64  90  30  94  53  97  77  83  36  34  56  12
8   24  46  59   2  29  58  87  68  51  71  60  91  78  62  39   5  20  25  86  14  ...  74  52   0  79  35  93  73   7  64  90  30  53  97  77  83  36  34  56  12  94
9   95  46  59   2  29  58  87  68  51  71  60  91  78  62  39   5  20  25  86  14  ...  74  52   0  79  35  93  73   7  64  90  30  53  97  77  83  36  34  56  12  94
10  95  46  59   2  29  58  87  68  51  71  60  91  78  62  39   5  20  25  86  14  ...  74  52   0  79  35  93  73   7  64  90  30  53  97  77  83  36  34  56  12  94
11  95  46  59   2  29  58  87  68  51  71  60  91  78  62  39   5  20  25  86  14  ...  74  52   0  79  35  93  73   7  64  90  30  53  97  77  83  36  34  56  12  94
12  95  46  59   2  29  58  87  68  51  71  60  91  78  62  39   5  20  25  86  14  ...  74  52   0  79  35  93  73   7  64  90  30  53  97  77  83  36  34  56  12  94
13  95  46  59   2  29  58  87  68  51  71  60  91  78  62  39   5  20  25  86  14  ...  74  52   0  79  35  93  73   7  64  90  30  53  97  77  83  36  34  56  12  94
14  95  46  59   2  29  58  87  68  51  71  60  91  78  62  39   5  20  25  86  14  ...  74  52   0  79  35  93  73   7  64  90  30  53  97  77  83  36  34  56  12  94
15  95  46  59   2  29  58  87  68  51  71  60  91  78  62  39   5  20  25  86  14  ...  74  52   0  79  35  93  73   7  64  90  30  53  97  77  83  36  34  56  12  94
16  95  46  59   2  29  58  87  68  51  71  60  91  78  62  39   5  20  25  86  14  ...  74  52   0  79  35  93  73   7  64  90  30  53  97  77  83  36  34  56  12  94
17  95  46  59   2  29  58  87  68  51  71  60  91  78  62  39   5  20  25  86  14  ...  74  52   0  79  35  93  73   7  64  90  30  53  97  77  83  36  34  56  12  94
18  95  46  59   2  29  58  87  68  51  71  60  91  78  62  39   5  20  25  86  14  ...  74  52   0  79  35  93  73   7  64  90  30  53  97  77  83  36  34  56  12  94
19  95  46  59   2  29  58  87  68  51  71  60  91  78  62  39   5  20  25  86  14  ...  74  52   0  79  35  93  73   7  64  90  30  53  97  77  83  36  34  56  12  94
20  95  46  59   2  29  58  87  68  51  71  60  91  78  62  39   5  20  25  86  14  ...  74  52   0  79  35  93  73   7  64  90  30  53  97  77  83  36  34  56  12  94
21  95  46  59   2  29  58  87  68  51  71  60  91  78  62  39   5  20  25  86  14  ...  74  52   0  79  35  93  73   7  64  90  30  53  97  77  83  36  34  56  12  94
22  95  46  59   2  29  58  87  68  51  71  60  91  78  62  39   5  20  25  86  14  ...  52   0   7  79  35  75  93  73  64  90  30  53  97  83  77  36  34  56  12  94
23  95  46  59   2  29  58  87  68  51  71  60  91  78  62  39   5  20  25  86  14  ...  74  52   0  79  35  93  73   7  64  90  30  53  97  77  83  36  34  56  12  94
24  95  46  59   2  29  58  87  68  51  71  60  91  78  62  39   5  20  25  86  14  ...  74  52   0  79  35  93  73   7  64  90  30  53  97  77  83  36  34  56  12  94
25  95  46  59   2  29  58  87  68  51  71  60  91  78  62  39   5  20  25  86  14  ...  74  52   0  79  35  93  73   7  64  90  30  94  53  97  77  83  36  34  56  12
26  95  46  59   2  29  58  87  68  51  71  60  91  78  62  39   5  20  25  86  14  ...  47  52   0  79  35  75  93  73  64  90  30  94  53  97  77  83  36  34  56  38
27  95  46  59   2  29  58  87  68  51  71  60  91  78  62  39   5  20  25  86  14  ...  74  52   0  79  35  93  73   7  64  90  30  53  97  77  83  36  34  56  12  94
28  95  46  59   2  29  58  87  68  51  71  60  91  78  62  39   5  20  25  86  14  ...  74  52   0  79  35  93  73   7  94  64  90  30  53  97  77  83  36  34  56  12
29  95  46  59   2  29  58  87  68  51  71  60  91  78  62  39   5  20  25  86  14  ...  74  52   0  79  35  93  73   7  64  90  30  53  97  77  83  36  34  56  12  94
30  95  46  59   2  29  58  87  68  51  71  60  91  78  62  39   5  20  25  86  14  ...  74  52   0  79  35  93  73   7  64  90  30  53  97  77  83  36  34  56  12  94
31  95  46  59   2  29  58  87  68  51  71  60  91  78  62  39   5  20  25  86  14  ...  47  52   0  79  35  75  93  73  64  90  30  53  97  77  83  36  34  56  12  94
32  95  46  59   2  29  58  87  68  51  71  60  91  78  62  39   5  20  25  86  14  ...  74  52   0  79  35  93  73   7  64  90  30  53  97  77  83  36  34  56  12  94
33  95  46  59   2  29  58  87  68  51  71  60  91  78  62  39   5  20  25  86  14  ...  47  52   0  79  35  75  93  73  64  90  30  94  53  97  77  83  36  34  56  12
34  95  46  59   2  29  58  87  68  51  71  60  91  78  62  39   5  20  25  86  14  ...  74  52   0   7  79  35  93  73  64  90  30  53  97  83  77  36  34  56  12  94
35  95  46  59   2  29  58  87  68  51  71  60  91  78  62  39   5  20  25  86  14  ...  74  52   0  79  35  93  73   7  64  90  30  53  97  77  83  36  34  56  12  94
36  95  46  59   2  29  58  87  68  51  71  60  91  78  62  39   5  20  25  86  14  ...  74  52   0  79  35  93  73   7  64  90  30  94  53  97  77  83  36  34  56  12
37  95  46  59   2  29  58  87  68  51  71  60  91  78  62  39   5  20  25  86  14  ...  74  52   0  79  35  93  73   7  64  90  30  53  97  77  83  36  34  56  12  94
38  95  46  59   2  29  58  87  68  51  71  60  91  78  62  39   5  20  25  86  79  ...  47  52   0  14  35  75  93  73  64  90  30  94  53  97  77  83  36  34  56  12
39  95  46  59   2  29  58  87  68  51  71  60  91  78  62  39   5  20  25  86  14  ...  74  52   0  79  35  93  73   7  64  90  30  53  97  77  83  36  34  56  12  94
40  95  46  59   2  29  58  87  68  51  71  60  91  78  62  39   5  20  25  86  14  ...  47  52   0  79  35  75  93  73  64  90  30  94  53  97  77  83  36  34  56  12
41  95  46  59   2  29  58  87  68  51  71  60  91  78  62  39   5  20  25  86  14  ...  52   0   7  79  35  75  93  73  64  90  30  53  97  77  83  36  34  56  12  94
42  95  46  59   4  29  58  87  68  51  71  60  91  78  62  39   5  20  25  86  14  ...  74  52   0  79  35  93  73   7  64  90  30  53  97  77  83  36  34  56  12  94
43  95  46  59   2  29  58  87  68  51  71  60  91  78  62  39   5  20  25  86  14  ...  74  52   0  79  35  93  73   7  64  90  30  53  97  77  83  36  34  56  12  94
44  95  46  59   2  29  58  87  68  51  71  60  91  78  62  39   5  20  25  86  14  ...  74  52   0  79  35  93  73   7  64  90  30  53  97  77  83  36  34  56  12  94
45  95  46  59   2  29  58  87  68  51  71  60  91  78  62  39   5  20  25  86  14  ...  74  52   0  85  35  93  73   7  64  90  30  53  97  77  83  36  34  56  12  94
46  95  46  59   2  29  58  87  68  51  71  60  91  78  62  39   5  20  25  86  14  ...  47  52   0  79  35  75  93  73  64  90  30  94  53  97  77  83  36  34  56  12
47  95  46  59   2  29  58  87  68  51  71  60  91  78  62  39   5  20  25  86  14  ...  47  52   0  79  35  75  93  73  64  90  30  53  97  77  83  36  34  56  12  94
48  95  46  59   2  29  58  87  68  51  71  60  91  78  62  39   5  20  25  86  14  ...  47  52   0  79  35  75  93  73  64  90  30  94  53  97  77  83  36  34  56  12
49  95  46  59   2  29  58  87  68  51  71  60  91  78  62  39   5  20  25  86  14  ...  74  52   0  79  35  93  73   7  64  90  30  53  97  77  83  36  34  56  12  94

[50 rows x 98 columns] 


População final de genótipos (torneio)
     0   1   2   3   4   5   6   7   8   9   10  11  12  13  14  15  16  17  18  19  ...  78  79  80  81  82  83  84  85  86  87  88  89  90  91  92  93  94  95  96  97
0   95  11  97  77  16  62  58  82  96   0  27   7  31  92  41  23   6  39  87  79  ...  89  36  56  65  51  85  40  42  29  68  38  70  55  12  17  75  66  74  54  78
1   95  11  97  77  16  62  58  82  96   0  27   7  31  92  41  23   6  39  87  79  ...  89  36  56  65  51  85  40  42  29  68  38  70  55  12  17  53  66  74  54  78
2   95  11  97  77  16  62  58  82  96   0  27   7  31  92  41  23   6  39  87  79  ...  89  36  56  65  51  85  40  42  29  68  38  70  55  12  17  53  66  74  54  78
3   95  11  97  77  16  62  58  82  96   0  27   7  31  92  41  23   6  39  87  79  ...  89  36  56  65  51  85  40  42  29  68  38  70  55  12  17  53  66  74  54  78
4   95  11  97  77  16  62  58  82  96   0  27   7  31  92  41  23   6  39  87  79  ...  89  36  56  65  51  85  40  42  29  68  38  70  55  12  17  75  66  74  54  78
5   95  11  97  77  16  62  58  82  96  27   0   7  31  92  41  23   6  39  87  79  ...  89  36  56  65  51  85  40  42  29  68  38  70  55  12  17  75  66  74  54  78
6   95  11  97  77  16  62  58  82  96   0  27   7  31  92  41  23   6  39  87  79  ...  89  36  56  65  51  85  40  42  29  68  38  70  55  12  17  75  66  74  54  78
7   95  11  97  77  16  62  58  82  96   0  27   7  31  92  41  23   6  39  87  79  ...  89  36  56  65  51  85  40  42  29  68  38  70  55  12  17  75  66  74  54  78
8   95  11  97  77  38  16  62  58  82  96   0  27   7  31  92  41  23   6  39  87  ...  63  89  36  56  65  51  85  40  42  29  68  70  55  12  17  75  66  74  54  78
9   95  11  97  77  16  62  58  82  96   0  27   7  31  92  41  23   6  39  87  79  ...  89  36  56  65  51  85  40  42  29  68  38  70  55  12  17  75  66  74  54  78
10  95  11  97  77  16  62  58  82  96   0  27   7  31  92  41  23   6  39  87  79  ...  89  36  56  65  51  85  40  42  29  68  38  70  55  12  17  75  66  74  54  78
11  95  11  97  77  16  62  58  82  96   0  27   7  31  92  41  23   6  39  87  79  ...  89  36  56  65  51  85  40  42  29  68  38  70  55  12  17  75  66  74  54  78
12  95  11  97  77  16  62  58  82  96   0  27   7  31  92  41  23   6  39  87  79  ...  89  36  56  65  51  85  40  42  29  68  38  70  55  12  17  75  66  74  54  78
13  95  11  97  77  16  62  58  82  96   0  27   7  31  92  41  23   6  39  87  79  ...  89  36  56  65  51  85  40  42  29  68  38  70  55  12  17  75  66  74  54  78
14  95  11  97  77  16  62  58  82  96   0  27   7  31  92  41  23   6  39  87  79  ...  63  89  56  65  51  85  40  42  29  68  38  70  55  12  17  75  66  74  54  78
15  95  11  97  77  16  62  58  82  96   0  27   7  31  92  41  23   6  39  87  79  ...  63  89  56  65  51  85  40  42  29  68  38  70  55  12  17  75  66  74  54  78
16  95  11  97  77  16  62  58  82  51   0  27   7  31  92  41  23   6  39  69  93  ...  89  36  56  65  96  44  40  42   3  68  38  70  55  12  17  75  66  74  54  78
17  95  11  97  77  16  62  58  82  96   0  27   7  31  92  41  23   6  39  87  79  ...  47  80  63  89  56  65  44  40  42  68  38  70  55  12  17  75  66  74  54  78
18  95  11  97  77  16  38  62  58  82  96   0  27   7  31  92  41  23   6  39  69  ...  80  63  89  56  65  51  85  40  42  29  68  70  55  12  17  75  66  74  54  78
19  95  11  53  77  16  62  58  82  96   0  27   7  31  92  41  23   6  39  87  79  ...  63  89  56  65  51  85  40  42  29  68  38  70  55  12  17  75  66  74  54  78
20  95  11  97  77  16  38  62  58  82  96   0  27   7  31  92  41  23   6  39  69  ...  80  63  89  56  65  51  85  40  42  29  68  70  55  12  17  75  66  74  54  78
21  95  11  97   0  16  62  58  82  96  77  27   7  31  92  41  23   6  39  69  93  ...  63  89  56  65  51  85  40  42  29  68  38  70  55  12  17  75  66  74  54  78
22  95  11  97  77  16  62  58  82  96   0  27   7  31  92  41  23   6  39  87  79  ...  63  83  50  80  89  36  56  51  85  42  38  70  55  12  17  75  66  74  54  78
23  95  11  97  77  16  62  58  82  96   0  27   7  31  92  41  23   6  39  87  79  ...  63  83  50  80  89  36  56  51  85  42  38  70  55  12  17  75  66  74  54  78
24  95  11  97  77  16  62  58  82  96   0  27   7  31  92  41  23   6  39  87  79  ...  44  48  20  83  50  80  89  36  56  51  42  70  55  12  17  75  66  74  54  78
25  95  11  97  77  16  62  58  82  96   0  27   7  31  92  41  23   6  39  87  79  ...  89  36  56  65  51  85  40  42  29  68  38  70  55  12  17  75  66  74  54  78
26  95  11  97  77  16  62  58  82  96   0  27   7  31  92  41  23   6  39  87  79  ...  89  36  56  65  51  85  40  42  29  68  38  70  55  12  17  75  66  74  54  78
27  95  11  97  77  16  62  58  82  96   0  27   7  31  92  41  23   6  39  87  79  ...  63  83  50  80  89  36  56  51  85  42  38  70  55  12  17  75  66  74  54  78
28  95  11  97  77  16  62  58  82  96   0  27   7  31  92  41  23   6  39  87  79  ...  71  47  80  63  89  36  56  65  51  40  42  70  55  12  17  75  66  74  54  78
29  95  11  97  77  16  62  58  82  96   0  27   7  31  92  38  41  23   6  39  87  ...  63  89  36  56  65  51  85  40  42  29  68  70  55  12  17  75  66  74  54  78
30  95  11  53  77  16  62  58  82  96   0  27   7  31  92  41  23   6  97  39  87  ...  89  36  56  65  51  85  40  42  29  68  38  70  55  12  17  75  66  74  54  78
31  95  11  97  77  16  62  58  82  96   0  27   7  31  92  41  23   6  39  87  79  ...  63  89  56  65  51  85  40  42  29  68  38  70  55  12  17  75  66  74  54  78
32  95  11  97  77  16  62  58  82  96   0  27   7  31  92  41  23   6  39  87  79  ...  89  36  56  65  51  85  40  42  29  68  38  70  55  12  17  75  66  74  54  78
33  95  11  97  77  16  62  58  82  96   0  27   7  31  92  41  23   6  39  87  79  ...  89  36  56  65  51  85  40  42  29  68  38  70  55  12  17  75  66  74  54  78
34  95  11  97  77  16  62  58  82  96   0  27   7  31  92  41  23   6  39  87  79  ...  89  36  56  65  51  85  40  42  29  68  38  70  55  12  17  75  66  74  54  78
35  95  11  97  77  16  62  58  82  96   0  27   7  31  92  41  23   6  39  87  79  ...  63  89  56  65  51  85  40  42  29  68  38  70  55  12  17  75  66  74  54  78
36  95  11  97  77  16  38  62  58  82  96   0  27   7  31  92  41  23   6  39  69  ...  80  63  89  56  65  51  85  40  42  29  68  70  55  12  17  75  66  74  54  78
37  95  11  97  77  16  62  58  82  96   0  27   7  31  92  41  23   6  39  87  79  ...  44  48  20  83  50  80  89  36  56  51  42  70  55  12  17  75  66  74  54  78
38  95  11  97  77  16  62  58  82  96   0  27   7  31  92  41  23   6  39  87  79  ...  63  89  56  65  51  85  40  42  29  68  38  70  55  12  17  75  66  74  54  78
39  95  11  97  77  38  16  62  58  82  96   0  27   7  31  92  41  23   6  39  87  ...  63  89  36  56  65  51  85  40  42  29  68  70  55  12  17  75  66  74  54  78
40  95  11  97  77  16  62  58  82  96   0  27   7  31  92  41  23   6  39  87  79  ...  63  83  50  80  89  36  56  51  85  42  38  70  55  12  17  75  66  74  54  78
41  95  11  97  77  16  62  58  82  96   0  27   7  31  92  41  23   6  39  87  79  ...  63  83  50  80  89  36  56  51  85  42  38  70  55  12  17  75  66  74  54  78
42  95  11  97  77  16  62  58  82  96  27   0   7  31  92  41  23   6  39  87  79  ...  89  36  56  65  51  85  40  42  29  68  38  70  55  12  17  75  66  74  54  78
43  95  11  97  77  16  62  58  82  96   0  27   7  31  92  41  23   6  39  87  79  ...  63  89  56  65  51  85  40  42  29  68  38  70  55  12  17  75  66  74  54  78
44  95  11  97  77  16  62  58  82  96   0  27   7  31  92  41  23   6  39  87  79  ...  63  83  50  80  89  36  56  51  85  42  38  70  55  12  17  75  66  74  54  78
45  95  11  97  77  16   0  62  58  82  96  27   7  31  92  41  23   6  39  69  93  ...  63  89  56  65  51  85  40  42  29  68  38  70  55  12  17  75  66  74  54  78
46  95  11  97  77  16  62  58  82  96   0  27   7  31  92  41  23   6  39  87  79  ...  63  89  56  65  51  85  40  42  29  68  38  70  55  12  17  75  66  74  54  78
47  95  11  97  77  16  62  58  82  96   0  38  27   7  31  92  41  23   6  39  87  ...  63  89  36  56  65  51  85  40  42  29  68  70  55  12  17  75  66  74  54  78
48  95  11  97  77  16  62  58  82  96   0  27   7  31  92  41  23   6  39  87  79  ...  89  36  56  65  51  85  40  42  29  68  38  70  55  12  17  75  66  74  54  78
49  95  11  97  77  16  38  62  58  82  96   0  27   7  31  92  41  23   6  39  69  ...  80  63  89  56  65  51  85  40  42  29  68  70  55  12  17  75  66  74  54  78

[50 rows x 98 columns] 


População final de genótipos (elitismo)
      0   1   2   3   4   5   6   7   8   9   10  11  12  13  14  15  16  17  18  19  ...  78  79  80  81  82  83  84  85  86  87  88  89  90  91  92  93  94  95  96  97
0    96  51  36  79  12  69  45  35  73  53  70  50  83  89  77  87  62  16  97  66  ...  23  64  37  27   9  41  19  55  84  56  32   7  10  91   2  59  86  54  81  25
1    96  51  36  79  12  69  45  35  73  53  70  50  83  89  77  87  62  16  97  66  ...  23  64  37  27   9  41  19  55  84  56  32   7  10  91   2  59  86  54  81  25
2    96  51  36  79  12  69  45  35  73  53  70  50  83  89  77  87  62  16  97  66  ...  23  64  37  27   9  41  19  55  84  56  32   7  10  91   2  59  86  54  81  25
3    96  51  36  79  12  69  45  35  73  94  53  70  83  50  89  77  87  62  16  97  ...  23  64  37  27   9  41  19  55  84  56  32   7  10  91   2  59  86  54  81  25
4    96  51  36  79  12  69  45  35  73  94  53  70  83  50  89  77  87  62  16  97  ...  23  64  37  27   9  41  19  55  84  56  32   7  10  91   2  59  86  54  81  25
..   ..  ..  ..  ..  ..  ..  ..  ..  ..  ..  ..  ..  ..  ..  ..  ..  ..  ..  ..  ..  ...  ..  ..  ..  ..  ..  ..  ..  ..  ..  ..  ..  ..  ..  ..  ..  ..  ..  ..  ..  ..
495  96  51  36  79  12  69  45  35  73  94  53  70  50  83  89  77  87  62  16  97  ...  23  64  37  27   9  41  19  55  84  56  32   7  10  91   2  59  86  54  81  25
496  96  51  36  79  12  69  45  35  73  94  53  70  50  83  89  77  87  62  16  97  ...  23  64  37  27   9  41  19  55  84  56  32   7  10  91   2  59  86  54  81  25
497  96  51  36  79  12  69  45  35  73  94  53  70  50  83  89  77  87  62  16  97  ...  23  64  37  27   9  41  19  55  84  56  32   7  10  91   2  59  86  54  81  25
498  96  51  36  79  12  69  45  35  73  94  53  70  83  50  89  77  87  62  16  97  ...  23  64  37  27   9  41  19  55  84  56  32   7  10  91   2  59  86  54  81  25
499  96  51  36  79  12  69  45  35  73  94  53  70  50  83  89  77  87  62  16  97  ...  23  64  37  27   9  41  19  55  84  56  32   7  10  91   2  59  86  54  81  25

[500 rows x 98 columns] 


População final de genótipos (torneio)
      0   1   2   3   4   5   6   7   8   9   10  11  12  13  14  15  16  17  18  19  ...  78  79  80  81  82  83  84  85  86  87  88  89  90  91  92  93  94  95  96  97
0    50  20  38  75  68  70  89  72  39  66  18  97  11  44  87  77  62  30  12  41  ...  61  80  52  46  88  95   6  25  55  84  32  27  91  13  21  57   9  82  78  45
1    50  20  38  75  68  70   1  72  39  66  18  97  11  44  87  77  62  30  69  41  ...  80  52  46  88  95   6  25  55  32  84  37  27  91  13  21  57   9  82  78  45
2    50  20  38  75  68  70  89  72  39  66  18  97  11  44  87  77  83  30  12  41  ...  80  52  46  88  95   6  25  55  84  32  37  27  91  13  21  57   9  82  78  45
3    50  20  38  75  68  70  89  72  39  66  18  97  11  44  87  77  83  30  12  41  ...  80  52  46  88  95   6  25  55  84  32  37  27  91  13  21  57   9  82  78  45
4    50  20  38  75  68  70  89  72  39  66  18  97  11  44  87  77  83  30  12  41  ...  80  52  46  88  95   6  25  55  84  32  37  27  91  13  21  57   9  82  78  45
..   ..  ..  ..  ..  ..  ..  ..  ..  ..  ..  ..  ..  ..  ..  ..  ..  ..  ..  ..  ..  ...  ..  ..  ..  ..  ..  ..  ..  ..  ..  ..  ..  ..  ..  ..  ..  ..  ..  ..  ..  ..
495  50  20  38  75  68  70  89  72  39  66  18  97  11  44  87  77  62  30  12  41  ...  80  52  46  88  95   6  25  55  84  32  37  27  91  13  21  57   9  82  78  45
496  50  20  38  75  68  70  89  72  39  66  18  97  11  44  87  77  62  30  12  41  ...  80  52  46  88  95   6  25  55  84  32  37  27  91  13  21  57   9  82  78  45
497  50  20  38  75  68  70  89  72  39  66  18  97  11  44  87  77  62  30  12  41  ...  80  52  46  88  95   6  25  55  84  32  37  27  91  13  21  57   9  82  78  45
498  50  20  38  75  68  70  89  72  39  66  18  97  11  44  87  77  62  30  12  41  ...  80  52  46  88  95   6  25  55  84  32  37  27  91  13  21  57   9  82  78  45
499  50  20  38  75  68  70  89  72  39  66  18  97  11  44  87  77  62  30  12  41  ...  80  52  46  88  95   6  25  55  84  32  37  27  91  13  21  57   9  82  78  45

[500 rows x 98 columns] 


População final de genótipos (elitismo)
     0   1   2   3   4   5   6   7   8   9   10  11  12  13  14  15  16  17  18  19  ...  78  79  80  81  82  83  84  85  86  87  88  89  90  91  92  93  94  95  96  97
0   28  67  58  62  16  66  92  13  21  78  24  76  69   5  50  30  79  53  52  10  ...  77  33  54  91  31  57  81  55  44  43  97  42  83  90  59  23  22   0  60  25
1   28  67  58  62  16  66  92  13  21  78  24  76  69   5  50  30  79  53  52  10  ...  77  33  54  91  31  57  81  55  44  43  97  42  83  90  59  23  22   0  60  25
2   28  67  58  62  16  66  92  13  21  78  24  76  69   5  30  79  53  52  10  27  ...  77  33  54  91  31  57  81  18  44  43  97  42  83  90  59  23  22   0  60  25
3   28  67  58  62  16  66  92  13  21  78  24  76  69   5  50  30  79  53  52  10  ...  77  33  54  91  31  57  81  55  44  43  97  42  83  90  59  23  22   0  60  25
4   28  67  16  62  58  66  92  13  21  78  24  76  69   5  50  30  79  53  52  10  ...  77  33  54  91  31  57  81  55  44  43  97  42  83  90  59  23  22   0  60  25
5   28  67  58  62  16  66  92  13  21  78  24  76  69   5  30  79  53  52  10  27  ...  77  33  54  91  31  57  81  55  44  43  97  42  83  90  59  23  22   0  60  25
6   28  67  58  62  16  66  92  13  21  78  24  76  69   5  50  30  79  53  52  10  ...  77  33  54  91  31  57  81  55  44  43  97  42  83  90  59  23  22   0  60  25
7   28  67  58  62  16  66  92  13  21  78  24  76  69   5  50  30  79  53  52  10  ...  77  33  54  91  31  57  81  55  44  43  97  42  83  90  59  23  22   0  60  25
8   28  67  58  62  16  66  92  13  21  78  24  76  69   5  50  30  79  53  52  10  ...  77  33  54  91  31  57  81  55  44  43  97  42  83  90  59  23  22   0  60  25
9   28  67  58  62  16  66  92  13  21  78  24  76  69   5  50  30  79  53  52  10  ...  77  33  54  91  31  57  81  55  44  43  97  42  83  90  59  23  22   0  60  25
10  28  67  58  62  16  66  92  13  21  78  24  76  69   5  50  30  79  53  52  10  ...  77  33  54  91  31  57  81  55  44  43  97  42  83  90  59  23  22   0  60  25
11  28  67  58  62  16  66  92  13  21  78  24  76  69   5  50  30  79  53  52  10  ...  77  33  54  91  31  57  81  55  44  43  97  42  83  90  59  23  22   0  60  25
12  28  67  58  62  16  66  92  13  21  78  24  76  69   5  50  30  79  53  52  10  ...  77  33  54  91  31  57  81  55  44  43  97  42  83  90  59  23  22   0  60  25
13  28  67  58  62  16  66  92  13  21  78  24  76  69   5  30  79  53  50  52  10  ...  77  33  54  91  31  57  81  55  44  43  97  42  83  90  59  23  22   0  60  25
14  28  67  58  62  16  66  92  13  21  78  24  50  69   5  30  79  53  52  10  27  ...  77  33  54  91  31  57  81  55  44  43  97  42  83  90  59  23  22   0  60  25
15  28  67  58  62  16  66  92  13  21  78  24  76  69   5  30  79  53  52  10  27  ...  77  33  54  91  31  57  81  55  44  43  97  42  83  90  59  23  22   0  60  25
16  28  67  58  62  16  66  92  13  21  78  24  76  69   5  30  79  53  52  10  27  ...  77  33  54  91  31  57  81  55  44  43  97  42  83  90  59  23  22   0  60  25
17  28  67  58  62  16  66  92  13  21  78  24  76  69   5  30  79  53  52  10  27  ...  77  33  54  91  31  57  81  55  44  43  97  42  83  90  59  23  22   0  60  25
18  28  67  58  62  16  66  92  13  21  78  24  50  69   5  30  79  53  52  10  27  ...  77  33  54  91  31  57  81  55  44  43  97  42  83  90  59  23  22   0  60  25
19  28  67  58  62  16  66  92  13  21  78  24  50  69   5  30  79  53  52  10  27  ...  77  33  54  91  31  57  81  55  44  43  97  42  83  90  59  23  22   0  60  25
20  28  67  58  62  16  66  92  13  21  78  24  50  69   5  30  79  53  52  10  27  ...  77  33  54  91  31  57  81  55  44  43  97  42  83  90  59  23  22   0  60  25
21  28  67  58  62  16  66  92  13  21  78  24  50  69   5  30  79  53  52  10  27  ...  77  33  54  91  31  57  25  55  44  43  97  42  83  90  59  23  22   0  60  81
22  28  67  58  62  16  66  92  13  21  78  24  50  69   5  30  79  53  52  10  27  ...  77  33  54  91  31  57  81  55  44  43  97  42  83  90  59  23  22   0  60  25
23  28  67  58  62  16  66  92  13  21  78  24  50  69   5  30  79  53  52  10  27  ...  77  33  54  91  31  57  81  55  44  43  97  42  83  90  59  23  22   0  60  25
24  28  67  58  62  16  66  92  13  21  78  24  50  69   5  30  79  53  52  10  27  ...  77  33  54  91  31  57  81  55  44  43  97  42  83  90  59  23  22   0  60  25
25  28  67  58  62  16  66  92  13  21  78  24  76  69   5  30  79  53  52  10  27  ...  77  33  54  91  31  57  81  55  44  43  97  42  83  90  59  23  22   0  60  25
26  28  67  58  62  16  66  92  13  21  78  24  76  69   5  50  30  79  53  52  10  ...  77  33  54  91  31  57  81  55  44  43  97  42  83  90  59  23  22   0  60  25
27  28  67  58  62  16  66  92  13  21  78  24  76  69   5  30  79  53  50  52  10  ...  77  33  54  91  31  57  81  55  44  43  97  42  83  90  59  23  22   0  60  25
28  28  67  58  62  16  66  92  13  21  78  24  50  69   5  30  79  53  52  10  27  ...  77  33  54  91  31  57  81  55  44  43  97  42  83  90  59  23  22   0  60  25
29  28  67  58  62  16  66  92  13  21  78  24  76  69   5  30  79  53  52  10  27  ...  77  33  54  91  31  57  81  55  44  43  97  42  83  90  59  23  22   0  60  25
30  28  67  58  62  16  66  92  13  21  78  24  76  69   5  50  30  79  53  52  10  ...  77  33  54  91  31  57  81  55  44  43  97  42  83  90  59  23  22   0  60  25
31  28  67  58  62  16  66  92  13  21  78  24  76  69   5  30  79  53  50  52  10  ...  77  33  54  91  31  57  81  55  44  43  97  42  83  90  59  23  22   0  60  25
32  28  67  58  62  16  66  92  13  21  78  24  76  69   5  30  79  53  52  10  27  ...  77  33  54  91  31  57  81  55  44  43  97  42  83  90  59  23  22   0  60  25
33  28  67  58  62  16  66  92  13  21  78  24  50  69   5  30  79  53  52  10  27  ...  77  33  54  91  31  57  81  55  44  43  97  42  83  90  59  23  22   0  60  25
34  28  67  58  62  16  66  92  13  21  78  24  76  69   5  50  30  79  53  52  10  ...  77  33  54  91  31  57  81  55  44  43  97  42  83  90  59  23  22   0  60  25
35  28  67  58  62  16  66  92  13  21  78  24  76  69   5  50  30  79  53  52  10  ...  95  77  33  54  91  31  57  81  44  43  97  42  83  90  59  23  22   0  60  25
36  28  67  58  62  16  66  92  13  21  78  24  50  69   5  30  79  53  52  10  27  ...  77  33  54  91  31  57  81  55  44  43  97  42  83  90  59  23  22   0  60  25
37  28  67  58  62  16  66  92  13  21  78  24  76  69   5  30  79  53  52  10  27  ...  77  33  54  91  31  57  81  55  44  43  97  42  83  90  59  23  22   0  60  25
38  28  67  58  62  16  66  92  13  21  78  24  76  69   5  50  30  79  53  52  10  ...  77  33  54  91  31  57  81  55  44  43  97  42  83  90  59  23  22   0  60  25
39  28  67  58  62  16  66  92  13  21  78  24  76  69   5  30  79  53  52  10  27  ...  77  33  54  91  31  57  81  55  44  43  97  42  83  90  59  23  22   0  60  25
40  28  67  58  62  16  66  92  13  21  78  24  76  69   5  30  79  53  52  10  27  ...  77  33  54  91  31  57  81  55  44  43  97  42  83  90  59  23  22   0  60  25
41  28  67  58  62  16  66  92  13  21  78  24  76  69   5  50  30  79  53  52  10  ...  77  33  54  91  31  57  81  55  44  43  97  42  83  90  59  23  22   0  60  25
42  28  67  58  62  16  66  92  13  21  78  24  76  69   5  50  30  79  53  52  10  ...  77  33  54  91  31  57  81  85  44  43  97  42  83  90  59  23  22   0  60  25
43  28  67  58  62  16  66  92  13  21  78  24  76  69   5  50  30  79  53  52  10  ...  77  33  54  91  31  57  81  55  44  43  97  42  83  90  59  23  22   0  60  25
44  28  67  58  62  16  66  92  13  21  78  24  50  69   5  30  79  53  52  10  27  ...  77  33  54  91  31  57  81  55  44  43  97  42  83  90  59  23  22   0  60  25
45  28  67  58  62  16  66  92  13  21  78  24  50  69   5  30  79  53  52  10  27  ...  77  33  54  91  31  57  81  55  44  43  97  42  83  90  59  23  22   0  60  25
46  28  67  58  62  16  66  92  13  21  78  24  76  69   5  30  79  53  52  10  27  ...  77  33  54  91  31  57  81  55  44  43  97  42  83  90  59  23  22   0  60  25
47  28  67  58  62  16  66  92  13  21  78  24  50  69   5  30  79  53  52  10  27  ...  77  33  54  91  31  57  81  55  44  43  97  42  83  90  59  23  22   0  60  25
48  28  67  58  62  16  66  92  13  21  78  24  50  69   5  30  79  53  52  10  27  ...  77  33  54  91  31  57  81  55  44  43  97  42  83  90  59  23  22   0  60  25
49  28  67  58  62  16  66  92  13  21  78  24  76  69   5  30  50  79  53  52  10  ...  77  33  54  91  31  57  81  55  44  43  97  42  83  90  59  23  22   0  60  25

[50 rows x 98 columns] 


População final de genótipos (torneio)
     0   1   2   3   4   5   6   7   8   9   10  11  12  13  14  15  16  17  18  19  ...  78  79  80  81  82  83  84  85  86  87  88  89  90  91  92  93  94  95  96  97
0   80  38  77  49  89  83  94  20  14   7  19  74  42  40  62   8  48  33  61  68  ...  93  45  88  95  97  58  35  10  60   3  63  13  31  46   0  34  64  25   6  90
1   80  38  77  49  89  83  94  20  14   7  19  74  42  40  62   8  48  33  61  68  ...  45  88  95  23  97  58  35  10  60   3  63  13  31  46   0  34  64  25   6  90
2   80  38  77  49  89  83  94  20  14   7  19  74  42  40  62   8  48  33  61  68  ...  45  88  95  23  97  58  35  10  60   3  63  13  31  46   0  34  64  25   6  90
3   80  38  77  49  89  83  94  20  14   7  19  74  42  40  62   8  48  33  61  68  ...  45  88  95  23  97  58  35  10  60   3  63  13  31  46   0  34  64  25   6  90
4   80  38  77  49  89  83  94  20  14   7  19  74  42  40  62   8  48  33  61  68  ...   1  63  45  88  95  97  58  10  60   3  93  13  31  46   0  34  64  25   6  90
5   80  38  77  49  89  83  94  20  14   7  19  74  42  40  62   8  48  33  61  68  ...   1  63  45  88  95  97  58  10  60   9  93  13  31  46   0  34  64  25   6  90
6   80  38  77  49  89  83  94  20  14   7  19  74  42  40  62   8  48  33  61  68  ...   1  63  45  88  95  97  58  10  60   3  93  13  31  46   0  34  64  25   6  90
7   80  38  77  49  89  83  94  20  14   7  19  74  42  40  62   8  48  33  61  68  ...   1  63  45  88  95  97  58  10  60   3  93  13  31  46   0  34  64  25   6  90
8   80  38  77  49  89  83  94  20  14  19  74  42  40  62   8  48  35  61   7  68  ...  45  88  95  23  97  58  33  10  60   3  93  13  31  46   0  34  64  25   6  90
9   80  38  77  20  14   7  49  89  83  94  43  74  42  40  62   8  48  33  61  68  ...  63  45  88  95  97  58  35  10  60   3  93  13  31  46   0  34  64  25   6  90
10  80  38  77  49  89  83  94  20  14   7  19  74  42  40  62   8  48  33  61  68  ...  45  88  95  23  97  58  35  10  60   3  63  13  31  46   0  34  64  25   6  90
11  80  38  77  49  89  83  94  20  14   7  19  74  42  40  62   8  48  33  61  68  ...  45  88  95  23  97  58  35  10  60   3  63  13  31  46   0  34  64  25   6  90
12  80  38  77  49  89  83  94  20  19  74  42  40  62   8  23  33  14   7  61  68  ...  63  45  88  95  97  58  35  10  60   3  93  13  31  46   0  34  64  25   6  90
13  80  38  77  49  89  83  94  20  19  74  42  40  62   8  23  33  14   7  61  68  ...  63  45  88  95  97  58  35  10  60   3  93  13  31  46   0  34  64  25   6  90
14  80  38  77  49  89  83  94  20  14   7  19  74  42  40  62   8  48  33  61  68  ...  63  45  88  95  97  58  35  76  60   3  93  13  31  46   0  34  64  25   6  90
15  80  38  77  49  89  83  94  20  14   7  19  74  42  40  62   8  48  33  61  68  ...  45  88  95  23  97  58  35  10  60   3  93  13  31  46   0  34  64  25   6  90
16  80  38  77  49  89  83  94  20  14   7  19  74  42  40  62   8  48  33  61  68  ...  45  88  95  23  97  58  35  10  60   3  93  13  31  46   0  34  64  25   6  90
17  80  38  77  49  89  83  94  19  74  20  42  40  62   8  48  33  61  14   7  68  ...  63  45  88  95  97  58  35  10  60   3  93  13  31  46   0  34  64  25   6  90
18  80  38  77  49  89  83  94  20  14   7  19  74  42  40  62   8  48  33  61  68  ...  45  88  95  23  97  58  35  10  60   3  93  13  31  46   0  34  64  25   6  90
19  80  38  77  49  89  83  94  20  14   7  19  74  42  40  62   8  48  33  61  68  ...  45  88  95  23  97  58  35  10  60   3  93  13  31  46   0  34  64  25   6  90
20  80  38  77  49  89  83  94  20  14   7  19  74  42  40  62   8  48  33  61  68  ...  45  23  35  88  95  97  58  10  60   3  93  13  31  46   0  34  64  25   6  90
21  80  38  77  49  89  83  94  20  14   7  19  74  42  40  62   8  48  33  61  68  ...   1  63  45  88  95  97  58  10  60   3  93  13  31  46   0  34  64  25   6  90
22  24  38  77  49  89  83  94  20  14   7  19  74  42  40  62   8  23  33  61  68  ...  63  45  88  95  97  58  35  10  60   3  93  13  31  46   0  34  64  25   6  90
23  80  38  77  49  89  83  94  20  14   7  19  74  42  40  62   8  48  33  61  68  ...  45  23  35  88  95  97  58  10  60   3  93  13  31  46   0  34  64  25   6  90
24  80  38  77  49  89  83  94  19  74  20  42  40  62   8  23  33  14   7  61  68  ...  63  45  88  95  97  58  35  10  60   3  93  13  31  46   0  34  64  25   6  90
25  80  38  77  49  89  83  94  20  14   7  19  74  42  40  62   8  48  33  61  68  ...  63  45  88  95  97  58  35  10  60   3  93  13  31  46   0  34  64  25   6  90
26  80  38  77  49  89  83  94  20  14   7  19  74  42  40  62   8  48  33  61  68  ...  93  45  88  95  97  58  35  10  60   3  63  13  31  46   0  34  64  25   6  90
27  80  38  77  20  14   7  49  89  83  94  43  74  42  40  62   8  48  33  61  68  ...  63  45  88  95  97  58  35  10  60   3  93  13  31  46   0  34  64  25   6  90
28  80  38  77  49  89  83  94  19  74  20  42  40  14   7  62   8  48  33  61  68  ...  45  88  95  23  97  58  35  10  60   3  63  13  31  46   0  34  64  25   6  90
29  80  38  77  49  89  83  94  20  14   7  19  74  42  40  62   8  48  33  61  68  ...   1  63  45  88  95  97  58  10  60   3  93  13  31  46   0  34  64  25   6  90
30  80  38  77  49  89  83  94  20  14   7  19  74  42  40  62   8  48  33  61  68  ...  63  45  88  95  97  58  35  10  60   3  93  13  31  46   0  34  64  25   6  90
31  80  38  77  49  89  83  94  20  14   7  19  74  42  40  62   8  48  33  61  68  ...   1  63  45  88  95  97  58  10  60   3  93  13  31  46   0  34  64  25   6  90
32  80  38  77  49  89  83  94  20  14   7  19  74  42  40  62   8  48  33  61  68  ...  45  23  35  88  95  97  58  10  60   3  93  13  31  46   0  34  64  25   6  90
33  80  38  77  20  14   7  49  89  83  94  43  19  74  42  40  62   8  23  33  61  ...  63  45  88  95  97  58  35  10  60   3  93  13  31  46   0  34  64  25   6  90
34  80  38  77  49  89  83  94  20  19  74  42  40  62   8  23  33  14   7  61  68  ...  63  45  88  95  97  58  35  10  60   3  93  13  31  46   0  34  64  25   6  90
35  80  38  77  49  89  83  94  20  14   7  19  74  42  40  62   8  48  33  61  68  ...  45  88  23  35  63  95  97  58  10  60   3  13  31  46   0  34  64  25   6  90
36  80  38  77  49  89  83  94  19  74  20  42  40  62   8  48  33  61  14   7  68  ...  45  23  35  88  95  97  58  10  60   3  93  13  31  46   0  34  64  25   6  90
37  80  38  77  49  89  83  94  20  19  74  42  40  62   8  23  33  14   7  61  68  ...  63  45  88  95  97  58  35  10  60   3  93  13  31  46   0  34  64  25   6  90
38  80  38  77  49  89  83  94  20  14   7  19  74  42  40  62   8  48  33  61  68  ...  63  45  88  95  97  58  35  10  60   3  93  13  31  46   0  34  64  25   6  90
39  80  38  77  49  89  83  94  20  14  19  74  42  40  62   8  48  35  61   7  68  ...   1  63  45  88  95  97  58  10  60   3  93  13  31  46   0  34  64  25   6  90
40  80  38  77  49  89  83  94  20  14   7  19  74  53  40  62   8  48  33  61  68  ...   1  63  45  88  95  97  58  10  60   3  93  13  31  46   0  34  64  25   6  90
41  80  38  77  49  89  83  94  20  14   7  19  74  42  40  62   8  48  33  61  68  ...  35  63  45  88  95  97  58  10  60   3  93  13  31  46   0  34  64  25   6  90
42  80  38  77  49  89  83  94  20  14   7  19  74  42  40  62   8  48  33  61  68  ...   1  63  45  88  95  97  58  10  60   3  93  13  31  46   0  34  64  25   6  90
43  80  38  77  49  89  83  94  20  14   7  19  74  42  40  62   8  48  33  61  68  ...   1  63  45  88  95  97  58  10  60   3  93  13  31  46   0  34  64  25   6  90
44  80  38  77  49  89  83  94  20  14  19  74  42  40  62   8  48  33  61   7  68  ...  63  45  88  95  97  58  35  15  60   3  93  13  31  46   0  34  64  25   6  90
45  24  38  77  49  89  83  94  20  14   7  19  74  42  40  62   8  23  33  61  68  ...  93  45  88  95  97  58  35  10  60   3  63  13  31  46   0  34  64  25   6  90
46  80  38  77  49  89  83  94  20  14   7  19  74  42  40  62   8  48  33  61  68  ...  63  45  35  88  95  97  58  10  60   3  93  13  31  46   0  34  64  25   6  90
47  80  38  77  49  89  83  94  20  14   7  19  74  42  40  62   8  48  33  61  68  ...   1  63  45  88  95  97  58  10  60  93   3  13  31  46   0  34  64  25   6  90
48  80  38  77  49  89  83  94  20  14   7  19  74  42  40  62   8  48  33  61  68  ...  45  23  35  88  95  97  58  10  60   3  93  13  31  46   0  34  64  25   6  90
49  80  38  77  49  89  83  94  20  14   7  19  74  42  40  62   8  48  33  61  68  ...  63  45  35  88  95  97  58  10  60   3  93  13  31  46   0  34  64  25   6  90

[50 rows x 98 columns] 


População final de genótipos (elitismo)
      0   1   2   3   4   5   6   7   8   9   10  11  12  13  14  15  16  17  18  19  ...  78  79  80  81  82  83  84  85  86  87  88  89  90  91  92  93  94  95  96  97
0    25  55  19  74  49   8  39  66   6  65  36  51  58  77   3  48  50  83  38  20  ...  78  82  67  24  40  85  11  16  97  96  56  84  18  64   2  59  86  54  28  81
1    25  55  19  74  49   8  39  66  18  65  36  51  58  77   3  48  50  83  38  20  ...  78  82  67  24  40  85  11  16  97  96  56  84   6  64   2  59  86  54  28  81
2    25  55  73  74  49   8  39  66  18  65  36  51  58  77   3  48  50  83  38  20  ...  78  82  67  24  40  85  11  16  97  96  56  84   6  64   2  59  86  54  28  81
3    25  55  19  74  49   8  39  66  18  65  36  51  58  77   3  48  50  83  38  20  ...  78  82  67  24  40  85  11  16  97  96  56  84   6  64   2  59  86  54  28  81
4    25  55  19  74  49   8  39  66  18  65  36  51  58  77   3  48  50  83  38  20  ...  78  82  67  24  40  85  11  16  97  96  56  84   6  64   2  59  86  54  28  81
..   ..  ..  ..  ..  ..  ..  ..  ..  ..  ..  ..  ..  ..  ..  ..  ..  ..  ..  ..  ..  ...  ..  ..  ..  ..  ..  ..  ..  ..  ..  ..  ..  ..  ..  ..  ..  ..  ..  ..  ..  ..
495  25  55  19  74  49   8  39  66  18  65  36  51  58  77   3  48  50  83  38  20  ...  78  82  67  63  40  85  11  16  97  96  56  84   6  64   2  59  86  54  28  81
496  25  55  19  74  49   8  39  66  18  65  36  51  58  77   3  48  50  83  38  20  ...  78  82  67  24  40  85  11  16  97  96  56  84   6  64   2  59  86  54  28  81
497  25  55  19  74  49   8  39  66  18  65  36  51  58  77   3  48  50  83  38  20  ...  78  82  67  24  40  85  11  16  97  96  56  84   6  64   2  59  86  54  28  81
498  25  55  19  74  49   8  39  66  18  65  36  51  58  77   3  48  50  83  38  20  ...  78  82  67  24  40  85  11  16  97  96  56  84   6  64   2  59  86  54  28  81
499  25  55  19  74  49   8  39  66  18  65  36  51  58  77   3  48  50  83  38  20  ...  78  82  67  24  40  85  11  16  97  96  56  84   6  64   2  59  86  54  28  81

[500 rows x 98 columns] 


População final de genótipos (torneio)
      0   1   2   3   4   5   6   7   8   9   10  11  12  13  14  15  16  17  18  19  ...  78  79  80  81  82  83  84  85  86  87  88  89  90  91  92  93  94  95  96  97
0     5   4  36  51  77  87  58  16  42  44  66  39  43  72  55  84  32  56  63  90  ...  88  46  52  60  73  30  89  50  68  93  71  76  45  79  67  96  40  85  11  94
1     5   4  36  51  87  77  58  16  42  44  66  39  43  72  55  84  32  56  63  90  ...  88  46  52  60  73  30  89  50  68  93  71  76  45  79  67  96  40  85  11  94
2     5   4  36  51  87  77  58  16  42  44  66  39  43  72  55  84  32  56  63  90  ...  88  46  52  60  73  30  89  50  68  93  71  76  45  79  67  96  40  85  11  94
3     5   4  36  51  87  77  58  16  42  44  66  39  43  72  55  84  32  56  63  90  ...  88  46  52  60  73  30  89  50  68  93  71  76  45  79  67  96  40  85  11  94
4     5   4  36  51  87  77  58  16  42  44  66  39  43  72  55  84  32  56  63  90  ...  88  33  52  60  73  30  89  50  68  93  71  76  45  79  67  96  40  85  11  94
..   ..  ..  ..  ..  ..  ..  ..  ..  ..  ..  ..  ..  ..  ..  ..  ..  ..  ..  ..  ..  ...  ..  ..  ..  ..  ..  ..  ..  ..  ..  ..  ..  ..  ..  ..  ..  ..  ..  ..  ..  ..
495   5   4  36  51  77  87  58  16  42  44  66  39  43  72  55  84  32  56  63  90  ...  46  52  60  73  30  89  50  68  93  71  76  45  79  67  96  40  85  11   3  94
496   5   4  36  51  87  77  58  16  42  44  66  39  43  72  55  84  56  63  90  34  ...  26  88  46  52  60  73  30  89  50  68  93  71  76  45  79  67  96  40  85  11
497   5   4  36  51  87  77  58  16  42  44  66  39  43  72  55  84  32  56  63  90  ...  46  52  60  73  30  89  50  68  93  71  76  45  79  67  96  40  85  11   3  94
498   5   4  36  51  87  77  58  16  42  44  66  39  43  72  55  84  32  56  63  90  ...  46  52  60  73  30  89  50  68  93  71  76  45  79  67  96  40  85  11   3  94
499   5   4  36  51  87  77  58  16  42  32  66  39  43  72  55  84  44  56  63  90  ...  46  52  60  73  30  89  50  68  93  71  76  45  79  67  96  40  85  11   3  94

[500 rows x 98 columns] 


População final de genótipos (elitismo)
     0   1   2   3   4   5   6   7   8   9   10  11  12  13  14  15  16  17  18  19  ...  78  79  80  81  82  83  84  85  86  87  88  89  90  91  92  93  94  95  96  97
0   52   1  57  23  64  37  27  63  14   9  26  25  55  85  66  72  77  51  58  15  ...   5  97  28   6  82  70  93  20  29   8  24  42  80  88  92  60  38  79  46  45
1   52   1  23  64  37  27  63  14   9  57  26  33  55  85  19  72  77  51  58  10  ...   5  97  28   6  82  70  93  20  29   8  24  42  80  88  92  60  38  79  46  45
2   52   1  57  23  64  37  27  63  14   9  26  25  55  85  66  72  77  51  58  10  ...   5  97  59  28   6  82  70  93  20  29   8  24  42  80  88  92  60  38  79  46
3   52   1  57  23  64  37  27  63  14   9  26  25  55  85  66  72  77  51  58  10  ...  97  59  28   6  82  70  93  20  29   8  24  42  80  88  92  60  38  79  46  69
4   52   1  23  64  37  27  63  14   9  57  26  25  55  85  66  72  77  51  58  10  ...  97  59  28   6  82  70  93  20  29   8  24  42  80  88  92  60  38  79  46  45
5   52   1  23  64  37  27  63  14   9  57  26  25  55  85  66  72  77  51  58  10  ...  97  59  28   6  82  70  93  20  29   8  24  42  80  88  92  60  38  79  46  45
6   52   1  23  64  37  27  63  14   9  57  26  25  55  85  15  72  77  51  58  10  ...   5  97  28   6  82  70  93  20  29   8  24  42  80  88  92  60  38  79  46  45
7   52   1  23  64  37  27  63  14   9  57  26  25  55  85  15  72  77  51  58  10  ...   5  97  32   6  82  70  93  20  29   8  24  42  80  88  92  60  38  79  46  45
8   52   1  23  64  37  27  63  14   9  57  26  25  55  85  15  72  77  51  58  10  ...   5  97  28  36  82  70  93  20  29   8  24  42  80  88  92  60  38  79  46  45
9   52   1  23  64  37  27  63  14   9  57  26  25  55  85  15  72  77  51  58  10  ...   5  97  28   6  82  70  93  20  29   8  24  42  80  88  92  60  38  79  46  45
10  52   1  23  64  37  27  63  14   9  57  26  25  55  85  15  72  77  51  58  10  ...   5  97  28   6  82  70  93  20  29   8  24  42  80  88  92  60  38  79  46  45
11  52   1  23  64  37  27  63  14   9  57  26  25  55  85  15  72  77  51  58  10  ...   5  97  28   6  82  70  93  20  29   8  24  42  80  88  92  60  38  79  46  45
12  52   1  57  23  64  37  27  63  14   9  26  25  55  85  66  72  77  51  58  15  ...  97  59  28   6  82  70  93  20  29   8  24  42  80  88  92  60  38  79  46  45
13  52   1  57  23  64  37  27  63  14   9  26  25  55  85  66  72  77  51  58  15  ...  97  59  28   6  82  70  93  20  29   8  24  42  80  88  92  60  38  79  46  45
14  52   1  57  23  64  37  27  63  14   9  26  25  55  85  66  72  77  51  58  15  ...  97  59  28   6  82  70  93  20  29   8  24  42  80  88  92  60  38  79  46  45
15  52   1  57  23  64  37  27  63  14   9  26  25  55  85  66  72  77  51  58  15  ...  97  59  28   6  82  70  93  20  29   8  24  42  80  88  92  60  38  79  46  45
16  52   1  57  23  64  37  27  63  14   9  26  25  55  85  66  72  77  51  58  10  ...  97  59  28   6  82  70  93  20  29   8  24  42  80  88  92  60  38  79  46  45
17  52   1  57  23  64  37  27  63  14   9  26  25  55  85  66  72  77  51  58  10  ...  97  59  28   6  82  70  93  20  29   8  24  42  80  88  92  60  38  79  46  45
18  52   1  57  23  64  37  27  63  14   9  26  25  55  85  66  72  77  51  58  10  ...  97  59  28   6  82  70  93  20  29   8  24  42  80  88  92  60  38  79  46  45
19  52   1  57  23  64  37  27  63  14   9  26  25  55  85  66  72  77  51  58  10  ...  97  59  28   6  82  70  93  20  29   8  24  42  80  88  92  60  38  79  46  45
20  52   1  57  23  64  37  27  63  14   9  26  25  55  85  66  72  77  51  58  10  ...  97  59  28   6  82  70  93  20  29   8  24  42  80  88  92  60  38  79  46  45
21  52   1  57  23  64  37  27  63  14   9  26  25  55  85  66  72  77  51  58  10  ...  97  59  28   6  82  70  93  20  29   8  24  42  80  88  92  60  38  79  46  45
22  52   1  57  23  64  37  27  63  14   9  26  25  55  85  66  72  77  51  58  10  ...  97  59  28   6  82  70  93  20  29   8  24  42  80  88  92  60  38  79  46  45
23  52   1  57  23  64  37  27  63  14   9  26  25  55  85  66  72  77  51  58  10  ...  97  59  28   6  82  70  93  20  29   8  24  42  80  88  92  60  38  79  46  45
24  52   1  57  23  64  37  27  63  14   9  26  25  55  85  66  72  77  51  58  10  ...  97  59  28   6  82  70  93  20  29   8  24  42  80  88  92  60  38  79  46  45
25  52   1  23  64  37  27  63  14   9  57  26  25  55  85  66  72  77  51  58  10  ...  97  59  28   6  82  70  93  20  29   8  24  42  80  88  92  60  38  79  46  45
26  52   1  23  64  37  27  63  14   9  57  26  25  55  85  15  72  77  51  58  10  ...  97  59  28   6  82  70  93  20  29   8  24  42  80  88  92  60  38  79  46  45
27  52   1  23  64  37  27  63  14   9  57  26  25  55  85  15  72  77  51  58  10  ...   5  97  28   6  82  70  93  20  29   8  24  42  80  88  92  60  38  79  46  45
28  52   1  57  23  64  37  27  63  14   9  26  25  55  85  66  72  77  51  58  15  ...  97  59  28   6  82  70  93  20  29   8  24  42  80  88  92  60  38  79  46  45
29  52   1  57  23  64  37  27  63  14   9  26  25  55  85  66  72  77  51  58  10  ...  97  59  28   6  82  70  93  20  29   8  24  42  80  88  92  60  38  79  46  45
30  52   1  23  64  37  27  63  14   9  57  26  25  55  85  15  72  77  51  58  10  ...   5  97  28   6  82  70  93  20  29   8  24  42  80  88  92  60  38  79  46  45
31  52   1  23  64  37  27  63  14   9  57  26  25  55  85  66  72  77  51  58  10  ...   5  97  59  28   6  82  70  93  20  29   8  24  42  80  88  92  60  38  79  46
32  52   1  57  23  64  37  27  63  14   9  26  25  55  85  66  72  77  51  58  10  ...  97  59  28   6  82  70  93  20  29   8  24  42  80  88  92  60  38  79  46  69
33  52   1  23  64  37  27  63  14   9  57  26  25  55  85  15  72  77  51  58  10  ...  97  59  28   6  82  70  93  20  29   8  24  42  80  88  92  60  38  79  46  45
34  52   1  57  23  64  37  27  63  14   9  26  25  55  85  66  72  77  51  58  10  ...  97  59  28   6  82  70  93  20  29   8  24  42  80  88  92  60  38  79  46  69
35  52   1  57  23  64  37  27  63  14   9  26  25  55  85  66  72  77  51  15  58  ...   5  97  28   6  82  70  93  20  29   8  24  42  80  88  92  60  38  79  46  45
36  52   1  57  23  64  37  27  63  14   9  26  25  55  85  66  72  77  51  58  10  ...  97  59  28   6  82  70  93  20  29   8  24  42  80  88  92  60  38  79  46  45
37  52   1  57  23  64  37  27  63  14   9  26  25  55  85  66  72  77  51  58  10  ...  97  59  28   6  82  70  93  20  29   8  24  42  80  88  92  60  38  79  46  45
38  52   1  23  64  37  27  63  14   9  57  26  25  55  85  15  72  77  51  58  10  ...  97  59  28   6  82  70  93  20  29   8  24  42  80  88  92  60  38  79  46  45
39  52   1  23  64  37  27  63  14   9  57  26  33  55  85  19  72  77  51  58  10  ...   5  97  28   6  82  70  93  20  29   8  24  42  80  88  92  60  38  79  46  45
40  52   1  57  23  64  37  27  63  14   9  26  25  55  85  66  72  77  51  58  10  ...   5  97  28   6  82  70  93  20  29   8  24  42  80  88  92  60  38  79  46  45
41  52   1  23  64  37  27  63  14   9  57  26  25  55  85  15  72  77  51  58  10  ...  97  59  28   6  82  70  93  20  29   8  24  42  80  88  92  60  38  79  46  45
42  52   1  57  23  64  37  27  63  14   9  26  25  55  85  66  72  77  51  58  10  ...  97  59  28   6  82  70  93  20  29   8  24  42  80  88  92  60  38  79  46  45
43  52   1  57  23  64  37  27  63  14   9  26  25  55  85  66  72  77  51  58  15  ...  97  59  28   6  82  70  93  20  29   8  24  42  80  88  92  60  38  79  46  45
44  52   1  23  64  37  27  63  14   9  57  26  25  55  85  15  72  77  51  58  10  ...   5  97  28   6  82  70  93  20  29   8  24  42  80  88  92  60  38  79  46  45
45  52   1  57  23  64  37  27  63  14   9  26  25  55  85  66  72  77  51  58  10  ...  97  59  28   6  82  70  93  20  29   8  24  42  80  88  92  60  38  79  46  45
46  52   1  23  64  37  27  63  14   9  57  26  25  55  85  15  72  77  51  58  10  ...   5  97  28   6  82  70  93  20  29   8  24  42  80  88  92  60  38  79  46  45
47  52   1  23  64  37  27  63  14   9  57  26  25  55  85  66  72  77  51  58  10  ...  97  59  28   6  82  70  93  20  29   8  24  42  80  88  92  60  38  79  46  45
48  52   1  57  23  64  37  27  63  14   9  26  25  55  85  66  72  77  51  58  10  ...  97  59  28   6  82  70  93  20  29   8  24  42  80  88  92  60  38  79  46  45
49  52   1  23  64  37  27  63  14   9  57  26  25  55  85  15  72  77  51  58  10  ...  97  59  28   6  82  70  93  20  29   8  24  42  80  88  92  60  38  79  46  45

[50 rows x 98 columns] 


População final de genótipos (torneio)
     0   1   2   3   4   5   6   7   8   9   10  11  12  13  14  15  16  17  18  19  ...  78  79  80  81  82  83  84  85  86  87  88  89  90  91  92  93  94  95  96  97
0   62  29  89  24  59  95   0  23  13  72  19  27  64  28  66  77  73  76  63  79  ...  49  70  90  52  14  39  92  21  37  86  74   2  55  61  34  46  88  82  25  16
1   62  29  89  24  59  95   0  23  13  72  19  27  64  28  66  77  73  76  63  79  ...  49  70  90  52  14  39  92  21  37  86  74   2  55  61  34  46  88  82  25  16
2   62  29  89  24  59  95   0  23  13  72  19  27  64  28  66  77  73  76  63  79  ...  49  70  90  52  14  39  92  21  37  86  74   2  55  61  34  46  88  82  25  16
3   62  29  89  24  59  95   0  23  13  72  19  27  64  28  66  77  73  76  63  79  ...  49  70  90  52  14  39  92  21  37  86  74   2  55  61  34  46  88  82  25  16
4   62  29  89  24  59  95   0  23  13  72  19  27  64  28  66  77  73  76  63  79  ...  49  70  90  52  14  39  92  21  37  86  74   2  55  61  34  46  88  82  25  16
5   62  29  89  24  59  95   0  23  76  72  19  27  64  28  66  77  73  63  79  93  ...  49  70  90  52  14  39  92  21  37  86  74   2  55  61  34  46  88  82  25  16
6   89  29  62  24  59  95   0  23  13  72  19  27  64  28  66  77  73  76  63  79  ...  49  70  90  52  14  39  92  21  37  86  74   2  55  61  34  46  88  82  25  78
7   89  29  62  24  59  95   0  23  13  72  19  27  64  28  66  77  73  76  63  79  ...  49  70  90  52  14  39  92  21  37  86  74   2  55  61  34  46  88  82  25  16
8   89  29  62  24  59  95   0  23  13  72  19  27  64  28  66  77  73  76  63  79  ...  49  70  90  52  14  39  92  21  37  86  74   2  55  61  34  46  88  82  25  16
9   62  29  89  24  59  95   0  23  13  72  19  27  64  28  66  77  73  63   4  79  ...  49  70  90  52  14  39  92  21  37  86  74   2  55  61  34  46  88  82  25  16
10  62  29  89  24  59  95   0  23  13  72  19  27  64  28  66  77  73  76  63  79  ...  49  70  90  52  14  39  92  21  86  74   2  37  55  61  34  46  88  82  25  16
11  62  29  89  24  59  95   0  23  13  72  19  27  64  28  66  77  73  76  63  79  ...  49  70  90  52  14  39  92  21  86  74   2  37  55  61  34  46  88  82  25  16
12  62  29  89  24  59  95   0  23  13  72  19  27  64  28  66  77  73  76  63  79  ...  49  70  90  52  14  39  92  21  86  74   2  37  55  61  34  46  88  82  25  16
13  62  29  89  24  59  11   0  23  76  72  19  27  64  28  66  77  73  63  79  93  ...  49  70  90  52  14  39  92  21  86  74   2  37  55  61  34  46  88  82  25  16
14  62  29  89  24  59  95   0  23  76  72  19  27  64  28  66  77  73  63  79  93  ...  49  70  90  52  14  39  92  21  86  74   2  37  55  61  34  46  88  82  25  16
15  62  29  89  24  59  95   0  23  76  72  19  27  64  28  66  77  73  63  79  93  ...  49  70  90  52  14  39  92  21  86  74   2  37  55  61  34  46  88  82  25  16
16  62  29  89  24  59  95   0  23  13  72  19  27  64  28  66  77  73  76  63  79  ...  49  70  90  52  14  39  92  21  37  86  74   2  55  61  34  46  88  82  25  16
17  62  29  89  24  59  95   0  23  13  72  19  27  64  28  66  77  73  63   4  79  ...  49  70  90  52  14  39  80  21  86  74   2  37  55  61  34  46  88  82  25  16
18  62  29  89  24  59  95   0  23  13  72  19  27  64  28  66  77  73  63   4  79  ...  49  70  90  52  14  39  92  21  86  74   2  37  55  61  34  46  88  82  25  16
19  77  29  89  24  59  95   0  23   4  72  19  27  64  28  66  62  73  63  79  50  ...  49  70  90  52  14  39  92  21  37  86  74   2  55  61  34  46  88  82  25  16
20  89  62  29  24  59  95   0  23  76  72  19  27  64  28  66  77  73  63  79  93  ...  49  70  90  52  14  39  92  21  37  86  74   2  55  61  34  46  88  82  25  16
21  62  29  89  24  59  95   0  23  13  72  19  27  64  28  66  77  73  76  63  79  ...  49  70  90  52  14  39  92  21  86  74   2  37  55  61  34  46  88  82  25  16
22  62  29  89  24  59  95   0  23  13  72  19  27  64  28  66  77  73  63  79  93  ...  49  70  90  52  14  39  92  21  37  86  74   2  55  61  34  46  88  82  25  16
23  89  29  24  59  95   0  23  76  72  19  27  64  28  66  77  73  63  79  93   4  ...  49  70  90  52  14  39  92  21  86  74   2  37  55  61  34  46  88  82  25  16
24  89  29  24  59  11   0  23  76  72  19  27  64  28  66  77  73  63  79  93   4  ...  49  70  90  52  14  39  92  21  86  74   2  37  55  61  34  46  88  82  25  16
25  62  29  89  24  59  95   0  23  13  72  76  19  27  64  28  66  77  73  63  79  ...  49  70  90  52  14  39  92  21  86  74   2  37  55  61  34  46  88  82  25  16
26  62  29  89  24  59  95   0  23  13  72  19  27  64  28  66  77  73  76  63  79  ...  49  70  90  52  14  39  92  21  37  86  74   2  55  61  34  46  88  82  25  16
27  62  29  89  24  59  95   0  23  13  72  19  27  64  28  66  77  73  76  63  79  ...  49  70  90  52  14  39  92  21  37  86  74   2  55  61  34  46  88  82  25  16
28  89  29  62  24  59  95   0  23  13  72  19  27  64  28  66  77  73  76  63  79  ...  49  70  90  52  14  39  92  21  37  86  74   2  55  61  34  46  88  82  25  16
29  89  29  24  59  11   0  23  76  72  19  27  64  28  66  77  73  63  79  93   4  ...  49  70  90  52  14  39  92  21  37  86  74   2  55  61  34  46  88  82  25  16
30  89  29  24  59  95   0  23  76  72  19  27  64  28  66  77  73  63  62  13  79  ...  49  70  90  52  14  39  92  21  86  74   2  37  55  61  34  46  88  82  25  16
31  62  29  89  24  59  95   0  23  13  72  19  27  64  28  66  77  73  63  79  93  ...  49  70  90  52  14  39  92  21  86  74   2  37  55  61  34  46  88  82  25  16
32  62  29  89  24  59  95   0  23  13  72  19  27  64  28  66  77  73  76  63  79  ...  49  70  90  52  14  39  92  21  86  74   2  37  55  61  34  46  88  82  25  16
33  62  29  89  24  59  95   0  23  13  72  19  27  64  28  66  77  73  76  63  79  ...  49  70  90  52  14  39   7  21  86  74   2  37  55  61  34  46  88  82  25  16
34  62  29  89  24  59  95   0  23  76  72  19  27  64  28  66  77  73  63  79  93  ...  49  70  90  52  14  39  92  21  37  86  74   2  55  61  34  46  88  82  25  16
35  62  29  89  24  59  95   0  23  13  72  19  27  64  28  66  77  73  76  63  79  ...  49  70  90  52  14  39  92  21  37  86  74   2  55  61  34  46  88  82  25  16
36  62  29  89  24  59  95   0  23  76  72  19  27  64  28  66  77  73  63  79  93  ...  49  70  90  52  14  39  92  21  86  74   2  37  55  61  34  46  88  82  25  16
37  62  29  89  24  59  95   0  23  76  72  19  27  64  28  66  77  73  63  79  93  ...  49  70  90  52  14  39  92  21  86  74   2  37  55  61  34  46  88  82  25  16
38  62  29  89  24  59  95   0  23  13  72  19  27  64  28  66  77  73  76  63  79  ...  49  70  90  52  14  39  92  21  86  74   2  37  55  61  34  46  88  82  25  16
39  62  29  89  24  59  95   0  23  13  72  19  27  64  28  66  77  73  63   4  79  ...  49  70  90  52  14  39  92  21  86  74   2  37  55  61  34  46  88  82  25  16
40  89  62  29  24  59  95   0  23  76  72  19  27  64  28  66  77  73  63  79  93  ...  49  70  90  52  14  39  92  21  37  86  74   2  55  61  34  46  88  82  25  16
41  62  29  89  24  59  95   0  23  13  72  19  27  64  28  66  77  73  63   4  79  ...  49  70  90  52  14  39  92  21  86  74   2  37  55  61  34  46  88  82  25  16
42  62  29  89  24  59  95   0  23  76  72  19  27  64  28  66  77  73  63  79  93  ...  49  70  90  52  14  39  92  21  37  86  74   2  55  61  34  46  88  82  25  16
43  62  29  89  24  59  95   0  23  13  72  19  27  64  28  66  77  73  76  63  79  ...  49  70  90  52  14  39  92  21  86  74   2  37  55  61  34  46  88  82  25  16
44  62  29  89  24  59  95   0  23  76  72  19  27  64  28  66  77  73  63  79  93  ...  49  70  90  52  14  39  92  21  37  86  74   2  55  61  34  46  88  82  25  16
45  62  29  89  24  59  95   0  23  13  72  19  27  64  28  66  77  73  63  79  93  ...  49  70  90  52  14  39  92  21  86  74   2  37  55  61  34  46  88  82  25  16
46  77  29  89  24  59  95   0  23   4  72  19  27  64  28  66  62  73  63  79  50  ...  49  70  90  52  14  39  92  21  86  74   2  37  55  61  34  46  88  82  25  16
47  62  29  89  24  59  95   0  23  13  72  19  27  64  28  66  77  73  76  63  79  ...  49  70  90  52  14  39  92  21  37  86  74   2  55  61  34  46  88  82  25  16
48  62  29  89  24  59  95   0  23  13  72  19  27  64  28  66  77  73  63   4  79  ...  49  70  90  52  14  39  92  21  37  86  74   2  55  61  34  46  88  82  25  16
49  62  29  89  24  59  95   0  23  13  72  19  27  64  28  66  77  73  76  63  79  ...  49  70  90  52  14  39  92  21  37  86  74   2  55  61  34  46  88  82  25  16

[50 rows x 98 columns] 


População final de genótipos (elitismo)
      0   1   2   3   4   5   6   7   8   9   10  11  12  13  14  15  16  17  18  19  ...  78  79  80  81  82  83  84  85  86  87  88  89  90  91  92  93  94  95  96  97
0    67  95  92  17   0  31  26  13  21  57  91  23  37  64   6  25  39  58  77  62  ...  11  16  72  29  24  49  40  85  97  43  87   8  74  56  32  84  81  19  55  96
1    67  95  92  17   0  31  26  13  21  57  91  23  37  64   6  25  39  58  77  62  ...  11  16  72  29  24  49  40  85  97  87  43   8  74  56  32  84  81  19  55  96
2    67  95  92  17   0  31  26  13  21  57  91  23  37  64   6  25  39  58  77  62  ...  11  16  72  29  24  49  40  85  97  87  43   8  74  56  32  84  81  19  55  96
3    67  95  92  17   0  31  26  13  21  57  91  23  37  64   6  25  39  58  77  62  ...  11  16  72  29  24  49  40  85  97  87  43   8  74  56  32  84  81  19  55  96
4    67  95  92  17   0  31  26  13  21  57  91  23  37  64   6  25  39  58  77  62  ...  11  16  72  29  24  49  40  85  97  87  43   8  74  56  32  84  81  19  55  96
..   ..  ..  ..  ..  ..  ..  ..  ..  ..  ..  ..  ..  ..  ..  ..  ..  ..  ..  ..  ..  ...  ..  ..  ..  ..  ..  ..  ..  ..  ..  ..  ..  ..  ..  ..  ..  ..  ..  ..  ..  ..
495  67  95  92  17   0  31  26  13  21  57  91  23  37   6  25  39  58  77  62  50  ...  11  16  72  29  24  49  40  85  97  87  43   8  74  56  32  84  81  19  55  96
496  67  95  92  17   0  31  26  13  21  57  91  23  37   6  25  39  58  77  62  50  ...  11  16  72  29  24  49  40  85  97  43  87   8  74  56  32  84  81  19  55  96
497  67  95  92  17   0  31  26  13  21  57  91  23  37   6  25  39  58  77  62  50  ...  11  16  72  29  24  49  40  85  97  43  87   8  74  56  32  84  81  19  55  96
498  67  95  92  17   0  31  26  13  21  57  91  23  64   6  25  39  58  77  62  50  ...  11  16  72  29  24  49  40  85  97  43  87   8  74  56  32  84  81  19  55  96
499  67  95  92  17   0  31  26  13  21  57  91  23  64   6  25  39  58  77  62  50  ...  11  16  72  29  24  49  40  85  97  43  87   8  74  56  32  84  81  19  55  96

[500 rows x 98 columns] 


População final de genótipos (torneio)
      0   1   2   3   4   5   6   7   8   9   10  11  12  13  14  15  16  17  18  19  ...  78  79  80  81  82  83  84  85  86  87  88  89  90  91  92  93  94  95  96  97
0    41  95  80  53  30  50  89  43  39  96   2  59  86  54   6  55  56  69  82  78  ...  24  49  74  28  81  25  19  67  45  90  52  88  31  92  22  34  73  94  15  12
1    41  95  80  53  30  50  89  43  39  96   2  59  86  54   6  55  56  82  69  78  ...  24  49  74  28  81  25  19  67  45  90  52  88  31  92  22  34  73  94  15  12
2    41  95  80  53  30  50  89  43  39  96   2  59  86  54   6  55  56  82  69  78  ...  24  49  74  28  81  25  19  67  45  90  52  88  31  92  22  34  73  94  15  12
3    41  95  80  53  30  50  89  43  39  96   2  59  86  54   6  55  56  82  69  78  ...  24  49  74  28  81  25  19  67  45  90  52  88  31  92  22  34  73  94  15  12
4    41  95  80  53  30  50  89  43  39  96   2  59  86  54   6  55  56  82  69  78  ...  24  49  74  28  81  25  19  67  45  90  52  88  31  92  22  34  73  94  15  12
..   ..  ..  ..  ..  ..  ..  ..  ..  ..  ..  ..  ..  ..  ..  ..  ..  ..  ..  ..  ..  ...  ..  ..  ..  ..  ..  ..  ..  ..  ..  ..  ..  ..  ..  ..  ..  ..  ..  ..  ..  ..
495  41  95  80  53  30  50  89  43  39  96   2  59  86  54   6  55  56  82  69  78  ...  24  49  74  28  81  25  19  67  45  90  52  88  31  92  22  34  73  94  15  12
496  41  95  80  53  30  50  89  43  39  96   2  59  86  54   6  55  56  82  69  78  ...  24  49  74  28  81  25  19  67  45  90  52  88  31  92  22  34  73  94  15  12
497  41  95  80  53  30  50  89  43  39  96   2  59  86  54   6  55  56  82  69  78  ...  24  49  74  28  81  25  19  67  45  90  52  88  31  92  22  34  73  94  15  12
498  41  95  80  53  30  50  89  43  39  96   2  59  86  54   6  55  56  82  69  78  ...  24  49  74  28  81  25  19  67  45  90  52  88  31  92  22  34  73  94  15  12
499  41  95  80  53  30  50  89  43  39  96   2  59  86  54   6  55  56  82  69  78  ...   8  24  49  28  81  25  74  67  45  90  52  88  31  92  22  34  73  94  15  12

[500 rows x 98 columns] 


População final de genótipos (elitismo)
     0   1   2   3   4   5   6   7   8   9   10  11  12  13  14  15  16  17  18  19  ...  78  79  80  81  82  83  84  85  86  87  88  89  90  91  92  93  94  95  96  97
0   14  52  38  89  63  31  19   3  65  72  29  49  59  27   6  28  86  42  24  60  ...  85   4  53  47  78  12  25  39  35  34   7  64  69  67  83  73   5  37  10   2
1   14  52  38  89  63  31  19   3  65  72  29  49  59  27   6  28  86  42  24  60  ...  85   4  53  47  78  12  25  39  35  34   7  64  67  83  69  73   5  37  10   2
2   14  52  38  89  63  31  19   3  65  72  29  49  59  27   6  28  86  42  24  60  ...  85   4  53  47  78  12  25  39  35  34   7  64  69  67  83  73   5  37  10   2
3   14  52  38  89  63  31  19   3  65  72  29  49  59  27   6  28  86  42  24  60  ...  85   4  53  47  78  12  25  39  35  34   7  64  67  83  69  73   5  37  10   2
4   14  52  38  89  63  31  19   3  65  72  29  49  59  27   6  28  86  42  24  60  ...  85   4  53  47  78  12  25  39  35  34   7  64  67  83  69  73   5  37  10   2
5   14  52  38  89  63  31  19   3  65  72  29  49  59  27   6  28  86  42  24  60  ...  85   4  53  47  78  12  25  39  35  34   7  64  67  83  69  73   5  37  10   2
6   14  52  38  46  63  31  19   3  65  72  29  49  59  27   6  28  86  42  24  60  ...  85   4  53  47  78  12  25  39  35  34   7  64  67  83  69  73   5  37  10   2
7   14  52  38  89  63  31  19   3  65  72  29  49  59  27   6  28  86  42  24  60  ...  85   4  53  47  78  12  25  39  35  34   7  64  67  83  69  73   5  37  10   2
8   14  52  38  89  63  31  19   3  65  72  29  49  59   9  27   6  28  86  42  24  ...  85   4  53  47  78  12  25  39  35  34   7  64  67  83  69  73   5  37  10   2
9   14  52  38  89  63  31  19   3  65  72  29  49  59  27   6  28  86  42  24  60  ...  85   4  53  47  78  12  25  39  35  34   7  64  67  83  69  73   5  37  10   2
10  14  52  38  89  63  31  19   3  65  72  29  49  59  27   6  28  86  42  24  60  ...  85   4  53  47  78  12  25  39  35  34   7  64  67  83  69  73   5  37  10   2
11  14  52  38  89  63  31  19   3  65  72  29  49  59  27   6  28  86  42  24  60  ...  85   4  53  47  78  12  25  39  35  34   7  64  67  83  69  73   5  37  10   2
12  14  52  38  89  63  31  19   3  65  72  29  49  59  27   6  28  86  42  24  60  ...  85   4  53  47  78  12  25  39  35  34   7  64  67  83  69  73   5  37  10   2
13  14  52  38  89  63  31  19   3  65  72  29  49  59  27   6  28  86  42  24  60  ...  85   4  53  47  78  12  25  39  35  34   7  64  67  83  69  73   5  37  10   2
14  14  52  38  89  63  31  19   3  65  72  29  49  59  27   6  28  86  42  24  60  ...  85   4  53  47  78  12  25  39  35  34   7  64  67  83  69  73   5  37  10   2
15  14  52  38  89  63  31  19   3  65  72  29  49  59  27   6  28  86  42  24  60  ...  85   4  53  47  78  12  25  39  35  34   7  64  67  83  69  73   5  37  10   2
16  14  52  38  89  63  31  19   3  65  72  29  49  59  27   6  28  86  42  24  60  ...  85   4  53  47  78  12  25  39  35  34   7  64  69  67  83  73   5  37  10   2
17  14  52  38  89  63  31  19   3  65  72  29  49  59  27   6  28  86   9  42  24  ...  85   4  53  47  78  12  25  39  35  34   7  64  67  83  69  73   5  37  10   2
18  14  52  38  89  63  31  19   3  65  72  29  49  59  27   6  28  86  42  24  60  ...  85   4  53  47  78  12  25  39  35  34   7  64  67  83  69  73   5  37  10   2
19  14  52  38  89  63  31  19   3  65  72  29  49  59  27   6  28  86  42  24  60  ...  85   4  53  47  78  12  25  39  35  34   7  64  67  83  69  73   5  37  10   2
20  14  52  38  89  63  31  19   3  65  72  29  49  59  27   6  28  86  42  24  60  ...  85   4  53  47  78  12  25  39  35  34   7  64  67  83  69  73   5  37  10   2
21  14  52  38  89  63  31  19   3  65  72  29  49  59  27   6  28  86  42  24  60  ...  85   4  53  47  78  12  25  39  35  34   7  64  67  83  69  73   5  37  10   2
22  14  52  38  89  63  31  19   3  65  72  29  49  59  27   6  28  86  42  24  60  ...  85   4  53  47  78  12  25  39  35  34   7  64  67  83  69  73   5  37  10   2
23  14  52  38  89  63  31  19   3  65  72  29  49  59  27   6  28  86  42  24  60  ...  85   4  53  47  78  12  25  39  35  34   7  64  67  83  69  73   5  37  10   2
24  14  52  38  89  63  31  19   3  65  72  29  49  59  27   6  28  86  42  24  60  ...  85   4  53  47  78  12  25  39  35  34   7  64  67  83  69  73   5  37  10   2
25  14  52  38  89  63  31  19   3  65  72  29  49  59  27   6  28  86  42  24  60  ...  85   4  53  47  78  12  25  39  35  34   7  64  67  83  69  73   5  37  10   2
26  14  52  38  89  63  31  19   3  65  72  29  49  59  27   6  28  86  42  24  60  ...  85   4  53  47  78  12  25  39  35  34   7  64  67  83  69  73   5  37  10   2
27  14  52  38  89  63  31  19   3  65  72  29  49  59  27   6  28  86  42  24  60  ...  85   4  53  47  78  12  25  39  35  34   7  64  67  83  69  73   5  37  10   2
28  14  52  38  89  63  31  19   3  65  72  29  49  59  27   6  28  86  42  24  60  ...  85   4  53  47  78  12  25  39  35  34   7  64  67  83  69  73   5  37  10   2
29  14  52  38  89  63  31  19   3  65  72  29  49  59  27   6  28  86  42  24  60  ...  85   4  53  47  78  12  25  39  35  34   7  64  67  83  69  73   5  37  10   2
30  14  52  38  89  63  31  19   3  65  72  29  49  59  27   6  28  86  42  24  60  ...  85   4  53  47  78  12  25  39  35  34   7  64  67  83  69  73   5  37  10   2
31  14  52  38  89  63  31  19   3  65  72  29  49  59  27   6  28  86  42  24  60  ...  85   4  53  47  78  12  25  39  35  34   7  64  67  83  69  73   5  37  10   2
32  14  52  38  89  63  31  19   3  65  72  29  49  59  27   6  28  86  42  24  60  ...  85   4  53  47  78  12  25  39  35  34   7  64  69  67  83  73   5  37  10   2
33  14  52  38  89  63  31  19   3  65  72  29  49  59  27   6  28  86  42  24  60  ...  85   4  53  47  78  12  25  39  35  34   7  64  67  83  69  73   5  37  10   2
34  14  52  38  89  63  31  19   3  65  72  29  49  59  27   6  28  86  42  24  60  ...  85   4  53  47  78  12  25  39  35  34   7  64  69  67  83  73   5  37  10   2
35  14  52  38  89  63  31  19   3  65  72  29  49  59  27   6  28  86  42  24  60  ...  85   4  53  47  78  12  25  39  35  34   7  64  67  83  69  73   5  37  10   2
36  14  52  38  89  63  31  19   3  65  72  29  49  59  27   6  28  86  42  24  60  ...  85   4  53  47  78  12  25  39  35  34   7  64  67  83  69  73   5  37  10   2
37  14  52  38  89  63  31  19   3  65  72  29  49  59  27   6  28  86  42  24  60  ...  85   4  53  47  78  12  25  39  35  34   7  64  67  83  69  73   5  37  10   2
38  14  52  38  89  63  31  19   3  65  72  29  49  59   9  27   6  28  86  42  24  ...  85   4  53  47  78  12  25  39  35  34   7  64  67  83  69  73   5  37  10   2
39  14  52  38  89  63  31  19   3  65  72  29  49  59  27   6  28  86  42  24  60  ...  85   4  53  47  78  12  25  39  35  34   7  64  67  83  69  73   5  37  10   2
40  14  52  38  89  63  31  19   3  65  72  29  49  59  27   6  28  86  42  24  60  ...  85   4  53  47  78  12  25  39  35  34   7  64  67  83  69  73   5  37  10   2
41  14  52  38  89  63  31  19   3  65  72  29  49  59  27   6  28  86  42  24  60  ...  85   4  53  47  78  12  25  39  35  34   7  64  67  83  69  73   5  37  10   2
42  14  52  38  89  63  31  19   3  65  72  29  49  59  27   6  28  86  42  24  60  ...  85   4  53  47  78  12  25  39  35  34   7  64  67  83  69  73   5  37  10   2
43  14  52  38  89  63  31  19   3  65  72  29  49  59  27   6  28  86  42  24  60  ...  85   4  53  47  78  12  25  39  35  34   7  64  69  67  83  73   5  37  10   2
44  14  52  38  89  63  31  19   3  65  72  29  49  59   9  27   6  28  86  42  24  ...  85   4  53  47  78  12  25  39  35  34   7  64  67  83  69  73   5  37  10   2
45  14  52  38  89  63  31  19   3  65  72  29  49  59  27   6  28  86  42  24  60  ...  85   4  53  47  78  12  25  39  35  34   7  64  67  83  69  73   5  37  10   2
46  14  52  38  89  63  31  19   3  65  72  29  49  59  27   6  28  86  42  24  60  ...  85   4  53  47  78  12  25  39  35  34   7  64  67  83  69  73   5  37  10   2
47  14  52  38  89  63  31  19   3  65  72  29  49  59  27   6  28  86  42  24  60  ...  85   4  53  47  78  12  25  39  35  34   7  64  69  67  83  73   5  37  10   2
48  14  52  38  89  63  31  19   3  65  72  29  49  59  27   6  28  86  42  24  60  ...  85   4  53  47  78  12  25  39  35  34   7  64  67  83  69  73   5  37  10   2
49  14  52  38  89  63  31  19   3  65  72  29  49  59  27   6  28  86   9  42  24  ...  85   4  53  47  78  12  25  39  35  34   7  64  67  83  69  73   5  37  10   2

[50 rows x 98 columns] 


População final de genótipos (torneio)
     0   1   2   3   4   5   6   7   8   9   10  11  12  13  14  15  16  17  18  19  ...  78  79  80  81  82  83  84  85  86  87  88  89  90  91  92  93  94  95  96  97
0   18  58  20  16  25   6  26  22  10  56  86  33   9  93  45  65  12  83  39   5  ...  91  46  15  66  43  11  42   2  78  17  21  49  74  85  41  80  71   1  69  94
1   18  58  20  16  25   6  26  22  10  56  86  33   9  93  45  65  12  83  39   5  ...  91  46  15  66  43  11  42   2  78  17  21  49  74  85  41  80  71   1  69  94
2   18  58  20  16  25   6  26  22  10  56  86  33   9  93  45  65  12  83  39   5  ...  91  46  15  66  43  11  42   2  78  17  21  49  74  85  41  80  71   1  69  94
3   18  58  20  16  25   6  26  22  10  56  86  33   9  93  45  65  12  83  39   5  ...  91  46  15  66  43  42  11   2  78  17  21  49  74  85  41  80  71   1  69  94
4   18  58  20  16  25   6  26  22  10  56  86  33   9  93  45  65  12  83  39   5  ...  91  46  15  66  43  11  42   2  78  17  21  49  74  85  41  80  71   1  69  94
5   18  58  20  16  25   6  26  22  10  56  86  33   9  93   8  65  12  45  83  39  ...  88  91  15  66  43  42  11   2  78  17  21  49  74  85  41  80  71   1  69  94
6   18  58  20  16  25   6  26  22  10  56  86  33   9  93  45  65  12  83  39   5  ...  91  46  15  79  43  11  42   2  78  17  21  49  74  85  41  80  71   1  69  94
7   18  58  20  16  25   6  26  22  10  56  86  33   9  93  45  65  12  83  59   5  ...  91  46  79  66  43  42  11   2  78  17  21  49  74  85  41  80  71   1  69  94
8   18  58  20  16  25   6  26  22  10  56  86  33   9  93  45  65  12  83  39   5  ...  91  46  15  66  43  11  42   2  78  17  21  49  74  85  41  80  79   1  69  94
9   18  58  20  16  25   6  26  22  10  56  86  33   9  93  45  65  12  83  39   5  ...  88  91  46  15  66  43  42   2  78  17  21  49  74  85  41  80  71   1  69  94
10  18  58  20  16  25   6  26  22  10  56  86  33   9  93  45  65  12  83  39   5  ...  88  91  46  15  66  43  42   2  78  17  21  49  74  85  41  80  71   1  69  94
11  18  58  20  16  25   6  26  22  10  56  86  33   9  93  45  65  12  83  39   5  ...   8  91  15  66  43  42  11   2  78  17  21  49  74  85  41  80  71   1  69  94
12  18  58  20  16  25   6  26  22  10  56  86  33   9  93  45  65  12  83  39   5  ...   8  91  15  66  43  42  11   2  78  17  21  49  74  85  41  80  71   1  69  94
13  18  58  20  16  25   6  26  22  10  56  86  33   9  93  45  65  12  83  39   5  ...  46  69  66  43  88  91  42  11   2  78  17  21  49   8  74  85  41  80  71  94
14  18  58  20  16  25   6  26  22  28  10  56  86  33   9  93  45  65  12  83  39  ...  91  46  79  66  43  42  11   2  78  17  21  49  74  85  41  80  71   1  69  94
15  18  58  20  16  25   6  26  22  28  10  56  86  33   9  93  45  65  12  83  39  ...  91  46  79  66  43  42  11   2  78  17  21  49  74  85  41  80  71   1  69  94
16  18  58  20  16  25   6  26  22  10  56  86  33   9  93  45  65  12  83  39   5  ...  66  43  88  91  42  11   2  78   4  17  21  15  49   8  74  85  41  80  71  94
17  18  58  20  16  25   6  26  22  10  56  86  33   9  93  45  65  12  83  39   5  ...  91  46  15  66  43  42   2  78  51  17  21  49  74  85  41  80  71   1  69  94
18  18  58  20  16  25   6  26  22  10  56  86  33   9  93  45  65  12  83  39   5  ...   8  91  15  66  43  42  11   2  78  17  19  49  74  85  41  80  71   1  69  94
19  18  58  20  16  25   6  26  22  10  56  86  33   9  93  45  65  12  83  59   5  ...   8  91  15  66  43  42  11   2  78  17  21  49  74  85  41  80  71   1  69  94
20  18  58  20  16  25   6  26  22  28  10  56  86  33   9  93  45  65  12  83  39  ...  46  69  66  43  88  91  42  11   2  78  17  21  49   8  74  85  41  80  71  94
21  18  58  20  16  25   6  26  22  10  56  86  33   9  93  45  65  12  83  39   5  ...  91  15  66  43  42  11   2  78  51  17  21   1  69  49  74  85  41  80  71  94
22  18  58  20  16  25   6  26  22  10  56  86  33   9  93  45  65  12  83  39   5  ...  91  46  15  66  43  51   1  69  42  23  78  17  21  49  74  85  41  80  71  94
23  18  58  20  16  25   6  26  22  10  56  86  33   9  93  45  65  12  83  39   5  ...  46  15  66  43  77  51   1  69  42  23  78  17  21  49  74  85  41  80  71  94
24  18  58  20  16  25   6  26  22  10  56  86  33   9  93  45  65  12  83  39   5  ...   8  91  46  15  66  43   1  69  42  23  78  17  21  49  74  85  41  80  71  94
25  18  58  20  16  25   6  26  22  10  56  86  33   9  93  45  65  12  83  59   5  ...  66  43  88  91  42  11   2  78   4  17  21  15  49   8  74  85  41  80  71  94
26  18  58  20  16  25   6  26  22  10  56  86  33   9  93  45  65  12  28  83  39  ...  46  69  66  43  88  91  42  11   2  78  17  21  49   8  74  85  41  80  71  94
27  18  58  20  16  25   6  26  22  10  56  86  33   9  93  45  65  12  83  39   5  ...   8  91  46  15  66  43   1  69  42  23  78  17  21  49  74  85  41  80  71  94
28  18  58  20  16  25   6  26  22  28  10  56  86  33   9  93  45  65  12  83  39  ...  91  46  15  66  43  51   1  69  42  23  78  17  21  49  74  85  41  80  71  94
29  18  58  20  16  25   6  26  22  10  56  86  33   9  93  45  65  12  83  39   5  ...  91  46  15  66  43  51   1  69  42  23  78  17  21  49  74  85  41  80  71  94
30  18  58  20  16  25   6  26  22  10  56  86  33   9  93  45  65  12  83  39   5  ...  91  46  15  66  43  42  11   2  78  17  21  49  74  85  41  80  71   1  69  94
31  18  58  20  16  25   6  26  22  10  56  86  33   9  93  45  65  12  83  39   5  ...  34  91  46  15  66  43  42   2  78  17  21  49  74  85  41  80  71   1  69  94
32  18  58  20  16  25   6  26  22  10  56  86  33   9  93   8  65  12  45  83  39  ...  88  11  91  15  66  43  42   2  78  17  21  49  74  85  41  80  71   1  69  94
33  18  58  20  16  25   6  26  22  10  56  86  33   9  93  45  65  12  83  39   5  ...  91  46  15  66  43  42   2  78  51  17  21  49  74  85  41  80  71   1  69  94
34  18  58  20  16  25   6  26  22  10  56  86  33   9  93  45  65  12  83  39   5  ...  91  15  66  43  42  11   2  78  51  17  21   1  69  49  74  85  41  80  71  94
35  18  58  20  16  25   6  26  22  10  56  86  33   9  93  45  65  12  83  39   5  ...  91  46  15  66  43  42   2  78  51  17  21  49  74  85  41  80  71   1  69  94
36  18  58  20  16  25   6  26  22  10  56  86  33   9  93  45  65  12  83  39   5  ...  91  46  15  66  11  43  42   2  78  17  21  49  74  85  41  80  71   1  69  94
37  18  58  20  16  25   6  26  22  10  56  86  33   9  93  45  65  12  83  39   5  ...  91  46  15  66  43  11  42   2  78  17  21  49  74  85  41  80  71   1  69  94
38  18  58  20  16  25   6  26  22  10  56  86  33   9  93   8  65  12  45  83  39  ...  91  46  15  66  43  51   1  69  42  23  78  17  21  49  74  85  41  80  71  94
39  18  58  20  16  25   6  26  22  10  56  86  33   9  93  45  65  12  83  39   5  ...  88   8  91  66  43  42  11   2  78  17  21  49  74  85  41  80  71   1  69  94
40  18  58  20  16  25   6  26  22  28  10  56  86  33   9  93  45  65  12  83  39  ...  91  46  15  66  43  51   1  69  42  23  78  17  21  49  74  85  41  80  71  94
41  18  58  20  16  25   6  26  22  10  56  86  33   9  93  45  65  12  83  39   5  ...  66  43  88  91  42  11   2  78   4  17  21  15  49   8  74  85  41  80  71  94
42  18  58  20  16  25   6  26  22  10  56  86  33   9  93  45  65  12  83  39   5  ...  91  46  79  66  43  42  11   2  78  17  21  49  74  85  41  80  71   1  69  94
43  18  58  20  16  25   6  26  22  10  56  86  33   9  93  45  65  12  83  39   5  ...   8  91  46  15  66  43   1  69  42  23  78  17  21  49  74  85  41  80  71  94
44  18  58  20  16  25   6  26  22  10  56  86  33   9  93   8  65  12  45  83  39  ...  91  46  15  66  43  11  42   2  78  17  21  49  74  85  41  80  71   1  69  94
45  18  58  20  16  25   6  26  22  28  10  56  86  33   9  93  45  65  12  83  39  ...  91  66  46  79  43  11  42   2  78  17  21  49  74  85  41  80  71   1  69  94
46  18  58  20  16  25   6  26  22  10  56  86  33   9  93  45  65  12  83  39   5  ...  91  46  15  79  43  11  42   2  78  17  21   1  69  49  74  85  41  80  71  94
47  45  58  20  16  25   6  26  22  28  10  56  86  33   9  93  18  65  12  83  39  ...   8  91  15  66  43  42  11   2  78  17  21  49  74  85  41  80  71   1  69  94
48  18  58  20  16  25   6  26  22  10  56  86  33   9  93  45  65  12  83  39   5  ...  23  91  46  15  66  43  42  78  51  17  21  49  74  85  41  80  71   1  69  94
49  18  58  20  16  25   6  26  22  10  56  86  33   9  93  45  65  12  83  39   5  ...  88  91  46  15  66  43  42   2  78  17  21  49  74  85  41  80  71   1  69  94

[50 rows x 98 columns] 


População final de genótipos (elitismo)
      0   1   2   3   4   5   6   7   8   9   10  11  12  13  14  15  16  17  18  19  ...  78  79  80  81  82  83  84  85  86  87  88  89  90  91  92  93  94  95  96  97
0    97  39  24  49  40  85  44  42  66  18  72  67  96  33  26  21  13  31   0  88  ...  43  77  58  29  65  57  91  23  37  27  78  82  56  55  19  25  11  16  62  87
1    97  39  24  49  40  85  44  42  66  18  72  67  96  33  26  21  13  31   0  88  ...  43  77  58  29  65  57  91  23  37  27  78  82  56  55  19  25  11  16  62  87
2    97  39  24  49  40  85  44  42  66  18  72  67  96  33  26  21  13  31   0  88  ...  43  77  58  29  65  57  91  23  37  27  78  82  56  55  19  25  11  16  62  87
3    97  39  24  49  40  85  44  42  66  18  72  67  96  33  26  21  13  31   0  88  ...  43  77  58  29  65  57  91  23  37  27  78  82  56  55  19  25  11  16  62  87
4    97  39  24  49  40  85  44  42  66  18  72  67  96  33  26  21  13  31   0  88  ...  43  77  58  29  65  57  91  23  37  27  78  82  56  55  19  25  11  16  62  87
..   ..  ..  ..  ..  ..  ..  ..  ..  ..  ..  ..  ..  ..  ..  ..  ..  ..  ..  ..  ..  ...  ..  ..  ..  ..  ..  ..  ..  ..  ..  ..  ..  ..  ..  ..  ..  ..  ..  ..  ..  ..
495  97  39  24  49  40  85  44  42  66  18  72  67  96  33  26  21  13  31   0  88  ...  43  77  58  29  65  57  91  23  37  27  78  82  56  55  19  25  11  16  62  87
496  97  39  24  49  40  85  44  42  66  18  72  67  96  33  26  21  13  31   0  88  ...  43  77  58  29  65  57  91  23  37  27  78  82  56  55  19  25  11  16  62  87
497  97  39  24  49  40  85  44  42  66  18  72  67  96  33  26  21  13  31   0  88  ...  43  77  58  29  65  57  91  23  37  27  78  82  56  55  19  25  11  16  62  87
498  97  39  24  49  40  85  44  42  66  18  72  67  96  33  26  21  13  31   0  88  ...  43  77  58  29  65  57  91  23  37  27  78  82  56  55  19  25  11  16  62  87
499  97  39  24  49  40  85  44  42  66  18  72  67  96  33  26  21  13  31   0  88  ...  43  77  58  29  65  57  91  23  37  27  78  82  56  55  19  25  11  16  62  87

[500 rows x 98 columns] 


População final de genótipos (torneio)
      0   1   2   3   4   5   6   7   8   9   10  11  12  13  14  15  16  17  18  19  ...  78  79  80  81  82  83  84  85  86  87  88  89  90  91  92  93  94  95  96  97
0    60  69  63  80  34  19  46  88   0  17  31  26  57  91  37  64  28  54  14   7  ...  90  53  35  41  10  52   4  75  70  79  45  15  82  78  92  13  21  27   6  55
1    19  69  63  80  34  60  46  88   0  17  92  26  57  91  37  64  28  54  14   7  ...  90  53  35  41  10  52   4  75  70  79  45  15  82  78  31  13  21  27   6  55
2    19  69  63  80  34  60  46  88   0  17  92  26  57  91  37  64  28  54  14   7  ...  90  53  35  41  10  52   4  75  70  79  45  15  82  78  31  13  21  27   6  55
3    19  69  63  80  34  60  46  88   0  17  92  26  57  91  37  64  28  54  14   7  ...  90  53  35  41  10  52   4  75  70  79  45  15  82  78  31  13  21  27   6  55
4    19  69  63  80  34  60  46  88   0  17  92  26  57  91  37  64  28  54  14   7  ...  90  53  35  41  10  52   4  75  70  79  45  15  82  78  31  13  21  27   6  55
..   ..  ..  ..  ..  ..  ..  ..  ..  ..  ..  ..  ..  ..  ..  ..  ..  ..  ..  ..  ..  ...  ..  ..  ..  ..  ..  ..  ..  ..  ..  ..  ..  ..  ..  ..  ..  ..  ..  ..  ..  ..
495  19  69  63  80  34  60  46  88   0  17  92  26  57  91  37  64  28  54  14   7  ...  90  53  35  41  10  52   4  75  70  79  45  15  82  78  31  13  21  27   6  55
496  19  69  63  80  34  60  46  88   0  17  92  26  57  91  37  64  28  54  14   7  ...  52   4  53  35  41  10  90  75  70  79  45  15  82  78  31  13  21  27   6  55
497  19  69  63  80  34  60  46  88   0  17  92  26  57  91  37  64  28  54  14   7  ...  90  53  35  41  10  52   4  75  70  79  45  15  82  78  31  13  21  27   6  55
498  19  69  63  80  34  60  46  88   0  17  92  26  57  91  37  64  28  54  14   7  ...  90  53  35  41  10  52   4  75  70  79  45  15  82  78  31  13  21  27   6  55
499  19  69  63  80  34  60  46  88   0  17  92  26  57  91  37  64  28  54  14   7  ...  52   4  53  35  41  10  90  75  70  79  45  15  82  78  31  13  21  27   6  55

[500 rows x 98 columns] 


População final de genótipos (elitismo)
     0   1   2   3   4   5   6   7   8   9   10  11  12  13  14  15  16  17  18  19  ...  78  79  80  81  82  83  84  85  86  87  88  89  90  91  92  93  94  95  96  97
0   18  44  74  47   5  53  83  11  43  82  37  97  62  36  30  56  50  12  69  91  ...  94  68  70  22  95  79  42  87  89  57  21  61   9   7  64  25  81  84   1  66
1   18  44  74  47   5  53  83  11  43  82  37  97  62  51  36  30  85  50  12  69  ...  94  68  70  22  95  79  42  87  89  57  21  61   9   7  64  25  81  84   1  66
2   18  44  74  47   5  53  83  11  43  82  37  97  62  36  30  85  56  50  12  69  ...  68  70  33  22  95  79  42  87  89  57  21  61   9   7  64  25  81  84   1  66
3   18  44  74  47   5  53  83  11  43  77  37  97  62  36  30  85  50  12  69  91  ...  94  68  70  22  95  79  42  87  89  57  21  61   9   7  64  25  81  84   1  66
4   18  44  74  47   5  53  83  11  43  77  37  97  62  36  30  85  50  12  69  91  ...  94  68  70  22  95  79  42  87  89  57  21  61   9   7  64  25  81  84   1  66
5   18  44  74  47   5  53  83  11  43  77  37  97  62  36  30  85  50  12  69  91  ...  94  68  70  22  95  79  42  87  89  57  21  61   9   7  64  25  81  84   1  66
6   18  44  74  47   5  53  83  11  43  77  37  97  62  36  30  85  50  12  69  91  ...  94  68  70  22  95  79  42  87  89  57  21  61   9   7  64  25  81  84   1  66
7   18  44  74  47   5  53  83  11  43  77  37  97  62  36  30  85  50  12  69  91  ...  94  68  70  22  95  79  42  87  89  57  21  61   9   7  64  25  81  84   1  66
8   18  44  74  47   5  53  83  11  43  82  37  97  62  36  30  85  50  12  69  91  ...   3  94  68  70  22  95  79  87  89  57  21  61   9   7  64  25  81  84   1  66
9   18  44  74  47   5  53  83  11  43  82  37  97  62  36  30  85  50  12  69  91  ...   3  94  68  70  22  95  79  87  89  57  21  61   9   7  64  25  81  84   1  66
10  18  44  74  47   5  53  83  11  43  51  37  97  62  36  30  85  50  12  69  91  ...  94  68  70  22  95  79  42  87  89  57  21  61   9   7  64  25  81  84   1  66
11  18  44  74  47   5  53  83  11  43  82  37  97  62  36  30  85  50  12  69  91  ...  68  70  33  22  95  79  42  87  89  57  21  61   9   7  64  25  81  84   1  66
12  18  44  74  47   5  53  83  11  43  51  37  97  62  36  30  85  50  12  69  91  ...  94  68  70  22  95  79  42  87  89  57  21  61   9   7  64  25  81  84   1  66
13  18  44  74  47   5  53  83  11  43  51  37  97  62  36  30  85  50  12  69  91  ...  94  68  70  22  95  79  42  87  89  57  21  61   9   7  64  25  81  84   1  66
14  18  44  74  47   5  53  83  11  43  51  37  97  62  36  30  85  50  12  69  91  ...  94  68  70  22  95  79  42  87  89  57  21  61   9   7  64  25  81  84   1  66
15  18  44  74  47   5  53  83  11  43  77  37  97  62  36  30  85  50  12  69  91  ...  68  70  33  22  95  79  42  87  89  57  21  61   9   7  64  25  81  84   1  66
16  18  44  74  47   5  53  83  11  43  82  37  97  62  36  30  85  50  12  69  91  ...  94  68  70  22  95  79  42  87  89  57  21  61   9   7  64  25  81  84   1   8
17  18  44  74  47   5  53  83  11  43  77  37  97  62  36  30  85  50  12  69  91  ...  94  68  70  22  95  79  42  87  89  57  21  61   9   7  64  25  81  84   1  66
18  18  44  74  47   5  53  83  11  43  82  37  97  62  36  30  85  56  50  12  69  ...  94  68  70  22  95  79  42  87  89  57  21  61   9   7  64  25  81  84   1  66
19  18  44  74  47   5  53  83  11  43  82  37  97  62  36  30  85  56  50  12  69  ...  94  68  70  22  95  79  42  87  89  57  21  61   9   7  64  25  81  84   1  66
20  18  44  74  47   5  53  83  11  43  51  37  97  62  36  30  85  50  12  69  91  ...  94  68  70  22  95  79  42  87  89  57  21  61   9   7  64  25  81  84   1  66
21  18  44  74  47   5  53  83  11  43  82  37  97  62  36  30  85  50  12  69  91  ...  94  68  70  22  95  79  42  87  89  57  21  61   9   7  64  25  81  84   1  66
22  18  44  74  47   5  53  83  11  43  82  37  97  62  36  30  85  50  12  69  91  ...  94  68  70  22  95  79  42  87  89  57  21  61   9   7  64  25  13  84   1  66
23  18  44  74  47   5  53  83  11  43  82  37  97  62  36  30  85  50  12  69  91  ...  94  68  70  22  95  79  42  87  89  57  21  61   9   7  64  25  81  84   1  66
24  18  44  74  47   5  53  83  11  43  82  37  97  62  36  30  85  50  12  69  91  ...  94  68  70  22  95  79  42  87  89  57  21  61   9   7  64  25  81  84   1  66
25  18  44  74  47   5  53  83  11  43  82  37  97  62  36  30  85  50  12  69  91  ...  94  68  70  22  95  79  42  87  89  57  21  61   9   7  64  25  81  84   1  66
26  18  44  74  47   5  53  83  11  43  82  37  97  62  36  30  85  50  12  69  91  ...  94  68  70  22  95  79  42  87  89  57  21  61   9   7  64  25  81  84   1  66
27  18  44  74  47   5  53  83  11  43  82  37  97  62  36  30  85  50  12  69  91  ...   3  94  68  70  22  95  79  87  89  57  21  61   9   7  64  25  81  84   1  66
28  18  44  74  47   5  53  83  11  43  82  37  97  62  36  30  85  50  12  69  91  ...  94  68  70  22  95  79  42  87  89  57  21  61   9   7  64  25  81  84   1  66
29  18  44  74  47   5  53  83  11  43  51  37  97  62  36  30  85  82  50  12  69  ...  94  68  70  22  95  79  42  87  89  57  21  61   9   7  64  25  81  84   1  66
30  18  44  74  47   5  53  83  11  43  82  37  97  62  36  30  85  56  50  12  69  ...  94  68  70  22  95  79  42  87  89  57  21  61   9   7  64  25  81  84   1  66
31  18  44  74  47   5  53  83  11  43  77  37  97  62  36  30  85  50  12  69  91  ...   3  94  68  70  22  95  79  87  89  57  21  61   9   7  64  25  81  84   1  66
32  18  44  74  47   5  53  83  11  43  82  37  97  62  36  30  85  50  12  69  91  ...   3  94  68  70  22  95  79  87  89  57  21  61   9   7  64  25  81  84   1  66
33  18  44  74  47   5  53  83  11  43  51  37  97  62  36  30  85  50  12  69  91  ...  94  68  70  22  95  79  42  87  89  57  21  61   9   7  64  25  81  84   1  66
34  18  44  74  47   5  53  83  11  43  82  37  97  62  36  30  85  50  12  69  91  ...  94  68  70  22  95  79  42  87  89  57  21  61   9   7  64  25  81  84   1  66
35  18  44  74  47   5  53  83  11  43  82  37  97  62  36  30  85  50  12  69  91  ...   3  94  68  70  22  95  79  87  89  57  21  61   9   7  64  25  81  84   1  66
36  18  44  74  47   5  53  83  11  43  51  37  97  62  36  30  85  50  12  69  91  ...  94  68  70  22  95  79  42  87  89  57  21  61   9   7  64  25  81  84   1  66
37  18  44  74  47   5  53  83  11  43  51  37  97  62  36  30  85  50  12  69  91  ...  94  68  70  22  95  79  42  87  89  57  21  61   9   7  64  25  81  84   1  66
38  18  44  74  47   5  53  83  11  43  51  37  97  62  36  30  85  50  12  69  91  ...  94  68  70  22  95  79  42  87  89  57  21  61   9   7  64  25  81  84   1  66
39  18  44  74  47   5  53  83  11  43  77  37  97  62  36  30  85  50  12  69  91  ...  94  68  70  22  95  79  42  87  89  57  21  61   9   7  64  25  81  84   1  66
40  18  44  74  47   5  53  83  11  43  82  37  97  62  36  30  56  50  12  69  91  ...  94  68  70  22  95  79  42  87  89  57  21  61   9   7  64  25  81  84   1  66
41  18  44  74  47   5  53  83  23  43  82  37  97  62  36  30  85  50  12  69  91  ...  94  68  70  22  95  79  42  87  89  57  21  61   9   7  64  25  81  84   1   8
42  18  44  74  47   5  53  83  11  43  77  37  97  62  36  30  85  50  12  69  91  ...  94  68  70  22  95  79  42  87  89  57  21  61   9   7  64  25  81  84   1  66
43  18  44  74  47   5  53  83  11  43  51  37  97  62  36  30  85  50  12  69  91  ...  94  68  70  22  95  79  42  87  89  57  21  61   9   7  64  25  81  84   1  66
44  18  44  74  47   5  53  83  11  43  82  37  97  62  36  30  85  50  12  69  91  ...  94  68  70  22  95  79  42  87  89  57  21  61   9   7  64  25  81  84   1  66
45  18  44  74  47   5  53  83  11  43  77  37  97  62  36  30  85  50  12  69  91  ...  94  68  70  22  95  79  42  87  89  57  21  61   9   7  64  25  81  84   1  66
46  18  44  74  47   5  53  83  11  43  51  37  97  62  36  30  85  50  12  69  91  ...  94  68  70  22  95  79  42  87  89  57  21  61   9   7  64  25  81  84   1  66
47  18  44  74  47   5  53  83  11  43  51  37  97  62  36  30  77  85  50  12  69  ...  94  68  70  22  95  79  42  87  89  57  21  61   9   7  64  25  81  84   1  66
48  18  44  74  47   5  53  83  11  43  82  37  97  62  36  30  85  50  12  69  91  ...   3  94  68  70  22  95  79  87  89  57  21  61   9   7  64  25  81  84   1  66
49  18  44  74  47   5  53  83  11  43  51  37  97  62  36  30  85  50  12  69  91  ...  68  70  33  22  95  79  42  87  89  57  21  61   9   7  64  25  81  84   1  66

[50 rows x 98 columns] 


População final de genótipos (torneio)
     0   1   2   3   4   5   6   7   8   9   10  11  12  13  14  15  16  17  18  19  ...  78  79  80  81  82  83  84  85  86  87  88  89  90  91  92  93  94  95  96  97
0   34  20  53  94   4  28   6  13  88  31  79  16  75  76  63  32  50  36  43  52  ...  70  87  90  12  56  73  58  67  39  97  42  46  27  37  64  47  38  18  66  84
1   34  20  53  94   4  36   6  88  13  31  79  16  75  76  63  32  50  52  51  82  ...  70  87  90  12  56  73  58  67  39  97  42  46  27  37  21  47  38  18  66  84
2   34  20  53  94   4  36   6  88  13  31  79  16  75  76  63  32  50  52  51  82  ...  70  87  90  12  56  73  58  67  39  97  42  46  27  37  21  47  38  18  66  84
3   34  20  53  94   4  36   6  88  13  31  79  16  75  76  63  32  50  52  51  82  ...  70  87  90  12  56  73  58  67  39  97  42  46  27  37  21  47  38  18  66  84
4   34  20  53  94   4  36   6  88  13  31  79  16  75  76  63  32  50  52  51  82  ...  70  87  90  12  56  73  58  67  39  97  42  46  27  37  21  47  38  18  66  84
5   34  20  53  94   4  36   6  88  13  31  79  16  75  76  63  32  50  52  51  43  ...  70  87  90  12  56  73  58  67  39  97  42  46  27  37  21  47  38  18  66  84
6   34  20  53  94   4  36   6  88  13  31  79  16  75  76  63  32  50  52  51  43  ...  70  87  90  12  56  73  58  67  39  97  42  46  27  37  21  47  38  18  66  84
7   34  20  53  94   4  36   6  88  13  31  79  16  75  76  63  32  50  52  51  82  ...  87  90  12  56  49  73  58  67  39  97  42  46  27  37  21  47  38  18  66  84
8   34  20  53  94   4  36   6  88  13  31  79  16  75  76  63  32  50  52  43  51  ...  70  87  90  12  56  73  58  67  39  97  42  46  27  37  21  47  38  18  66  84
9   34  20  53  94   4  36   6  88  13  31  79  16  75  76  63  32  50  52  43  51  ...  70  87  90  12  56  73  58  67  39  97  42  46  27  37  21  47  38  18  66  84
10  34  20  53  94   4  36   6  88  13  31  79  16  75  76  63  32  50  52  51  82  ...  70  87  90  12  56  73  58  67  39  97  42  46  27  37  21  47  38  18  66  84
11  34  20  53  94   4  36   6  88  43  79  16  75  76  63  32  50  13  31  52  51  ...  70  87  90  12  56  73  58  67  39  97  42  46  27  37  21  47  38  18  66  84
12  34  20  53  94   4  36   6  88  43  79  16  75  76  63  32  50  13  31  52  51  ...  70  87  90  12  56  73  58  67  39  97  42  46  27  37  21  47  38  18  66  84
13  34  20  53  94   4  36   6  88  43  79  16  75  76  63  32  50  13  31  52  51  ...  70  87  90  12  56  73  58  67  39  97  42  46  27  37  21  47  38  18  66  84
14  34  20  53  94   4  36   6  88  13  31  79  16  75  76  63  32  50  52  51  82  ...  70  87  90  12  56  73  58  67  39  97  42  46  27  37  21  47  38  71  66  84
15  34  20  53  94   4  36   6  88  13  43  79  16  75  76  63  32  50  31  52  51  ...  70  87  90  12  91  73  58  67  39  97  42  46  27  37  64  47  38  18  66  84
16  34  20  53  94   4  28   6  13  88  31  79  16  75  76  63  32  50  52  51  82  ...  70  87  90  12  56  73  58  67  39  97  42  46  27  37  21  47  38  18  66  84
17  34  20  53  94   4  36   6  88  43  79  16  75  76  63  32  50  13  31  52  51  ...  70  87  90  12  56  73  58  67  39  97  42  46  27  37  21  47  38  18  66  84
18  34  20  53  94   4  36   6  88  43  79  16  75  76  63  32  50  13  31  52  51  ...  70  87  90  12  56  73  58  67  39  97  42  46  27  37  21  47  38  18  66  84
19  34  20  53  94   4  36   6  88  43  79  16  75  76  63  32  50  13  31  52  51  ...  70  87  90  12  56  73  58  67  39  97  42  46  27  37  21  47  38  18  66  84
20  34  20  53  94   4  36   6  88  43  79  16  75  76  63  32  50  13  31  52  51  ...  70  87  90  12  56  73  58  67  39  97  42  46  27  37  21  47  38  18  66  84
21  34  20  53  94   4  13   6  88  31  79  16  75  76  63  32  50  52  51  82  41  ...  70  87  90  12  56  73  58  67  39  97  42  46  27  37  21  47  38  18  66  84
22  34  20  53  94   4  13   6  88  31  79  16  75  76  70  32  25  52  51  82  41  ...  63  87  90  12  56  73  58  67  39  97  42  46  27  37  21  47  38  18  66  84
23  34  20  53  94   4  36   6  88  43  79  16  75  76  63  32  50  13  31  52  51  ...  87  90  12  56  49  73  58  67  39  97  42  46  27  37  21  47  38  18  66  84
24  34  20  53  94   4  36   6  88  43  79  16  75  76  63  32  50  13  31  52  51  ...  70  87  90  12  56  73  58  67  39  97  42  46  27  85  21  47  38  18  66  84
25  34  20  53  94   4  36   6  88  13  31  79  16  75  76  63  32  50  52  51  82  ...  70  87  90  12  56  73  58  67  39  97  42  46  27  37  21  47  38  18  66  84
26  34  20  53  94   4  36   6  88  43  79  16  75  76  63  32  50  13  31  52  51  ...  70  87  90  12  56  73  58  67  39  97  42  46  27  37  21  47  38  18  66  84
27  34  20  53  94   4  13   6  88  31  79  16  75  76  63  32  50  52  51  82  41  ...  70  87  90  12  56  73  58  67  39  97  42  46  27  37  21  47  38  18  66  84
28  34  20  53  94   4  36   6  88  13  31  79  16  75  76  63  32  50  52  51  82  ...  87  90  12  56  49  73  58  67  39  97  42  46  27  37  21  47  38  18  66  84
29  34  20  53  94   4  36   6  88  43  79  16  75  76  63  32  50  13  31  52  51  ...  70  87  90  12  56  73  58  67  39  97  42  46  27  37  21  47  38  18  66  84
30  34  20  53  94   4  36   6  88  13  31  79  16  75  76  63  32  50  52  51  43  ...  70  87  90  12  56  73  58  67  39  97  42  46  27  37  21  47  38  18  66  84
31  34  20  53  94   4  36   6  88  13  31  79  16  75  76  63  32  50  52  51  82  ...  70  87  90  12  56  73  58  67  39  97  42  46  27  37  21  47  38  18  66  84
32  34  20  53  94   4  36   6  88  13  31  79  16  75  76  63  32  50  52  51  43  ...  70  87  90  12  56  73  58  67  39  97  42  46  27  37  21  47  38  18  66  84
33  34  20  53  94   4  36   6  88  13  31  79  16  75  76  63  32  50  52  51  82  ...  70  87  90  12  56  73  58  67  39  97  42  46  27  37  21  47  38  18  66  84
34  34  20  53  94   4  36   6  88  43  79  16  75  76  63  32  50  13  31  52  51  ...  70  87  90  12  56  73  58  67  39  97  42  46  27  37  21  47  38  18  66  84
35  34  20  53  94   4  36   6  88  13  31  79  16  75  76  63  32  50  52  51  82  ...  70  87  90  12  56  73  58  67  39  97  42  46  27  37  21  47  38  18  66  84
36  34  20  53  94   4  36   6  88  13  31  79  16  75  76  63  32  50  52  43  51  ...  70  87  90  12  56  73  58  67  39  97  42  46  27  37  21  47  38  18  66  84
37  34  20  53  94   4  36   6  88  13  31  79  16  75  76  63  32  50  52  51  82  ...  70  87  90  12  56  73  58  67  39  97  42  46  27  37  21  47  38  18  66  84
38  34  20  53  94   4  36   6  88  13  31  79  16  75  76  63  32  50  52  51  82  ...  70  87  90  12  91  73  58  67  39  97  42  46  27  37  64  47  38  18  66  84
39  34  20  53  94   4  36   6  88  13  31  79  16  75  76  63  32  50  52  51  82  ...  70  87  90  12  56  73  58  67  39  97  42  46  27  37  21  47  38  18  66  84
40  34  20  53  94   4  36   6  88  43  79  16  75  76  63  32  50  13  31  52  51  ...  70  87  90  12  56  73  58  67  39  97  42  46  27  37  21  47  38  18  66  84
41  34  20  53  94   4  13   6  88  31  79  16  75  76  63  32  50  52  51  82  41  ...  70  87  90  12  56  73  58  67  39  97  42  46  27  37  21  47  38  18  66  84
42  34  20  53  94   4  36   6  88  43  79  16  75  76  63  32  50  13  31  52  51  ...  70  87  90  12  56  73  58  67  39  97  42  46  27  37  21  47  38  18  66  84
43  34  20  53  94   4  36   6  88  43  79  16  75  76  63  32  50  13  31  52  51  ...   9  70  87  90  12  56  73  58  67  39  97  42  46  27  37  47  38  18  66  84
44  34  20  53  94   4  36   6  88  13  31  79  16  75  76  63  32  50  52  51  82  ...  70  87  90  12  56  73  58  67  39  97  42  46  27  37  21  47  38  18  66  84
45  34  20  53  94   4  36   6  88  43  79  16  75  76  63  32  50  13  31  52  51  ...  70  87  90  12  56  73  58  67  39  97  42  46  27  37  21  47  38  18  66  84
46  34  20  53  94   4  36   6  88  13  31  79  16  75  76  63  32  50  52  51  82  ...  70  87  90  12  56  73  58  67  39  97  42  46  27  37  21  47  38  18  66  84
47  34  20  53  94   4  36   6  88  13  31  79  16  75  76  63  32  50  52  51  43  ...  70  87  90  12  56  73  58  67  39  97  42  46  27  37  21  47  38  18  66  84
48  34  20  53  94   4  28   6  13  88  31  79  16  75  76  63  32  50  52  51  82  ...   9  70  87  90  12  56  73  58  67  39  97  42  46  27  37  47  38  18  66  84
49  34  20  53  94   4  36   6  88  43  79  16  75  76  63  32  50  13  31  52  51  ...  70  87  90  12  56  73  58  67  39  97  42  46  27  37  21  47  38  18  66  84

[50 rows x 98 columns] 


População final de genótipos (elitismo)
      0   1   2   3   4   5   6   7   8   9   10  11  12  13  14  15  16  17  18  19  ...  78  79  80  81  82  83  84  85  86  87  88  89  90  91  92  93  94  95  96  97
0    64  37  23  10  95  22  52  92   2  81  28  84  32  56  82  69  12  15  90  34  ...  67  51  48   3  75  93   1  70  50  83  62  16  40  74  19  25  54  86  59   6
1    64  37  23  10  95  22  52  92   2  59  28  84  32  56  82  69  12  15  90  34  ...  67  51  48   3  75  93   1  70  50  83  62  16  40  74  19  25  81  86  54   6
2    64  37  23  10  95  22  52  92   2  54  28  84  32  56  82  69  12  15  90  34  ...  67  51  48   3  75  93   1  70  50  83  62  16  40  74  19  25  81  86  59   6
3    64  37  23  10  95  22  52  92   2  54  28  84  32  56  82  69  12  15  90  34  ...  67  51  48   3  75  93   1  70  50  83  62  16  40  74  19  25  81  86  59   6
4    64  37  23  10  95  22  52  92   2  54  28  84  32  56  82  69  12  15  90  34  ...  67  51  48   3  75  93   1  70  50  83  62  16  40  74  19  25  81  86  59   6
..   ..  ..  ..  ..  ..  ..  ..  ..  ..  ..  ..  ..  ..  ..  ..  ..  ..  ..  ..  ..  ...  ..  ..  ..  ..  ..  ..  ..  ..  ..  ..  ..  ..  ..  ..  ..  ..  ..  ..  ..  ..
495  64  37  23  10  95  22  52  92   2  54  28  84  32  56  82  69  12  15  90  34  ...  67  51  48   3  75  93   1  70  50  83  62  16  40  74  19  25  81  86  59   6
496  64  37  23  10  95  22  52  92   2  54  28  84  32  56  82  69  12  15  90  34  ...  67  51  48   3  75  93   1  70  50  83  62  16  40  74  19  25  81  86  59   6
497  64  37  23  10  95  22  52  92   2  54  28  84  32  56  82  69  12  15  90  34  ...  67  51  48   3  75  93   1  70  50  83  62  16  40  74  19  25  81  86  59   6
498  64  37  23  10  95  22  52  92   2  54  28  84  32  56  82  69  12  15  90  34  ...  67  51  48   3  75  93   1  70  50  83  62  16  40  74  19  25  81  86  59   6
499  64  37  23  10  95  22  52  92   2  54  28  84  32  56  82  69  12  15  90  34  ...  67  51  48   3  75  93   1  70  50  83  62  16  40  74  19  25  81  86  59   6

[500 rows x 98 columns] 


População final de genótipos (torneio)
      0   1   2   3   4   5   6   7   8   9   10  11  12  13  14  15  16  17  18  19  ...  78  79  80  81  82  83  84  85  86  87  88  89  90  91  92  93  94  95  96  97
0    87  62   4  71  34  52  60  46  95  22  41  82  27  23   9  14   7  78  36  51  ...   1  47  61  17   0  31  21  13  26  89  50  75   5  53  94  76  80  88  45  58
1    87  62   4  71  34  52  60  46  95  22  41  82  27  23   9  14   7  78  36  51  ...   1  47  61  17   0  31  21  13  26  89  50  75   5  53  94  76  80  88  45  58
2    87  62   4  71  34  52  60  46  95  22  41  82  27  23   9  14   7  78  36  51  ...   1  47  61  17   0  31  21  13  26  89  50  75   5  53  94  76  80  88  45  58
3    62   4  71  34  60  46  52  95  22  41  82  27  23   9  14   7  78  36  51  90  ...   1  47  61  17   0  31  21  13  26  89  50  75   5  53  94  76  80  88  45  58
4    62   4  71  34  60  46  52  95  22  41  82  27  23   9  14   7  78  36  51  33  ...   1  47  61  17   0  31  21  13  26  89  50  75   5  53  94  76  80  88  45  58
..   ..  ..  ..  ..  ..  ..  ..  ..  ..  ..  ..  ..  ..  ..  ..  ..  ..  ..  ..  ..  ...  ..  ..  ..  ..  ..  ..  ..  ..  ..  ..  ..  ..  ..  ..  ..  ..  ..  ..  ..  ..
495  62   4  71  34  60  46  95  22  41  82  27  23   9  14   7  78  36  51  33  56  ...   1  47  61  17   0  31  21  13  26  89  50  75   5  53  94  76  80  88  45  58
496  87   4  71  34  52  46  95  22  41  82  27  23   9  14   7  78  36  51  33  56  ...   1  47  61  17   0  31  21  13  26  89  50  75   5  53  94  76  80  88  45  58
497  62   4  71  34  60  46  52  95  22  41  82  27  23   9  14   7  78  36  51  33  ...   1  47  61  17   0  31  21  13  26  89  50  75   5  53  94  76  80  88  45  58
498  62   4  71  34  52  46  95  22  41  82  27  23   9  14  60   7  78  36  51  33  ...   1  47  61  17   0  31  21  13  26  89  50  75   5  53  94  76  80  88  45  58
499  62   4  71  34  60  46  52  95  22  41  82  27  23   9  14   7  78  36  51  33  ...   1  47  61  17   0  31  21  13  26  89  50  75   5  53  94  76  80  88  45  58

[500 rows x 98 columns] 


Resultados - Comparação entre métodos heurísticos

Média elitismo -  2691.5971624764884
Média torneio -  2789.6923599614634
Média elitismo -  2237.421722334344
Média torneio -  2403.8217418551653


Pressione Enter para continuar

.
. #Alguns dados foram perdidos devido ao fato de ter sido alcançado o número máximo de linhas do terminal
.

27  14  52  38  89  63  31  19   3  65  72  29  49  59  27   6  28  86  42  24  60  ...  85   4  53  47  78  12  25  39  35  34   7  64  67  83  69  73   5  37  10   2
28  14  52  38  89  63  31  19   3  65  72  29  49  59  27   6  28  86  42  24  60  ...  85   4  53  47  78  12  25  39  35  34   7  64  67  83  69  73   5  37  10   2
29  14  52  38  89  63  31  19   3  65  72  29  49  59  27   6  28  86  42  24  60  ...  85   4  53  47  78  12  25  39  35  34   7  64  67  83  69  73   5  37  10   2
30  14  52  38  89  63  31  19   3  65  72  29  49  59  27   6  28  86  42  24  60  ...  85   4  53  47  78  12  25  39  35  34   7  64  67  83  69  73   5  37  10   2
31  14  52  38  89  63  31  19   3  65  72  29  49  59  27   6  28  86  42  24  60  ...  85   4  53  47  78  12  25  39  35  34   7  64  67  83  69  73   5  37  10   2
32  14  52  38  89  63  31  19   3  65  72  29  49  59  27   6  28  86  42  24  60  ...  85   4  53  47  78  12  25  39  35  34   7  64  69  67  83  73   5  37  10   2
33  14  52  38  89  63  31  19   3  65  72  29  49  59  27   6  28  86  42  24  60  ...  85   4  53  47  78  12  25  39  35  34   7  64  67  83  69  73   5  37  10   2
34  14  52  38  89  63  31  19   3  65  72  29  49  59  27   6  28  86  42  24  60  ...  85   4  53  47  78  12  25  39  35  34   7  64  69  67  83  73   5  37  10   2
35  14  52  38  89  63  31  19   3  65  72  29  49  59  27   6  28  86  42  24  60  ...  85   4  53  47  78  12  25  39  35  34   7  64  67  83  69  73   5  37  10   2
36  14  52  38  89  63  31  19   3  65  72  29  49  59  27   6  28  86  42  24  60  ...  85   4  53  47  78  12  25  39  35  34   7  64  67  83  69  73   5  37  10   2
37  14  52  38  89  63  31  19   3  65  72  29  49  59  27   6  28  86  42  24  60  ...  85   4  53  47  78  12  25  39  35  34   7  64  67  83  69  73   5  37  10   2
38  14  52  38  89  63  31  19   3  65  72  29  49  59   9  27   6  28  86  42  24  ...  85   4  53  47  78  12  25  39  35  34   7  64  67  83  69  73   5  37  10   2
39  14  52  38  89  63  31  19   3  65  72  29  49  59  27   6  28  86  42  24  60  ...  85   4  53  47  78  12  25  39  35  34   7  64  67  83  69  73   5  37  10   2
40  14  52  38  89  63  31  19   3  65  72  29  49  59  27   6  28  86  42  24  60  ...  85   4  53  47  78  12  25  39  35  34   7  64  67  83  69  73   5  37  10   2
41  14  52  38  89  63  31  19   3  65  72  29  49  59  27   6  28  86  42  24  60  ...  85   4  53  47  78  12  25  39  35  34   7  64  67  83  69  73   5  37  10   2
42  14  52  38  89  63  31  19   3  65  72  29  49  59  27   6  28  86  42  24  60  ...  85   4  53  47  78  12  25  39  35  34   7  64  67  83  69  73   5  37  10   2
43  14  52  38  89  63  31  19   3  65  72  29  49  59  27   6  28  86  42  24  60  ...  85   4  53  47  78  12  25  39  35  34   7  64  69  67  83  73   5  37  10   2
44  14  52  38  89  63  31  19   3  65  72  29  49  59   9  27   6  28  86  42  24  ...  85   4  53  47  78  12  25  39  35  34   7  64  67  83  69  73   5  37  10   2
45  14  52  38  89  63  31  19   3  65  72  29  49  59  27   6  28  86  42  24  60  ...  85   4  53  47  78  12  25  39  35  34   7  64  67  83  69  73   5  37  10   2
46  14  52  38  89  63  31  19   3  65  72  29  49  59  27   6  28  86  42  24  60  ...  85   4  53  47  78  12  25  39  35  34   7  64  67  83  69  73   5  37  10   2
47  14  52  38  89  63  31  19   3  65  72  29  49  59  27   6  28  86  42  24  60  ...  85   4  53  47  78  12  25  39  35  34   7  64  69  67  83  73   5  37  10   2
48  14  52  38  89  63  31  19   3  65  72  29  49  59  27   6  28  86  42  24  60  ...  85   4  53  47  78  12  25  39  35  34   7  64  67  83  69  73   5  37  10   2
49  14  52  38  89  63  31  19   3  65  72  29  49  59  27   6  28  86   9  42  24  ...  85   4  53  47  78  12  25  39  35  34   7  64  67  83  69  73   5  37  10   2

[50 rows x 98 columns] 


População final de genótipos (torneio)
     0   1   2   3   4   5   6   7   8   9   10  11  12  13  14  15  16  17  18  19  ...  78  79  80  81  82  83  84  85  86  87  88  89  90  91  92  93  94  95  96  97
0   18  58  20  16  25   6  26  22  10  56  86  33   9  93  45  65  12  83  39   5  ...  91  46  15  66  43  11  42   2  78  17  21  49  74  85  41  80  71   1  69  94
1   18  58  20  16  25   6  26  22  10  56  86  33   9  93  45  65  12  83  39   5  ...  91  46  15  66  43  11  42   2  78  17  21  49  74  85  41  80  71   1  69  94
2   18  58  20  16  25   6  26  22  10  56  86  33   9  93  45  65  12  83  39   5  ...  91  46  15  66  43  11  42   2  78  17  21  49  74  85  41  80  71   1  69  94
3   18  58  20  16  25   6  26  22  10  56  86  33   9  93  45  65  12  83  39   5  ...  91  46  15  66  43  42  11   2  78  17  21  49  74  85  41  80  71   1  69  94
4   18  58  20  16  25   6  26  22  10  56  86  33   9  93  45  65  12  83  39   5  ...  91  46  15  66  43  11  42   2  78  17  21  49  74  85  41  80  71   1  69  94
5   18  58  20  16  25   6  26  22  10  56  86  33   9  93   8  65  12  45  83  39  ...  88  91  15  66  43  42  11   2  78  17  21  49  74  85  41  80  71   1  69  94
6   18  58  20  16  25   6  26  22  10  56  86  33   9  93  45  65  12  83  39   5  ...  91  46  15  79  43  11  42   2  78  17  21  49  74  85  41  80  71   1  69  94
7   18  58  20  16  25   6  26  22  10  56  86  33   9  93  45  65  12  83  59   5  ...  91  46  79  66  43  42  11   2  78  17  21  49  74  85  41  80  71   1  69  94
8   18  58  20  16  25   6  26  22  10  56  86  33   9  93  45  65  12  83  39   5  ...  91  46  15  66  43  11  42   2  78  17  21  49  74  85  41  80  79   1  69  94
9   18  58  20  16  25   6  26  22  10  56  86  33   9  93  45  65  12  83  39   5  ...  88  91  46  15  66  43  42   2  78  17  21  49  74  85  41  80  71   1  69  94
10  18  58  20  16  25   6  26  22  10  56  86  33   9  93  45  65  12  83  39   5  ...  88  91  46  15  66  43  42   2  78  17  21  49  74  85  41  80  71   1  69  94
11  18  58  20  16  25   6  26  22  10  56  86  33   9  93  45  65  12  83  39   5  ...   8  91  15  66  43  42  11   2  78  17  21  49  74  85  41  80  71   1  69  94
12  18  58  20  16  25   6  26  22  10  56  86  33   9  93  45  65  12  83  39   5  ...   8  91  15  66  43  42  11   2  78  17  21  49  74  85  41  80  71   1  69  94
13  18  58  20  16  25   6  26  22  10  56  86  33   9  93  45  65  12  83  39   5  ...  46  69  66  43  88  91  42  11   2  78  17  21  49   8  74  85  41  80  71  94
14  18  58  20  16  25   6  26  22  28  10  56  86  33   9  93  45  65  12  83  39  ...  91  46  79  66  43  42  11   2  78  17  21  49  74  85  41  80  71   1  69  94
15  18  58  20  16  25   6  26  22  28  10  56  86  33   9  93  45  65  12  83  39  ...  91  46  79  66  43  42  11   2  78  17  21  49  74  85  41  80  71   1  69  94
16  18  58  20  16  25   6  26  22  10  56  86  33   9  93  45  65  12  83  39   5  ...  66  43  88  91  42  11   2  78   4  17  21  15  49   8  74  85  41  80  71  94
17  18  58  20  16  25   6  26  22  10  56  86  33   9  93  45  65  12  83  39   5  ...  91  46  15  66  43  42   2  78  51  17  21  49  74  85  41  80  71   1  69  94
18  18  58  20  16  25   6  26  22  10  56  86  33   9  93  45  65  12  83  39   5  ...   8  91  15  66  43  42  11   2  78  17  19  49  74  85  41  80  71   1  69  94
19  18  58  20  16  25   6  26  22  10  56  86  33   9  93  45  65  12  83  59   5  ...   8  91  15  66  43  42  11   2  78  17  21  49  74  85  41  80  71   1  69  94
20  18  58  20  16  25   6  26  22  28  10  56  86  33   9  93  45  65  12  83  39  ...  46  69  66  43  88  91  42  11   2  78  17  21  49   8  74  85  41  80  71  94
21  18  58  20  16  25   6  26  22  10  56  86  33   9  93  45  65  12  83  39   5  ...  91  15  66  43  42  11   2  78  51  17  21   1  69  49  74  85  41  80  71  94
22  18  58  20  16  25   6  26  22  10  56  86  33   9  93  45  65  12  83  39   5  ...  91  46  15  66  43  51   1  69  42  23  78  17  21  49  74  85  41  80  71  94
23  18  58  20  16  25   6  26  22  10  56  86  33   9  93  45  65  12  83  39   5  ...  46  15  66  43  77  51   1  69  42  23  78  17  21  49  74  85  41  80  71  94
24  18  58  20  16  25   6  26  22  10  56  86  33   9  93  45  65  12  83  39   5  ...   8  91  46  15  66  43   1  69  42  23  78  17  21  49  74  85  41  80  71  94
25  18  58  20  16  25   6  26  22  10  56  86  33   9  93  45  65  12  83  59   5  ...  66  43  88  91  42  11   2  78   4  17  21  15  49   8  74  85  41  80  71  94
26  18  58  20  16  25   6  26  22  10  56  86  33   9  93  45  65  12  28  83  39  ...  46  69  66  43  88  91  42  11   2  78  17  21  49   8  74  85  41  80  71  94
27  18  58  20  16  25   6  26  22  10  56  86  33   9  93  45  65  12  83  39   5  ...   8  91  46  15  66  43   1  69  42  23  78  17  21  49  74  85  41  80  71  94
28  18  58  20  16  25   6  26  22  28  10  56  86  33   9  93  45  65  12  83  39  ...  91  46  15  66  43  51   1  69  42  23  78  17  21  49  74  85  41  80  71  94
29  18  58  20  16  25   6  26  22  10  56  86  33   9  93  45  65  12  83  39   5  ...  91  46  15  66  43  51   1  69  42  23  78  17  21  49  74  85  41  80  71  94
30  18  58  20  16  25   6  26  22  10  56  86  33   9  93  45  65  12  83  39   5  ...  91  46  15  66  43  42  11   2  78  17  21  49  74  85  41  80  71   1  69  94
31  18  58  20  16  25   6  26  22  10  56  86  33   9  93  45  65  12  83  39   5  ...  34  91  46  15  66  43  42   2  78  17  21  49  74  85  41  80  71   1  69  94
32  18  58  20  16  25   6  26  22  10  56  86  33   9  93   8  65  12  45  83  39  ...  88  11  91  15  66  43  42   2  78  17  21  49  74  85  41  80  71   1  69  94
33  18  58  20  16  25   6  26  22  10  56  86  33   9  93  45  65  12  83  39   5  ...  91  46  15  66  43  42   2  78  51  17  21  49  74  85  41  80  71   1  69  94
34  18  58  20  16  25   6  26  22  10  56  86  33   9  93  45  65  12  83  39   5  ...  91  15  66  43  42  11   2  78  51  17  21   1  69  49  74  85  41  80  71  94
35  18  58  20  16  25   6  26  22  10  56  86  33   9  93  45  65  12  83  39   5  ...  91  46  15  66  43  42   2  78  51  17  21  49  74  85  41  80  71   1  69  94
36  18  58  20  16  25   6  26  22  10  56  86  33   9  93  45  65  12  83  39   5  ...  91  46  15  66  11  43  42   2  78  17  21  49  74  85  41  80  71   1  69  94
37  18  58  20  16  25   6  26  22  10  56  86  33   9  93  45  65  12  83  39   5  ...  91  46  15  66  43  11  42   2  78  17  21  49  74  85  41  80  71   1  69  94
38  18  58  20  16  25   6  26  22  10  56  86  33   9  93   8  65  12  45  83  39  ...  91  46  15  66  43  51   1  69  42  23  78  17  21  49  74  85  41  80  71  94
39  18  58  20  16  25   6  26  22  10  56  86  33   9  93  45  65  12  83  39   5  ...  88   8  91  66  43  42  11   2  78  17  21  49  74  85  41  80  71   1  69  94
40  18  58  20  16  25   6  26  22  28  10  56  86  33   9  93  45  65  12  83  39  ...  91  46  15  66  43  51   1  69  42  23  78  17  21  49  74  85  41  80  71  94
41  18  58  20  16  25   6  26  22  10  56  86  33   9  93  45  65  12  83  39   5  ...  66  43  88  91  42  11   2  78   4  17  21  15  49   8  74  85  41  80  71  94
42  18  58  20  16  25   6  26  22  10  56  86  33   9  93  45  65  12  83  39   5  ...  91  46  79  66  43  42  11   2  78  17  21  49  74  85  41  80  71   1  69  94
43  18  58  20  16  25   6  26  22  10  56  86  33   9  93  45  65  12  83  39   5  ...   8  91  46  15  66  43   1  69  42  23  78  17  21  49  74  85  41  80  71  94
44  18  58  20  16  25   6  26  22  10  56  86  33   9  93   8  65  12  45  83  39  ...  91  46  15  66  43  11  42   2  78  17  21  49  74  85  41  80  71   1  69  94
45  18  58  20  16  25   6  26  22  28  10  56  86  33   9  93  45  65  12  83  39  ...  91  66  46  79  43  11  42   2  78  17  21  49  74  85  41  80  71   1  69  94
46  18  58  20  16  25   6  26  22  10  56  86  33   9  93  45  65  12  83  39   5  ...  91  46  15  79  43  11  42   2  78  17  21   1  69  49  74  85  41  80  71  94
47  45  58  20  16  25   6  26  22  28  10  56  86  33   9  93  18  65  12  83  39  ...   8  91  15  66  43  42  11   2  78  17  21  49  74  85  41  80  71   1  69  94
48  18  58  20  16  25   6  26  22  10  56  86  33   9  93  45  65  12  83  39   5  ...  23  91  46  15  66  43  42  78  51  17  21  49  74  85  41  80  71   1  69  94
49  18  58  20  16  25   6  26  22  10  56  86  33   9  93  45  65  12  83  39   5  ...  88  91  46  15  66  43  42   2  78  17  21  49  74  85  41  80  71   1  69  94

[50 rows x 98 columns] 


População final de genótipos (elitismo)
      0   1   2   3   4   5   6   7   8   9   10  11  12  13  14  15  16  17  18  19  ...  78  79  80  81  82  83  84  85  86  87  88  89  90  91  92  93  94  95  96  97
0    97  39  24  49  40  85  44  42  66  18  72  67  96  33  26  21  13  31   0  88  ...  43  77  58  29  65  57  91  23  37  27  78  82  56  55  19  25  11  16  62  87
1    97  39  24  49  40  85  44  42  66  18  72  67  96  33  26  21  13  31   0  88  ...  43  77  58  29  65  57  91  23  37  27  78  82  56  55  19  25  11  16  62  87
2    97  39  24  49  40  85  44  42  66  18  72  67  96  33  26  21  13  31   0  88  ...  43  77  58  29  65  57  91  23  37  27  78  82  56  55  19  25  11  16  62  87
3    97  39  24  49  40  85  44  42  66  18  72  67  96  33  26  21  13  31   0  88  ...  43  77  58  29  65  57  91  23  37  27  78  82  56  55  19  25  11  16  62  87
4    97  39  24  49  40  85  44  42  66  18  72  67  96  33  26  21  13  31   0  88  ...  43  77  58  29  65  57  91  23  37  27  78  82  56  55  19  25  11  16  62  87
..   ..  ..  ..  ..  ..  ..  ..  ..  ..  ..  ..  ..  ..  ..  ..  ..  ..  ..  ..  ..  ...  ..  ..  ..  ..  ..  ..  ..  ..  ..  ..  ..  ..  ..  ..  ..  ..  ..  ..  ..  ..
495  97  39  24  49  40  85  44  42  66  18  72  67  96  33  26  21  13  31   0  88  ...  43  77  58  29  65  57  91  23  37  27  78  82  56  55  19  25  11  16  62  87
496  97  39  24  49  40  85  44  42  66  18  72  67  96  33  26  21  13  31   0  88  ...  43  77  58  29  65  57  91  23  37  27  78  82  56  55  19  25  11  16  62  87
497  97  39  24  49  40  85  44  42  66  18  72  67  96  33  26  21  13  31   0  88  ...  43  77  58  29  65  57  91  23  37  27  78  82  56  55  19  25  11  16  62  87
498  97  39  24  49  40  85  44  42  66  18  72  67  96  33  26  21  13  31   0  88  ...  43  77  58  29  65  57  91  23  37  27  78  82  56  55  19  25  11  16  62  87
499  97  39  24  49  40  85  44  42  66  18  72  67  96  33  26  21  13  31   0  88  ...  43  77  58  29  65  57  91  23  37  27  78  82  56  55  19  25  11  16  62  87

[500 rows x 98 columns] 


População final de genótipos (torneio)
      0   1   2   3   4   5   6   7   8   9   10  11  12  13  14  15  16  17  18  19  ...  78  79  80  81  82  83  84  85  86  87  88  89  90  91  92  93  94  95  96  97
0    60  69  63  80  34  19  46  88   0  17  31  26  57  91  37  64  28  54  14   7  ...  90  53  35  41  10  52   4  75  70  79  45  15  82  78  92  13  21  27   6  55
1    19  69  63  80  34  60  46  88   0  17  92  26  57  91  37  64  28  54  14   7  ...  90  53  35  41  10  52   4  75  70  79  45  15  82  78  31  13  21  27   6  55
2    19  69  63  80  34  60  46  88   0  17  92  26  57  91  37  64  28  54  14   7  ...  90  53  35  41  10  52   4  75  70  79  45  15  82  78  31  13  21  27   6  55
3    19  69  63  80  34  60  46  88   0  17  92  26  57  91  37  64  28  54  14   7  ...  90  53  35  41  10  52   4  75  70  79  45  15  82  78  31  13  21  27   6  55
4    19  69  63  80  34  60  46  88   0  17  92  26  57  91  37  64  28  54  14   7  ...  90  53  35  41  10  52   4  75  70  79  45  15  82  78  31  13  21  27   6  55
..   ..  ..  ..  ..  ..  ..  ..  ..  ..  ..  ..  ..  ..  ..  ..  ..  ..  ..  ..  ..  ...  ..  ..  ..  ..  ..  ..  ..  ..  ..  ..  ..  ..  ..  ..  ..  ..  ..  ..  ..  ..
495  19  69  63  80  34  60  46  88   0  17  92  26  57  91  37  64  28  54  14   7  ...  90  53  35  41  10  52   4  75  70  79  45  15  82  78  31  13  21  27   6  55
496  19  69  63  80  34  60  46  88   0  17  92  26  57  91  37  64  28  54  14   7  ...  52   4  53  35  41  10  90  75  70  79  45  15  82  78  31  13  21  27   6  55
497  19  69  63  80  34  60  46  88   0  17  92  26  57  91  37  64  28  54  14   7  ...  90  53  35  41  10  52   4  75  70  79  45  15  82  78  31  13  21  27   6  55
498  19  69  63  80  34  60  46  88   0  17  92  26  57  91  37  64  28  54  14   7  ...  90  53  35  41  10  52   4  75  70  79  45  15  82  78  31  13  21  27   6  55
499  19  69  63  80  34  60  46  88   0  17  92  26  57  91  37  64  28  54  14   7  ...  52   4  53  35  41  10  90  75  70  79  45  15  82  78  31  13  21  27   6  55

[500 rows x 98 columns] 


População final de genótipos (elitismo)
     0   1   2   3   4   5   6   7   8   9   10  11  12  13  14  15  16  17  18  19  ...  78  79  80  81  82  83  84  85  86  87  88  89  90  91  92  93  94  95  96  97
0   18  44  74  47   5  53  83  11  43  82  37  97  62  36  30  56  50  12  69  91  ...  94  68  70  22  95  79  42  87  89  57  21  61   9   7  64  25  81  84   1  66
1   18  44  74  47   5  53  83  11  43  82  37  97  62  51  36  30  85  50  12  69  ...  94  68  70  22  95  79  42  87  89  57  21  61   9   7  64  25  81  84   1  66
2   18  44  74  47   5  53  83  11  43  82  37  97  62  36  30  85  56  50  12  69  ...  68  70  33  22  95  79  42  87  89  57  21  61   9   7  64  25  81  84   1  66
3   18  44  74  47   5  53  83  11  43  77  37  97  62  36  30  85  50  12  69  91  ...  94  68  70  22  95  79  42  87  89  57  21  61   9   7  64  25  81  84   1  66
4   18  44  74  47   5  53  83  11  43  77  37  97  62  36  30  85  50  12  69  91  ...  94  68  70  22  95  79  42  87  89  57  21  61   9   7  64  25  81  84   1  66
5   18  44  74  47   5  53  83  11  43  77  37  97  62  36  30  85  50  12  69  91  ...  94  68  70  22  95  79  42  87  89  57  21  61   9   7  64  25  81  84   1  66
6   18  44  74  47   5  53  83  11  43  77  37  97  62  36  30  85  50  12  69  91  ...  94  68  70  22  95  79  42  87  89  57  21  61   9   7  64  25  81  84   1  66
7   18  44  74  47   5  53  83  11  43  77  37  97  62  36  30  85  50  12  69  91  ...  94  68  70  22  95  79  42  87  89  57  21  61   9   7  64  25  81  84   1  66
8   18  44  74  47   5  53  83  11  43  82  37  97  62  36  30  85  50  12  69  91  ...   3  94  68  70  22  95  79  87  89  57  21  61   9   7  64  25  81  84   1  66
9   18  44  74  47   5  53  83  11  43  82  37  97  62  36  30  85  50  12  69  91  ...   3  94  68  70  22  95  79  87  89  57  21  61   9   7  64  25  81  84   1  66
10  18  44  74  47   5  53  83  11  43  51  37  97  62  36  30  85  50  12  69  91  ...  94  68  70  22  95  79  42  87  89  57  21  61   9   7  64  25  81  84   1  66
11  18  44  74  47   5  53  83  11  43  82  37  97  62  36  30  85  50  12  69  91  ...  68  70  33  22  95  79  42  87  89  57  21  61   9   7  64  25  81  84   1  66
12  18  44  74  47   5  53  83  11  43  51  37  97  62  36  30  85  50  12  69  91  ...  94  68  70  22  95  79  42  87  89  57  21  61   9   7  64  25  81  84   1  66
13  18  44  74  47   5  53  83  11  43  51  37  97  62  36  30  85  50  12  69  91  ...  94  68  70  22  95  79  42  87  89  57  21  61   9   7  64  25  81  84   1  66
14  18  44  74  47   5  53  83  11  43  51  37  97  62  36  30  85  50  12  69  91  ...  94  68  70  22  95  79  42  87  89  57  21  61   9   7  64  25  81  84   1  66
15  18  44  74  47   5  53  83  11  43  77  37  97  62  36  30  85  50  12  69  91  ...  68  70  33  22  95  79  42  87  89  57  21  61   9   7  64  25  81  84   1  66
16  18  44  74  47   5  53  83  11  43  82  37  97  62  36  30  85  50  12  69  91  ...  94  68  70  22  95  79  42  87  89  57  21  61   9   7  64  25  81  84   1   8
17  18  44  74  47   5  53  83  11  43  77  37  97  62  36  30  85  50  12  69  91  ...  94  68  70  22  95  79  42  87  89  57  21  61   9   7  64  25  81  84   1  66
18  18  44  74  47   5  53  83  11  43  82  37  97  62  36  30  85  56  50  12  69  ...  94  68  70  22  95  79  42  87  89  57  21  61   9   7  64  25  81  84   1  66
19  18  44  74  47   5  53  83  11  43  82  37  97  62  36  30  85  56  50  12  69  ...  94  68  70  22  95  79  42  87  89  57  21  61   9   7  64  25  81  84   1  66
20  18  44  74  47   5  53  83  11  43  51  37  97  62  36  30  85  50  12  69  91  ...  94  68  70  22  95  79  42  87  89  57  21  61   9   7  64  25  81  84   1  66
21  18  44  74  47   5  53  83  11  43  82  37  97  62  36  30  85  50  12  69  91  ...  94  68  70  22  95  79  42  87  89  57  21  61   9   7  64  25  81  84   1  66
22  18  44  74  47   5  53  83  11  43  82  37  97  62  36  30  85  50  12  69  91  ...  94  68  70  22  95  79  42  87  89  57  21  61   9   7  64  25  13  84   1  66
23  18  44  74  47   5  53  83  11  43  82  37  97  62  36  30  85  50  12  69  91  ...  94  68  70  22  95  79  42  87  89  57  21  61   9   7  64  25  81  84   1  66
24  18  44  74  47   5  53  83  11  43  82  37  97  62  36  30  85  50  12  69  91  ...  94  68  70  22  95  79  42  87  89  57  21  61   9   7  64  25  81  84   1  66
25  18  44  74  47   5  53  83  11  43  82  37  97  62  36  30  85  50  12  69  91  ...  94  68  70  22  95  79  42  87  89  57  21  61   9   7  64  25  81  84   1  66
26  18  44  74  47   5  53  83  11  43  82  37  97  62  36  30  85  50  12  69  91  ...  94  68  70  22  95  79  42  87  89  57  21  61   9   7  64  25  81  84   1  66
27  18  44  74  47   5  53  83  11  43  82  37  97  62  36  30  85  50  12  69  91  ...   3  94  68  70  22  95  79  87  89  57  21  61   9   7  64  25  81  84   1  66
28  18  44  74  47   5  53  83  11  43  82  37  97  62  36  30  85  50  12  69  91  ...  94  68  70  22  95  79  42  87  89  57  21  61   9   7  64  25  81  84   1  66
29  18  44  74  47   5  53  83  11  43  51  37  97  62  36  30  85  82  50  12  69  ...  94  68  70  22  95  79  42  87  89  57  21  61   9   7  64  25  81  84   1  66
30  18  44  74  47   5  53  83  11  43  82  37  97  62  36  30  85  56  50  12  69  ...  94  68  70  22  95  79  42  87  89  57  21  61   9   7  64  25  81  84   1  66
31  18  44  74  47   5  53  83  11  43  77  37  97  62  36  30  85  50  12  69  91  ...   3  94  68  70  22  95  79  87  89  57  21  61   9   7  64  25  81  84   1  66
32  18  44  74  47   5  53  83  11  43  82  37  97  62  36  30  85  50  12  69  91  ...   3  94  68  70  22  95  79  87  89  57  21  61   9   7  64  25  81  84   1  66
33  18  44  74  47   5  53  83  11  43  51  37  97  62  36  30  85  50  12  69  91  ...  94  68  70  22  95  79  42  87  89  57  21  61   9   7  64  25  81  84   1  66
34  18  44  74  47   5  53  83  11  43  82  37  97  62  36  30  85  50  12  69  91  ...  94  68  70  22  95  79  42  87  89  57  21  61   9   7  64  25  81  84   1  66
35  18  44  74  47   5  53  83  11  43  82  37  97  62  36  30  85  50  12  69  91  ...   3  94  68  70  22  95  79  87  89  57  21  61   9   7  64  25  81  84   1  66
36  18  44  74  47   5  53  83  11  43  51  37  97  62  36  30  85  50  12  69  91  ...  94  68  70  22  95  79  42  87  89  57  21  61   9   7  64  25  81  84   1  66
37  18  44  74  47   5  53  83  11  43  51  37  97  62  36  30  85  50  12  69  91  ...  94  68  70  22  95  79  42  87  89  57  21  61   9   7  64  25  81  84   1  66
38  18  44  74  47   5  53  83  11  43  51  37  97  62  36  30  85  50  12  69  91  ...  94  68  70  22  95  79  42  87  89  57  21  61   9   7  64  25  81  84   1  66
39  18  44  74  47   5  53  83  11  43  77  37  97  62  36  30  85  50  12  69  91  ...  94  68  70  22  95  79  42  87  89  57  21  61   9   7  64  25  81  84   1  66
40  18  44  74  47   5  53  83  11  43  82  37  97  62  36  30  56  50  12  69  91  ...  94  68  70  22  95  79  42  87  89  57  21  61   9   7  64  25  81  84   1  66
41  18  44  74  47   5  53  83  23  43  82  37  97  62  36  30  85  50  12  69  91  ...  94  68  70  22  95  79  42  87  89  57  21  61   9   7  64  25  81  84   1   8
42  18  44  74  47   5  53  83  11  43  77  37  97  62  36  30  85  50  12  69  91  ...  94  68  70  22  95  79  42  87  89  57  21  61   9   7  64  25  81  84   1  66
43  18  44  74  47   5  53  83  11  43  51  37  97  62  36  30  85  50  12  69  91  ...  94  68  70  22  95  79  42  87  89  57  21  61   9   7  64  25  81  84   1  66
44  18  44  74  47   5  53  83  11  43  82  37  97  62  36  30  85  50  12  69  91  ...  94  68  70  22  95  79  42  87  89  57  21  61   9   7  64  25  81  84   1  66
45  18  44  74  47   5  53  83  11  43  77  37  97  62  36  30  85  50  12  69  91  ...  94  68  70  22  95  79  42  87  89  57  21  61   9   7  64  25  81  84   1  66
46  18  44  74  47   5  53  83  11  43  51  37  97  62  36  30  85  50  12  69  91  ...  94  68  70  22  95  79  42  87  89  57  21  61   9   7  64  25  81  84   1  66
47  18  44  74  47   5  53  83  11  43  51  37  97  62  36  30  77  85  50  12  69  ...  94  68  70  22  95  79  42  87  89  57  21  61   9   7  64  25  81  84   1  66
48  18  44  74  47   5  53  83  11  43  82  37  97  62  36  30  85  50  12  69  91  ...   3  94  68  70  22  95  79  87  89  57  21  61   9   7  64  25  81  84   1  66
49  18  44  74  47   5  53  83  11  43  51  37  97  62  36  30  85  50  12  69  91  ...  68  70  33  22  95  79  42  87  89  57  21  61   9   7  64  25  81  84   1  66

[50 rows x 98 columns] 


População final de genótipos (torneio)
     0   1   2   3   4   5   6   7   8   9   10  11  12  13  14  15  16  17  18  19  ...  78  79  80  81  82  83  84  85  86  87  88  89  90  91  92  93  94  95  96  97
0   34  20  53  94   4  28   6  13  88  31  79  16  75  76  63  32  50  36  43  52  ...  70  87  90  12  56  73  58  67  39  97  42  46  27  37  64  47  38  18  66  84
1   34  20  53  94   4  36   6  88  13  31  79  16  75  76  63  32  50  52  51  82  ...  70  87  90  12  56  73  58  67  39  97  42  46  27  37  21  47  38  18  66  84
2   34  20  53  94   4  36   6  88  13  31  79  16  75  76  63  32  50  52  51  82  ...  70  87  90  12  56  73  58  67  39  97  42  46  27  37  21  47  38  18  66  84
3   34  20  53  94   4  36   6  88  13  31  79  16  75  76  63  32  50  52  51  82  ...  70  87  90  12  56  73  58  67  39  97  42  46  27  37  21  47  38  18  66  84
4   34  20  53  94   4  36   6  88  13  31  79  16  75  76  63  32  50  52  51  82  ...  70  87  90  12  56  73  58  67  39  97  42  46  27  37  21  47  38  18  66  84
5   34  20  53  94   4  36   6  88  13  31  79  16  75  76  63  32  50  52  51  43  ...  70  87  90  12  56  73  58  67  39  97  42  46  27  37  21  47  38  18  66  84
6   34  20  53  94   4  36   6  88  13  31  79  16  75  76  63  32  50  52  51  43  ...  70  87  90  12  56  73  58  67  39  97  42  46  27  37  21  47  38  18  66  84
7   34  20  53  94   4  36   6  88  13  31  79  16  75  76  63  32  50  52  51  82  ...  87  90  12  56  49  73  58  67  39  97  42  46  27  37  21  47  38  18  66  84
8   34  20  53  94   4  36   6  88  13  31  79  16  75  76  63  32  50  52  43  51  ...  70  87  90  12  56  73  58  67  39  97  42  46  27  37  21  47  38  18  66  84
9   34  20  53  94   4  36   6  88  13  31  79  16  75  76  63  32  50  52  43  51  ...  70  87  90  12  56  73  58  67  39  97  42  46  27  37  21  47  38  18  66  84
10  34  20  53  94   4  36   6  88  13  31  79  16  75  76  63  32  50  52  51  82  ...  70  87  90  12  56  73  58  67  39  97  42  46  27  37  21  47  38  18  66  84
11  34  20  53  94   4  36   6  88  43  79  16  75  76  63  32  50  13  31  52  51  ...  70  87  90  12  56  73  58  67  39  97  42  46  27  37  21  47  38  18  66  84
12  34  20  53  94   4  36   6  88  43  79  16  75  76  63  32  50  13  31  52  51  ...  70  87  90  12  56  73  58  67  39  97  42  46  27  37  21  47  38  18  66  84
13  34  20  53  94   4  36   6  88  43  79  16  75  76  63  32  50  13  31  52  51  ...  70  87  90  12  56  73  58  67  39  97  42  46  27  37  21  47  38  18  66  84
14  34  20  53  94   4  36   6  88  13  31  79  16  75  76  63  32  50  52  51  82  ...  70  87  90  12  56  73  58  67  39  97  42  46  27  37  21  47  38  71  66  84
15  34  20  53  94   4  36   6  88  13  43  79  16  75  76  63  32  50  31  52  51  ...  70  87  90  12  91  73  58  67  39  97  42  46  27  37  64  47  38  18  66  84
16  34  20  53  94   4  28   6  13  88  31  79  16  75  76  63  32  50  52  51  82  ...  70  87  90  12  56  73  58  67  39  97  42  46  27  37  21  47  38  18  66  84
17  34  20  53  94   4  36   6  88  43  79  16  75  76  63  32  50  13  31  52  51  ...  70  87  90  12  56  73  58  67  39  97  42  46  27  37  21  47  38  18  66  84
18  34  20  53  94   4  36   6  88  43  79  16  75  76  63  32  50  13  31  52  51  ...  70  87  90  12  56  73  58  67  39  97  42  46  27  37  21  47  38  18  66  84
19  34  20  53  94   4  36   6  88  43  79  16  75  76  63  32  50  13  31  52  51  ...  70  87  90  12  56  73  58  67  39  97  42  46  27  37  21  47  38  18  66  84
20  34  20  53  94   4  36   6  88  43  79  16  75  76  63  32  50  13  31  52  51  ...  70  87  90  12  56  73  58  67  39  97  42  46  27  37  21  47  38  18  66  84
21  34  20  53  94   4  13   6  88  31  79  16  75  76  63  32  50  52  51  82  41  ...  70  87  90  12  56  73  58  67  39  97  42  46  27  37  21  47  38  18  66  84
22  34  20  53  94   4  13   6  88  31  79  16  75  76  70  32  25  52  51  82  41  ...  63  87  90  12  56  73  58  67  39  97  42  46  27  37  21  47  38  18  66  84
23  34  20  53  94   4  36   6  88  43  79  16  75  76  63  32  50  13  31  52  51  ...  87  90  12  56  49  73  58  67  39  97  42  46  27  37  21  47  38  18  66  84
24  34  20  53  94   4  36   6  88  43  79  16  75  76  63  32  50  13  31  52  51  ...  70  87  90  12  56  73  58  67  39  97  42  46  27  85  21  47  38  18  66  84
25  34  20  53  94   4  36   6  88  13  31  79  16  75  76  63  32  50  52  51  82  ...  70  87  90  12  56  73  58  67  39  97  42  46  27  37  21  47  38  18  66  84
26  34  20  53  94   4  36   6  88  43  79  16  75  76  63  32  50  13  31  52  51  ...  70  87  90  12  56  73  58  67  39  97  42  46  27  37  21  47  38  18  66  84
27  34  20  53  94   4  13   6  88  31  79  16  75  76  63  32  50  52  51  82  41  ...  70  87  90  12  56  73  58  67  39  97  42  46  27  37  21  47  38  18  66  84
28  34  20  53  94   4  36   6  88  13  31  79  16  75  76  63  32  50  52  51  82  ...  87  90  12  56  49  73  58  67  39  97  42  46  27  37  21  47  38  18  66  84
29  34  20  53  94   4  36   6  88  43  79  16  75  76  63  32  50  13  31  52  51  ...  70  87  90  12  56  73  58  67  39  97  42  46  27  37  21  47  38  18  66  84
30  34  20  53  94   4  36   6  88  13  31  79  16  75  76  63  32  50  52  51  43  ...  70  87  90  12  56  73  58  67  39  97  42  46  27  37  21  47  38  18  66  84
31  34  20  53  94   4  36   6  88  13  31  79  16  75  76  63  32  50  52  51  82  ...  70  87  90  12  56  73  58  67  39  97  42  46  27  37  21  47  38  18  66  84
32  34  20  53  94   4  36   6  88  13  31  79  16  75  76  63  32  50  52  51  43  ...  70  87  90  12  56  73  58  67  39  97  42  46  27  37  21  47  38  18  66  84
33  34  20  53  94   4  36   6  88  13  31  79  16  75  76  63  32  50  52  51  82  ...  70  87  90  12  56  73  58  67  39  97  42  46  27  37  21  47  38  18  66  84
34  34  20  53  94   4  36   6  88  43  79  16  75  76  63  32  50  13  31  52  51  ...  70  87  90  12  56  73  58  67  39  97  42  46  27  37  21  47  38  18  66  84
35  34  20  53  94   4  36   6  88  13  31  79  16  75  76  63  32  50  52  51  82  ...  70  87  90  12  56  73  58  67  39  97  42  46  27  37  21  47  38  18  66  84
36  34  20  53  94   4  36   6  88  13  31  79  16  75  76  63  32  50  52  43  51  ...  70  87  90  12  56  73  58  67  39  97  42  46  27  37  21  47  38  18  66  84
37  34  20  53  94   4  36   6  88  13  31  79  16  75  76  63  32  50  52  51  82  ...  70  87  90  12  56  73  58  67  39  97  42  46  27  37  21  47  38  18  66  84
38  34  20  53  94   4  36   6  88  13  31  79  16  75  76  63  32  50  52  51  82  ...  70  87  90  12  91  73  58  67  39  97  42  46  27  37  64  47  38  18  66  84
39  34  20  53  94   4  36   6  88  13  31  79  16  75  76  63  32  50  52  51  82  ...  70  87  90  12  56  73  58  67  39  97  42  46  27  37  21  47  38  18  66  84
40  34  20  53  94   4  36   6  88  43  79  16  75  76  63  32  50  13  31  52  51  ...  70  87  90  12  56  73  58  67  39  97  42  46  27  37  21  47  38  18  66  84
41  34  20  53  94   4  13   6  88  31  79  16  75  76  63  32  50  52  51  82  41  ...  70  87  90  12  56  73  58  67  39  97  42  46  27  37  21  47  38  18  66  84
42  34  20  53  94   4  36   6  88  43  79  16  75  76  63  32  50  13  31  52  51  ...  70  87  90  12  56  73  58  67  39  97  42  46  27  37  21  47  38  18  66  84
43  34  20  53  94   4  36   6  88  43  79  16  75  76  63  32  50  13  31  52  51  ...   9  70  87  90  12  56  73  58  67  39  97  42  46  27  37  47  38  18  66  84
44  34  20  53  94   4  36   6  88  13  31  79  16  75  76  63  32  50  52  51  82  ...  70  87  90  12  56  73  58  67  39  97  42  46  27  37  21  47  38  18  66  84
45  34  20  53  94   4  36   6  88  43  79  16  75  76  63  32  50  13  31  52  51  ...  70  87  90  12  56  73  58  67  39  97  42  46  27  37  21  47  38  18  66  84
46  34  20  53  94   4  36   6  88  13  31  79  16  75  76  63  32  50  52  51  82  ...  70  87  90  12  56  73  58  67  39  97  42  46  27  37  21  47  38  18  66  84
47  34  20  53  94   4  36   6  88  13  31  79  16  75  76  63  32  50  52  51  43  ...  70  87  90  12  56  73  58  67  39  97  42  46  27  37  21  47  38  18  66  84
48  34  20  53  94   4  28   6  13  88  31  79  16  75  76  63  32  50  52  51  82  ...   9  70  87  90  12  56  73  58  67  39  97  42  46  27  37  47  38  18  66  84
49  34  20  53  94   4  36   6  88  43  79  16  75  76  63  32  50  13  31  52  51  ...  70  87  90  12  56  73  58  67  39  97  42  46  27  37  21  47  38  18  66  84

[50 rows x 98 columns] 


População final de genótipos (elitismo)
      0   1   2   3   4   5   6   7   8   9   10  11  12  13  14  15  16  17  18  19  ...  78  79  80  81  82  83  84  85  86  87  88  89  90  91  92  93  94  95  96  97
0    64  37  23  10  95  22  52  92   2  81  28  84  32  56  82  69  12  15  90  34  ...  67  51  48   3  75  93   1  70  50  83  62  16  40  74  19  25  54  86  59   6
1    64  37  23  10  95  22  52  92   2  59  28  84  32  56  82  69  12  15  90  34  ...  67  51  48   3  75  93   1  70  50  83  62  16  40  74  19  25  81  86  54   6
2    64  37  23  10  95  22  52  92   2  54  28  84  32  56  82  69  12  15  90  34  ...  67  51  48   3  75  93   1  70  50  83  62  16  40  74  19  25  81  86  59   6
3    64  37  23  10  95  22  52  92   2  54  28  84  32  56  82  69  12  15  90  34  ...  67  51  48   3  75  93   1  70  50  83  62  16  40  74  19  25  81  86  59   6
4    64  37  23  10  95  22  52  92   2  54  28  84  32  56  82  69  12  15  90  34  ...  67  51  48   3  75  93   1  70  50  83  62  16  40  74  19  25  81  86  59   6
..   ..  ..  ..  ..  ..  ..  ..  ..  ..  ..  ..  ..  ..  ..  ..  ..  ..  ..  ..  ..  ...  ..  ..  ..  ..  ..  ..  ..  ..  ..  ..  ..  ..  ..  ..  ..  ..  ..  ..  ..  ..
495  64  37  23  10  95  22  52  92   2  54  28  84  32  56  82  69  12  15  90  34  ...  67  51  48   3  75  93   1  70  50  83  62  16  40  74  19  25  81  86  59   6
496  64  37  23  10  95  22  52  92   2  54  28  84  32  56  82  69  12  15  90  34  ...  67  51  48   3  75  93   1  70  50  83  62  16  40  74  19  25  81  86  59   6
497  64  37  23  10  95  22  52  92   2  54  28  84  32  56  82  69  12  15  90  34  ...  67  51  48   3  75  93   1  70  50  83  62  16  40  74  19  25  81  86  59   6
498  64  37  23  10  95  22  52  92   2  54  28  84  32  56  82  69  12  15  90  34  ...  67  51  48   3  75  93   1  70  50  83  62  16  40  74  19  25  81  86  59   6
499  64  37  23  10  95  22  52  92   2  54  28  84  32  56  82  69  12  15  90  34  ...  67  51  48   3  75  93   1  70  50  83  62  16  40  74  19  25  81  86  59   6

[500 rows x 98 columns] 


População final de genótipos (torneio)
      0   1   2   3   4   5   6   7   8   9   10  11  12  13  14  15  16  17  18  19  ...  78  79  80  81  82  83  84  85  86  87  88  89  90  91  92  93  94  95  96  97
0    87  62   4  71  34  52  60  46  95  22  41  82  27  23   9  14   7  78  36  51  ...   1  47  61  17   0  31  21  13  26  89  50  75   5  53  94  76  80  88  45  58
1    87  62   4  71  34  52  60  46  95  22  41  82  27  23   9  14   7  78  36  51  ...   1  47  61  17   0  31  21  13  26  89  50  75   5  53  94  76  80  88  45  58
2    87  62   4  71  34  52  60  46  95  22  41  82  27  23   9  14   7  78  36  51  ...   1  47  61  17   0  31  21  13  26  89  50  75   5  53  94  76  80  88  45  58
3    62   4  71  34  60  46  52  95  22  41  82  27  23   9  14   7  78  36  51  90  ...   1  47  61  17   0  31  21  13  26  89  50  75   5  53  94  76  80  88  45  58
4    62   4  71  34  60  46  52  95  22  41  82  27  23   9  14   7  78  36  51  33  ...   1  47  61  17   0  31  21  13  26  89  50  75   5  53  94  76  80  88  45  58
..   ..  ..  ..  ..  ..  ..  ..  ..  ..  ..  ..  ..  ..  ..  ..  ..  ..  ..  ..  ..  ...  ..  ..  ..  ..  ..  ..  ..  ..  ..  ..  ..  ..  ..  ..  ..  ..  ..  ..  ..  ..
495  62   4  71  34  60  46  95  22  41  82  27  23   9  14   7  78  36  51  33  56  ...   1  47  61  17   0  31  21  13  26  89  50  75   5  53  94  76  80  88  45  58
496  87   4  71  34  52  46  95  22  41  82  27  23   9  14   7  78  36  51  33  56  ...   1  47  61  17   0  31  21  13  26  89  50  75   5  53  94  76  80  88  45  58
497  62   4  71  34  60  46  52  95  22  41  82  27  23   9  14   7  78  36  51  33  ...   1  47  61  17   0  31  21  13  26  89  50  75   5  53  94  76  80  88  45  58
498  62   4  71  34  52  46  95  22  41  82  27  23   9  14  60   7  78  36  51  33  ...   1  47  61  17   0  31  21  13  26  89  50  75   5  53  94  76  80  88  45  58
499  62   4  71  34  60  46  52  95  22  41  82  27  23   9  14   7  78  36  51  33  ...   1  47  61  17   0  31  21  13  26  89  50  75   5  53  94  76  80  88  45  58

[500 rows x 98 columns] 


Resultados - Comparação entre métodos heurísticos

Média elitismo -  2691.5971624764884
Média torneio -  2789.6923599614634
Média elitismo -  2237.421722334344
Média torneio -  2403.8217418551653


Pressione Enter para continuar



População final de genótipos (elitismo)
     0   1   2   3   4   5   6   7   8   9   10  11  12  13  14  15  16  17  18  19  ...  78  79  80  81  82  83  84  85  86  87  88  89  90  91  92  93  94  95  96  97
0    3  49  43  39  42  77  55  33  30  46  14  54  23  88  50  83  15  82  40  18  ...  52  89  79  12  62  11   6  91  13  45  85  72  58  71  27  59  67  95  17  73
1    3  49  43  39  42  77  55  33  30  46  14  54  23  88  50  83  15  82  40  18  ...  52  89  79  12  62  11   6  91  13  45  85  72  58  71  27  59  67  95  17  73
2    3  49  43  39  42  55  33  30  46  14  54  23  88  50  83  15  82  40  18  66  ...  95  17  22  52  27  96  24  58  11  71  70  90  12   6  91  13  85  64  59  73
3    3  49  43  39  42  77  55  33  30  76  14  57  23  88  50  83  15  82  40  18  ...  95  17  22  52  27  96  24  58  11  71  70  90  12   6  91  13  85  64  59  73
4    3  49  43  39  42  55  33  30  46  14  54  23  88  50  83  15  82  40  18  66  ...  52  89  79  12  62  11   6  91  13  45  85  72  58  71  27  59  67  95  17  73
5    3  49  43  39  42  77  55  33  30  76  14  57  23  88  50  83  46  54  15  82  ...   5  95  17  22  52  27  96  24  58  11  71  70  90  12   6  91  13  85  72  59
6    3  49  43  39  42  77  55  33  30  76  14  57  23  88  50  83  15  82  40  18  ...  89  79  35  90  22  52  12  62  71   6  91  13  72  58  11  27  59  95  17  73
7    3  49  43  39  42  55  33  30  46  14  54  23  88  50  83  15  82  40  18  66  ...  44  24   5  90  22  52  12  62  71   6  91  13  72  58  11  27  59  95  17  73
8    3  49  43  39  42  77  55  33  30  76  14  57  23  88  50  83  15  82  40  18  ...  52  89  79  12  62  11   6  91  13  45  85  72  58  71  27  59  67  95  17  73
9    3  49  43  39  42  77  55  33  30  76  14  57  23  88  50  83  15  82  40  18  ...  95  17  22  64  52  27  96  24  58  11  71  70  73  90  12   6  91  13  85  59
10   3  49  43  39  42  77  55  33  30  76  14  57  23  88  50  83  15  82  40  18  ...  95  17  22  52  27  96  24  58  11  71  70  90  12   6  91  13  85  64  59  73
11   3  49  43  39  42  77  55  33  30  76  14  57  23  88  50  83  15  82  40  18  ...  95  17  22  52  27  96  24  58  11  71  70  90  12   6  91  13  85  64  59  73
12   3  49  43  39  42  55  33  30  46  14  54  23  88  50  83  15  82  40  18  66  ...  24   5  90  22  52  12  62  71   6  91  13  85  72  58  11  27  59  95  17  73
13   3  49  43  39  42  77  55  33  30  76  14  57  23  88  50  83  15  82  40  18  ...   5  95  17  22  52  27  96  24  58  11  71  70  90  12   6  91  13  85  72  59
14   3  49  43  39  42  77  55  33  30  76  14  57  23  88  50  83  15  82  40  18  ...  17  22  52  69  70  96  24  90  12  71   6  91  13  85  72  58  11  27  59  73
15   3  49  43  39  42  55  33  30  46  14  54  23  88  50  83  15  82  40  18  66  ...  45  67  89  79  52  12  62  71   6  91  13  85  72  58  11  27  59  95  17  73
16   3  49  43  39  42  77  55  33  30  76  14  57  23  88  50  83  15  82  40  18  ...  17  22  52  27  96  24  58  11  71  70  46  90  12   6  91  13  85  72  59  73
17   3  49  43  39  42  77  55  33  30  76  14  57  23  88  50  83  15  82  40  18  ...  17  22  52  27  96  24  58  11  71  70  46  90  12   6  91  13  85  72  59  73
18   3  49  43  39  42  77  55  33  30  76  14  57  23  88  50  83  15  82  40  18  ...  17  22  52  27  96  24  58  11  71  70  46  90  12   6  91  13  85  72  59  73
19   3  49  43  39  42  77  55  33  30  76  14  57  23  88  50  83  15  82  40  18  ...  17  22  52  27  96  24  58  11  71  70  46  90  12   6  91  13  85  72  59  73
20   3  49  43  39  42  77  55  97  30  76  14  57  23  88  50  83  15  82  46  54  ...  95  17  22  52  27  96  24  58  11  71  70  73  90  12   6  91  13  85  72  59
21   3  49  69  39  42  77  55  97  30  76  14  57  23  88  50  83  15  82  46  54  ...  95  17  22  52  27  96  24  58  11  71  70  73  90  12   6  91  13  85  72  59
22   3  49  43  39  42  55  33  30  46  14  54  23  88  50  83  15  82  40  18  66  ...  22  52  89  79  12  62  71   6  91  13  85  72  58  11  67  95  17  27  59  73
23   3  49  43  39  42  55  33  30  46  14  54  23  88  50  83  15  82  40  18  66  ...  22  52  89  79  12  62  71   6  91  13  85  11  72  58  27  59  67  95  17  73
24   3  49  43  39  42  55  33  30  46  14  54  23  88  50  83  15  82  45  18  66  ...  52  89  79  12  62  71   6  91  13  40  85  72  58  11  27  59  67  95  17  73
25   3  49  43  39  42  77  55  33  30  76  14  57  23  88  50  83  15  82  40  18  ...  22  52  89  79  12  62  71   6  91  13  85  11  72  58  27  59  67  95  17  73
26   3  49  43  39  42  77  55  33  30  76  14  57  23  88  50  83  15  82  40  18  ...  95  17  22  64  52  27  96  24  58  11  71  70  73  90  12   6  91  13  85  59
27   3  49  43  39  42  77  55  33  30  76  14  57  23  88  50  83  15  82  40  18  ...  17  22  52  27  96  24  58  11  71  70  46  90  12   6  91  13  85  72  59  73
28   3  49  43  39  42  55  33  30  46  14  54  23  88  50  83  15  82  40  18  66  ...  95  17  22  52  27  96  24  58  11  71  70  90  12   6  91  13  85  64  59  73
29   3  49  43  39  42  77  55  97  30  76  14  57  23  88  50  83  15  82  46  54  ...  95  17  22  52  70  96  24  90  12  71   6  91  13  85  72  58  11  27  59  73
30   3  49  43  39  42  55  33  30  46  14  54  23  88  50  83  15  82  40  18  66  ...   5  95  17  22  52  27  96  24  58  11  71  90  12   6  91  13  85  72  59  73
31   3  49  43  39  42  77  55  33  30  76  14  57  23  88  50  83  15  82  44  18  ...   5  95  17  22  52  70  96  24  90  12  71   6  91  13  85  58  11  27  59  73
32   3  49  43  39  42  55  33  30  46  14  54  77  76  57  23  88  50  83  15  82  ...  17  22  52  69  70  96  24  90  12  71   6  91  13  85  72  58  11  27  59  73
33   3  49  43  39  42  77  55  33  30  76  14  57  23  88  50  83  15  82  40  18  ...  89  79  35  90  22  52  12  62  71   6  91  13  72  58  11  27  59  95  17  73
34   3  49  43  39  42  77  55  33  30  46  14  54  23  88  50  83  15  82  40  18  ...   5  95  17  22  52  27  96  24  58  11  71  70  90  12   6  91  13  85  72  59
35   3  49  43  39  42  77  55  33  30  76  14  57  23  88  50  83  15  82  40  18  ...  95  17  22  52  27  96  24  58  11  71  70  90  12   6  91  13  85  64  59  73
36   3  49  43  39  42  77  55  33  30  76  14  57  23  88  50  83  46  54  15  82  ...   5  95  17  22  52  27  96  24  58  11  71  70  90  12   6  91  13  85  72  59
37   3  49  43  39  42  77  55  33  30  76  14  57  23  88  50  83  15  82  40  18  ...   5  95  17  22  52  27  96  24  58  11  71  70  90  12   6  91  13  85  72  59
38   3  49  43  39  42  77  55  33  30  76  14  57  23  88  50  83  15  82  40  18  ...  22  52  89  79  12  62  71   6  91  13  85  72  58  11  67  95  17  27  59  73
39   3  49  43  39  42  55  33  30  46  14  54  23  88  50  83  15  82  40  18  66  ...  22  52  89  79  12  62  71   6  91  13  85  11  72  58  27  59  67  95  17  73
40   3  49  43  39  42  55  33  30  46  14  54  23  88  50  83  15  82  40  18  66  ...   5  95  17  22  52  70  96  24  90  12  71   6  91  13  85  58  11  27  59  73
41   3  49  43  39  42  77  55  33  30  76  14  57  23  88  50  83  15  82  40  18  ...  52  89  79  12  62  11   6  91  13  45  85  72  58  71  27  59  67  95  17  73
42   3  49  43  39  42  77  55  33  30  76  14  57  23  88  50  83  15  82  40  18  ...  95  17  22  52  27  96  24  58  11  71  70  90  12   6  91  13  85  64  59  73
43   3  49  43  39  42  55  33  30  46  14  54  23  88  50  83  15  82  40  18  66  ...  22  52  89  79  12  62  71   6  91  13  85  11  72  58  27  59  67  95  17  73
44   3  49  43  39  42  77  55  33  30  76  14  57  23  88  50  83  15  82  40  18  ...  22  52  89  79  12  62  71   6  91  13  85  11  72  58  27  59  67  95  17  73
45   3  49  43  39  42  77  55  33  30  46  14  54  23  88  50  83  15  82  40  18  ...  52  89  79  12  62  11   6  91  13  45  85  72  58  71  27  59  67  95  17  73
46   3  49  43  39  42  77  55  33  30  46  14  54  23  88  50  83  15  82  40  18  ...  52  89  79  12  62  11   6  91  13  45  85  72  58  71  27  59  67  95  17  73
47   3  49  43  39  42  55  33  30  46  14  54  23  88  50  83  15  82  40  18  66  ...  45  67  89  79  52  12  62  71   6  91  13  85  72  58  11  95  17  27  59  73
48   3  49  43  39  42  77  55  33  30  76  14  57  23  88  50  83  15  82  40  18  ...  17  22  52  27  96  24  58  11  71  46  70  90  12   6  91  13  85  72  59  73
49   3  49  43  39  42  77  55  33  30  76  14  57  23  88  50  83  15  82  40  18  ...  17  22  52  27  96  24  58  11  71  70  46  90  73  12   6  91  13  85  72  59

[50 rows x 98 columns] 


População final de genótipos (elitismo)
     0   1   2   3   4   5   6   7   8   9   10  11  12  13  14  15  16  17  18  19  ...  78  79  80  81  82  83  84  85  86  87  88  89  90  91  92  93  94  95  96  97
0   96  67  46  60  78   7  63  95  51  56  33  23   9  27  32  74  65  80  87  44  ...  47   3  48  38  76  34  79  25  41  72  12  52  14  75  93   5  22  20  42  11
1   96  67  46  60  78   7  63  95  51  56  33  23   9  27  32  74  65  80  87  44  ...   3  48  38  76  34  79  25  41  72  12  52  14  61  47  75  93  22  20  42  11
2   96  67  46  60  30   7  63  95  51  56  33  37   9  27  32  74  65  80  87  44  ...   3  48  38  76  34  79  25  41  72  12  52  14  61  47  75  93  22  20  42  11
3   96  67  46  60  78   7  63  95  51  56  33  23   9  27  32  74  65  80  87  44  ...   3  48  38  76  34  79  25  41  72  12  52  14  61  47  75  93  22  20  42  11
4   96  67  46  60  78   7  63  95  51  56  33  23   9  27  32  74  65  80  87  44  ...   3  48  38  76  34  79  25  41  72  12  52  14  61  47  75  93  22  20  42  11
5   96  67  46  60  78   7  63  95  51  56  33  23   9  27  32  74  65   5  87  44  ...  47   3  48  38  76  34  79  25  41  72  12  52  14  75  93  80  22  20  42  11
6   96  67  46  60  30   7  63  95  51  56  33  23   9  27  32  74  65  80  87  44  ...  47   3  48  38  76  34  79  25  41  72  12  52  14  75  93   5  22  20  42  11
7   96  67  46  82  78   7  63  95  51  56  33  23   9  27  32  74  65  80  87  44  ...  47   3  48  38  76  34  79  25  41  72  12  52  14  75  93   5  22  20  42  11
8   96  67  46  60  78   7  63  95  51  56  33  23   9  27  32  74  65  80  87  44  ...  47   3  48  38  76  34  79  25  41  72  12  52  14  75  93   5  22  20  42  11
9   96  67  46  60  78   7  63  95  51  56  33  23   9  27  32  74  65  80  87  44  ...  47   3  48  38  76  34  79  25  41  72  12  52  14  75  93   5  22  20  42  11
10  96  67  46  60  78   7  63  95  51  56  33  23   9  27  32  74  65  80  87  44  ...  47   3  48  38  76  34  79  25  41  72  12  52  14  75  93   5  22  20  42  11
11  96  67  46  60  78   7  63  95  51  56  33  23   9  27  32  74  65  80  87  44  ...  47   3  48  38  76  34  79  25  41  72  12  52  14  75  93   5  22  20  42  11
12  96  67  46  60  78   7  63  95  51  56  33  23   9  27  32  74  65  80  87  44  ...  47   3  48  38  76  34  79  25  41  72  12  52  14  75  93   5  22  20  42  11
13  96  67  46  60  78   7  63  95  51  56  33  23   9  27  32  74  65  80  87  44  ...  47   3  48  38  76  34  79  25  41  72  12  52  14  75  93   5  22  20  42  11
14  96  67  46  60  78   7  63  95  51  56  33  23   9  27  32  74  65  80  87  44  ...  47   3  48  38  76  34  79  25  41  72  12  52  14  75  93   5  22  20  42  11
15  96  67  46  60  78   7  63  95  51  56  33  23   9  27  32  74  65  80  87  44  ...  47   3  48  38  76  34  79  25  41  72  12  52  14  75  93   5  22  20  42  11
16  96  67  46  60  78   7  63  95  51  56  33  23   9  27  32  74  65  80  87  44  ...  47   3  48  38  76  34  79  25  41  72  12  52  14  75  93   5  22  20  42  11
17  96  67  46  60  74   7  63  95  51  56  33  23   9  27  32  78  65  80  87  44  ...  47   3  48  38  76  34  79  25  41  72  12  52  14  75  93   5  22  20  42  11
18  96  67  46  60  78   7  63  95  51  56  33  23   9  27  32  74  65  80  87  44  ...  47   3  48  38  76  34  79  25  41  72  12  52  14  75  93   5  22  20  42  11
19  96  67  46  60  78   7  63  95  51  56  33  23   9  27  32  74  65  80  87  44  ...  47   3  48  38  76  34  79  25  41  72  12  52  14  75  93   5  22  20  42  11
20  96  67  46  60  78   7  63  95  51  56  33  23   9  27  32  74  65  80  87  44  ...  47   3  48  38  76  34  79  25  41  72  12  52  14  75  93   5  22  20  42  11
21  96  67  46  60  78   7  63  95  51  56  33  23   9  27  32  74  65  80  87  44  ...  47   3  48  38  76  34  79  25  41  72  12  52  14  75  93   5  22  20  42  11
22  96  67  46  60  78   7  63  95  51  56  33  23   9  27  32  74  65  80  87  44  ...  47   3  48  38  76  34  79  25  41  72  12  52  14  75  93   5  22  20  42  11
23  96  67  46  60   8   7  63  95  51  56  33  23   9  27  32  74  65  80  87  44  ...  47   3  48  38  76  34  79  25  41  72  12  52  14  75  93   5  22  20  42  11
24  96  67  46  60  78   7  63  95  51  56  33  23   9  27  32  74  65  80  87  44  ...  47   3  48  38  76  34  79  25  41  72  12  52  14  75  93   5  22  20  42  11
25  96  67  46  60  78   7  63  95  51  56  33  23   9  27  32  74  65  80  87  44  ...  47   3  48  38  76  34  79  25  41  72  12  52  14  75  93   5  22  20  42  11
26  96  67  46  60  78   7  63  95  51  56  33  23   9  27  32  74  65  80  87  44  ...   3  48  38  76  34  79  25  41  72  12  52  14  61  47  75  93  22  20  42  11
27  96  67  46  60  78   7  63  95  51  56  33  23   9  27  32  74  65  80  87  44  ...  47   3  48  38  76  34  79  25  41  72  12  52  14  75  93   5  22  20  42  11
28  96  67  46  60  78   7  63  95  51  56  33  23   9  27  32  74  65  80  87  44  ...   3  48  38  76  34  79  25  41  72  12  52  14  61  47  75  93  22  20  42  11
29  96  67  46  60  78   7  63  95  51  56  33  23   9  27  32  74  65  80  87  44  ...  47   3  48  38  76  34  79  25  41  72  12  52  14  75  93   5  22  20  42  11
30  96  67  46  60  78   7  63  95  51  56  33  23   9  27  32  74  65  80  87  44  ...  47   3  48  38  76  34  79  25  41  72  12  52  14  75  93   5  22  20  42  11
31  96  67  46  60  78   7  63  95  51  56  33  23   9  27  32  74  65  80  87  44  ...  47   3  48  38  76  34  79  25  41  72  12  52  14  75  93   5  22  20  42  11
32  96  67  46  60  78   7  63  95  51  56  33  23   9  27  32  74  65   5  87  80  ...  61  47   3  48  38  76  34  79  25  41  72  12  52  14  75  93  22  20  42  11
33  96  67  46  60  78   7  63  95  51  56  33  23   9  27  32  74  65  80  87  44  ...  47   3  48  38  76  34  79  25  41  72  12  52  14  75  93   5  22  20  42  11
34  96  67  46  60  78   7  63  95  51  56  33   3   9  27  32  74  65  80  87  44  ...  47  23  48  38  76  34  79  25  41  72  12  52  14  75  93   5  22  20  42  11
35  96  67  46  60  78   7  63  95  51  56  33  23   9  27  32  74  65  80  87  44  ...   3  48  38  76  34  79  25  41  72  12  52  14  61  47  75  93  22  20  42  11
36  96  67  46  60  78   7  63  95  51  56  33  23   9  27  32  74  65   5  87  44  ...  61  47   3  48  38  76  34  79  25  41  72  12  52  14  75  93  22  20  42  11
37  96  67  46  60  78   7  63  95  51  56  33  23   9  27  32  74  65  80  87  44  ...  47   3  48  38  76  34  79  25  41  72  12  52  14  75  93   5  22  20  42  11
38  96  67  46  60  78   7  63  95  51  56  33  23   9  27  32  74  65  80  87  44  ...   3  48  38  76  34  79  25  41  72  12  52  14  61  47  75  93  22  20  42  11
39  96  67  46  60  78   7  63  95  51  56  33  23   9  27  32  74  65  80  87  44  ...  47   3  48  38  76  34  79  25  41  72  12  52  14  75  93   5  22  20  42  11
40  96  67  46  60  78   7  63  95  51  56  33  23   9  27  32  74  65  80  87  44  ...  47   3  48  38  76  34  79  25  41  72  12  52  14  75  93   5  22  20  42  11
41  96  67  46  60  78   7  63  95  51  56  33  23   9  27  32  74  65  80  87  44  ...   3  48  38  76  34  79  25  41  72  12  52  14  61  47  75  93  22  20  42  11
42  96  67  46  60  78   7  63  95  51  56  33  23   9  27  32  74  65  80  87  44  ...  47   3  48  38  76  34  79  25  41  72  12  52  14  75  93   5  22  20  42  11
43  96  67  46  60  78   7  63  95  51  56  33  23   9  27  32  74  65  80  87  44  ...  47   3  48  38  76  34  79  25  41  72  12  52  14  75  93   5  22  20  42  11
44  96  67  46  60  78   7  63  95  51  56  33  23   9  27  32  74  65  80  30  87  ...   3  48  38  76  34  79  25  41  72  12  52  14  61  47  75  93  22  20  42  11
45  96  67  46  60  78   7  63  95  51  56  33  23   9  27  32  74  65  80  87  44  ...  47   3  48  38  76  34  79  25  41  72  12  52  14  75  93   5  22  20  42  11
46  96  67  46  60  78   7  63  95  51  56  33  23   9  27  32  74  65  80  87  44  ...  47   3  48  38  76  34  79  25  41  72  12  52  14  75  93   5  22  20  42  11
47  96  67  46  60  78   7  63  95  51  56  33  23   9  27  32  74  65  80  87  44  ...  47   3  48  38  76  34  79  25  41  72  12  52  14  75  93   5  22  20  42  11
48  96  67  46  60  78   7  63  95  51  56  33  23   9  27  32  74  65  80  87  44  ...  47   3  48  38  76  34  79  25  41  72  12  52  14  75  93   5  22  20  42  11
49  96  67  46  82  78   7  63  95  51  56  33  23   9  27  32  74  65  80  87  44  ...   3  48  38  76  34  79  25  41  72  12  52  14  61  47  75  93  53  20  42  11

[50 rows x 98 columns] 


População final de genótipos (elitismo)
     0   1   2   3   4   5   6   7   8   9   10  11  12  13  14  15  16  17  18  19  ...  78  79  80  81  82  83  84  85  86  87  88  89  90  91  92  93  94  95  96  97
0   55  59  14   0   1  61  34  73  53  78  10  15  88  31  45  92  46  27  85  51  ...  77  57  17  64  54  81  28  23  22   7  24  66  71  94  86  21  13  79  48  93
1   55  59  14   0   1  61  34  73  94  78  10  15  88  31  45  92  46  27  90  51  ...  50  77  56  57  17  64  54  81  28  23  22   7  24  71  86  21  13  79  48  93
2   55  59  14   0   1  61  34  73  53  78  10  15  88  31  45  92  46  27  90  51  ...  77  57  17  64  54  81  28  23  22   7  24  66  71  94  86  21  13  79  48  93
3   55  59  14   0   1  61  34  73  53  78  10  15  88  31  45  92  46  27  90  51  ...  77  57  17  64  54  81  28  23  22   7  24  66  71  94  86  21  13  79  48  93
4   55  59  25  34   1  61  73  53  78  10  15  88  31  45   0  92  46  14  27  90  ...  44  50  77  57  17  64  54  81  28  23  22   7  24  71  86  21  13  79  48  93
5   55  59  25  34   1  61  73  53  78  10  15  88  31  45   0  92  46  14  27  90  ...  44  50  77  57  17  64  54  81  28  23  22   7  24  71  86  21  13  79  48  93
6   55  59  25  34   1  61  73  53  78  10  15  88  31  45   0  92  46  14  27  90  ...  44  50  77  57  17  64  54  81  28  23  22   7  24  71  86  21  13  79  48  93
7   55  59  25  34   1  61  73  53  78  10  15  88  31  45   0  92  46  76  90  51  ...  50  77  57  17  64  54  81  28  23  22   7  24  71  94  86  21  13  79  48  93
8   55  59  14   0   1  61  34  73  94  78  10  15  88  31  17  92  46  27  90  51  ...  50  77  57  45  64  54  81  28  23  22   7  24  71  56  86  21  13  79  48  93
9   55  59  25  34   1  61  73  53  78  10  15  88  31  45   0  92  46  76  90  51  ...  77  57  17  64  54  81  28  23  22   7  24  71  94  86  56  21  13  79  12  93
10  55  59  25  34   1  61  73  53  78  10  15  88  31  45   0  92  46  76  90  51  ...  77  57  17  64  54  81  28  23  22   7  24  71  94  86  56  21  13  79  48  93
11  55  59  25  34   1  61  73  53  78  10  15  88  31  45   0  92  46  76  90  51  ...  77  57  17  64  54  81  28  23  22   7  24  71  94  86  56  21  13  79  48  93
12  55  59  25  34   1  61  73  53  78  10  15  88  31  45   0  92  46  76  90  51  ...  77  57  17  64  54  81  28  23  22   7  24  71  94  86  56  21  13  79  48  93
13  55  59  25  34   1  61  73  53  78  10  15  88  31  45   0  92  46  76  90  51  ...  77  57  17  64  54  81  28  23  22   7  24  71  94  86  56  21  13  79  48  93
14  55  59  25  34   1  61  73  53  78  10  15  88  31  45   0  92  46  76  90  51  ...  77  57  17  64  54  81  28  23  22  27  24  71  94  86  56  21  13  79  48  93
15  55  59  14   0   1  61  34  73  94  78  10  15  88  31  45  92  46  27  90  51  ...  50  77  57  17  64  54  81  28  23  22   7  24  71  86  56  21  13  79  48  93
16  55  59  25  34   1  61  73  53  78  10  15  88  31  45   0  92  46  76  90  51  ...  77  57  17  64  54  81  28  23  22   7  24  71  94  86  66  21  13  79  48  93
17  55  59  14   0   1  61  34  73  94  78  10  15  88  31  45  92  46  27  90  51  ...  50  77  57  17  64  54  81  28  23  22   7  24  66  71  86  21  13  79  48  93
18  55  59  14   0   1  61  34  73  94  78  10  15  88  31  17  92  46  27  90  51  ...  50  77  57  45  64  54  81  28  23  22   7  24  71  86  56  21  13  79  48  93
19  55  59  14   0   1  61  34  73  94  78  10  15  88  31  17  92  46  27  90  51  ...  50  77  57  45  64  54  81  28  23  22   7  24  71  86  56  21  13  79  48  93
20  55  59  14   0   1  61  34  73  94  78  10  15  88  31  17  92  46  27  90  51  ...  50  77  57  45  64  54  81  28  23  22   7  24  71  86  56  21  13  79  48  93
21  55  59  14   0   1  61  34  73  94  78  10  15  88  31  45  92  46  27  90  51  ...  50  77  57  17  64  54  81  28  23  22   7  24  71  86  56  21  13  79  48  93
22  55  59  14   0   1  61  34  73  94  37  10  15  88  31  45  92  46  27  90  51  ...  50  77  57  17  64  54  81  28  23  22   7  24  71  86  56  21  13  79  48  93
23  55  59  14   0   1  61  34  73  94  78  10  15  88  31  45  92  46  27  90  51  ...  50  77  57  17  64  54  81  28  23  22   7  24  71  95  56  21  13  79  48  93
24  55  59  25  34   1  61  73  53  78  10  15  88  31  45   0  92  46  76  90  51  ...  35  50  77  57  17  64  54  81  28  23  22   7  24  71  86  21  13  79  48  93
25  55  59  14   0   1  61  34  73  94  78  10  15  88  31  45  92  46  27  90  51  ...  44  50  77  57  64  54  81  28  23  22   7  24  71  86  56  21  13  79  48  93
26  55  59  25  34   1  61  73  53  78  10  15  88  31  45   0  92  46  76  90  51  ...  77  57  17  64  54  81  28  23  22   7  24  71  94  86  56  21  13  79  48  93
27  55  59  14   0   1  61  34  73  94  78  10  15  88  31  45  92  46  27  90  51  ...  50  77  57  17  64  54  81  28  23  22   7  24  66  71  86  21  13  79  48  93
28  55  59  25  34   1  61  73  53  78  10  15  88  31  45   0  92  46  14  27  90  ...  48  44  50  77  57  17  64  54  81  28  23  22   7  24  71  86  21  13  79  93
29  55  59  25  34   1  61  73  53  78  10  15  88  31  45   0  92  46  76  90  51  ...  77  57  17  64  54  81  28  23  22   7  24  66  71  94  86  21  13  79  48  93
30  55  59  14   0   1  61  34  73  53  78  10  15  88  31  45  92  46  27  90  51  ...  44  50  77  57  17  64  54  81  28  23  22   7  24  71  86  21  13  79  48  93
31  55  59  25  34   1  61  73  53  78  10  15  88  31  45   0  92  46  14  27  90  ...  44  50  77  57  17  64  54  81  28  23  22   7  24  71  86  21  13  79  48  93
32  55  59  14   0   1  61  34  73  94  78  10  15  88  31  45  92  46  27  90  51  ...  50  77  57  17  64  54  81  28  23  22   7  24  71  86  56  21  13  79  48  93
33  55  59  25  34   1  61  73  53  78  10  15  88  31  45   0  92  46  76  90  51  ...  77  57  17  64  54  81  28  23  22   7  24  71  94  86  56  21  13  79  12  93
34  55  59  14   0   1  61  34  73  94  78  10  15  88  31  17  92  46  27  90  51  ...  44  50  77  57  64  54  81  28  23  22   7  24  66  71  86  21  13  79  48  93
35  55  59  25  34   1  61  73  53  78  10  15  88  31  45   0  92  46  76  90  51  ...  50  77  57  17  64  54  81  28  23  22   7  24  71  94  86  21  13  79  48  93
36  55  59  25  34   1  61  73  53  78  10  15  88  31  45   0  92  46  76  90  51  ...  50  77  57  17  64  54  81  28  23  22   7  24  71  94  86  21  13  79  48  93
37  55  59  14   0   1  61  34  73  94  78  10  15  88  31  45  92  46  27  90  51  ...  50  77  57  17  64  54  81  28  23  22   7  24  71  86  56  21  13  79  12  93
38  55  59  14   0   1  61  34  73  94  78  10  15  88  31  45  92  46  27  90  51  ...  44  50  77  57  17  64  54  81  28  23  22   7  24  71  86  21  13  79  48  93
39  55  59  14   0   1  61  34  73  94  78  10  15  88  31  45  92  46  27  90  51  ...  50  77  57  17  64  95  54  81  28  23  22   7  24  71  56  21  13  79  48  93
40  55  59  14   0   1  61  34  73  94  78  10  15  88  31  17  92  46  27  90  51  ...  44  50  77  57  64  54  81  28  23  22   7  24  71  86  56  21  13  79  48  93
41  55  59  25  34   1  61  73  53  78  10  15  88  31  45   0  92  46  76  90  51  ...  44  50  77  57  17  64  54  81  28  23  22   7  24  71  86  21  13  79  48  93
42  55  59  14   0   1  61  34  73  94  78  10  15  88  41  17  92  46  25  53  45  ...  44  50  77  57  64  54  81  28  23  22   7  24  71  86  56  21  13  79  48  93
43  55  59  14   0   1  61  34  73  94  78  10  15  88  31  17  92  46  27  90  51  ...  44  50  77  57  64  54  81  28  23  22   7  24  71  86  56  21  13  79  48  93
44  55  59  14   0   1  61  34  73  94  78  10  15  88  31  45  92  46  27  90  51  ...  50  77  57  17  64  54  81  28  23  22   7  24  66  71  86  21  13  79  48  93
45  55  59  14   0   1  61  34  73  94  78  10  15  88  31  17  92  46  25  53  45  ...  67  44  50  77  57  64  54  81  28  23  22   7  97  71  86  21  13  79  48  93
46  55  59  14   0   1  61  34  73  94  78  10  15  88  31  45  92  46  27  90  51  ...  50  77  56  57  17  64  54  81  28  23  22   7  24  71  86  21  13  79  48  93
47  55  59  25  34   1  61  73  53  78  10  15  88  31  45   0  92  46  76  90  51  ...  44  50  77  57  17  64  54  81  28  23  22   7  24  71  86  21  13  79  48  93
48  55  59  14   0   1  61  34  73  53  78  10  15  88  31  45  92  46  27  90  51  ...  44  50  77  57  64  54  81  28  23  22   7  24  71  86  56  21  13  79  48  93
49  55  59  14   0   1  61  34  73  53  78  10  94  15  88  31  45  92  46  27  90  ...  50  77  57  17  64  54  81  28  23  22   7  24  71  95  56  21  13  79  48  36

[50 rows x 98 columns] 


População final de genótipos (elitismo)
     0   1   2   3   4   5   6   7   8   9   10  11  12  13  14  15  16  17  18  19  ...  78  79  80  81  82  83  84  85  86  87  88  89  90  91  92  93  94  95  96  97
0   44  58  40  43  19  32   9  46  25  59  66  47  61  93   5  48  85  20  53  95  ...  87   8  62  97  41  52  21  88  69  76  78  10  91  64  89  70  38  42  82  86
1   44  58  40  43  19  32   9  46  25  59  61  93   5  48  85  20  53  95  72  28  ...   8  62  97  49  41  52  21  88  69  76  78  10  91  64  89  70  38  42  82  86
2   44  58  66  43  19  32  40  74   9  46  90  59  61  93   5  47  48  85  20  53  ...   8  62  97  49  41  52  21  88  69  76  78  10  91  64  89  70  38  42  82  86
3   44  58  40  43  19  32   9  46  47  59  61  93   5  48  85  20  53  36  72  28  ...   8  62  97  49  41  52  21  88  69  76  78  10  91  64  89  70  38  42  82  86
4   44  58  40  43  19  32   9  46  47  59  61  93   5  48  85  20  53  36  72  28  ...   8  62  97  49  41  52  21  88  69  76  78  10  91  64  89  70  38  42  82  86
5   44  58  40  43  19  74   9  46  90  59  61  93  47   5  48  85  20  53  95  72  ...   8  62  97  65  41  52  21  88  69  76   7  10  91  64  89  70  38  42  82  86
6   44  58  66  43  19  32   9  46  47  59  61  93   5  48  85  20  53  95  72  28  ...   8  62  97  65  41  52  21  88  69  76  10   7  91  64  89  70  38  42  82  86
7   44  58  66  43  19  32   9  46  47  59  61  93   5  48  85  20  53  95  72  28  ...  87   8  62  97  41  52  21  88  69  76  78  10  91  64  89  70  38  42  82  86
8   44  58  40  43  19  32   9  46  47  59  61  93   5  48  85  20  53  95  72  28  ...   8  62  97  65  41  52  21  88  69  76  10   7  91  64  89  70  38  42  82  86
9   44  58  40  43  19  74   9  46  90  59  61  93  47   5  48  85  20  53  95  72  ...   8  62  97  65  41  52  21  88  69  76  10   7  91  64  89  70  38  42  82  86
10  44  58  40  43  19  32   9  46  47  59  61  93   5  48  85  20  53  36  72  28  ...   8  62  97  49  41  52  21  88  69  76  78  10  91  64  89  70  38  42  82  86
11  44  58  40  43  19  32   9  46  47  59  61  93   5  48  85  20  53  36  72  28  ...   8  62  97  49  41  52  21  88  69  76  78  10  91  64  89  70  38  42  82  86
12  44  58  40  43  19  32   9  46  47  59  61  93   5  48  85  20  53  36  72  28  ...   8  62  97  49  41  52  21  88  69  76  78  10  91  64  89  70  38  42  82  86
13  44  58  40  43  19  32   9  46  47  59  61  93   5  48  85  20  53  36  72  28  ...   8  62  97  49  41  52  21  88  69  76  78  10  91  64  89  70  38  42  82  86
14  44  58  66  43  19  32   9  46  47  59  61  93   5  48  85  20  53  95  72  28  ...  87   8  62  97  78  41  52  21  88  69  76  10  91  64  89  70  38  42  82  86
15  44  58  66  43  19  32   9  46  47  59  61  93   5  48  85  20  53  95  72  28  ...  87   8  62  97  78  41  52  21  88  69  76  10  91  64  89  70  38  42  82  86
16  44  58  66  43  19  32   9  46  47  59  61  93   5  48  85  20  53  95  72  28  ...   8  62  97  49  41  52  21  88  69  76  78  10  91  64  89  70  38  42  82  86
17  44  58  40  43  19  32   9  46  25  59  61  93   5  48  85  20  53  95  72  28  ...  62  97  49  65  41  52  21  88   7  69  76  10  91  64  89  70  38  42  82  86
18  44  58  40  43  19  32   9  46  47  59  61  93   5  48  85  20  53  36  72  28  ...   8  62  97  49  41  52  21  88  69  76  78  10  91  64  89  70  38  42  82  86
19  44  58  40  43  19  32   9  46  47  59  61  93   5  48  85  20  53  36  72  28  ...   8  62  97  49  41  52  21  88  69  76  78  10  91  64  89  70  38  42  33  86
20  44  58  66  43  19  32   9  46  47  59  61  93   5  48  85  20  53  95  72  28  ...  62  97  49  41  52  21  88  69  76  10  91  64  87  89  70  38  42  78  82  86
21  44  58  40  43  19  32   9  46  25  59  61  93   5  48  85  20  53  95  72  28  ...   8  62  97  65  41  52  21  88  69  76  10   7  91  81  89  70  38  42  82  86
22  44  58  40  43  19  32   9  46  25  59  61  93   5  48  85  20  53  95  72  28  ...  62  97  49  65  41  52  21  88  69  76  10  91   7  64  89  70  38  42  82  86
23  44  21  40  43  19  32   9  46  25  59  61  93   5  48  85  20  53  95  72  28  ...  62  97  49  65  41  52  58  88  69  76  10  91   7  64  89  70  38  42  82  86
24  44  58  24  40  43  19  32   9  46  47  59  61  93   5  48  85  20  53  95  72  ...  62  97  49  41  52  21  88  69  76  10  91  64  87  89  70  38  42  78  82  86
25  44  58  40  43  19  32   9  46  47  59  61  93   5  48  85  20  53  36  72  28  ...   8  62  97  49  41  52  21  88  69  76  78  10  91  64  89  70  38  42  82  86
26  44  58  40  43  19  32   9  46  47  59  61  93   5  48  85  20  53  36  72  28  ...   8  62  97  49  41  52  21  88  69  76  78  10  91  64  89  70  38  42  82  86
27  44  58  66  43  19  32   9  46  47  59  61  93   5  48  85  20  53  95  72  28  ...  87   8  62  97  41  52  21  88  69  76  78  10  91  64  89  70  38  42  82  86
28  44  58  40  43  19  32   9  46  25  59  61  93   5  48  85  20  53  47  36  72  ...   8  62  97  49  41  52  21  88  69  76  78  10  91  64  89  70  38  42  82  86
29  44  58  66  43  19  32   9  46  47  59  61  93   5  48  85  20  53  95  72  28  ...   8  62  97  49  41  52  21  88  69  76  78  10  91  64  89  70  38  42  82  86
30  44  58  40  43  19  32   9  46  47  59  61  93   5  48  85  20  53  36  72  28  ...   8  62  97  49  41  52  21  88  69  76  10  91  64  89  70  38  42  78  82  86
31  44  58  66  43  19  32   9  46  47  59  61  93   5  48  85  20  53  95  72  28  ...  87   8  62  97  78  41  52  21  88  69  76  10  91  64  89  70  38  42  82  86
32  44  58  40  43  19  32   9  46  47  59  61  93   5  48  85  20  53  36  72  28  ...   8  62  97  49  41  52  21  88  69  76  78  10  91  64  89  70  38  42  82  86
33  44  58  66  43  19  32   9  46  47  59  61  93   5  48  85  20  53  95  72  28  ...  62  97  49  41  52  21  88  69  76  10  91  64  87  89  70  38  42  78  82  86
34  44  58  40  43  19  32   9  46  47  59  61  93   5  48  85  20  53  36  72  28  ...   8  62  97  49  41  52  21  88  69  76  78  10  91  64  89  70  38  42  82  86
35  44  58  66  43  19  32   9  46  47  59  61  93   5  48  85  20  53  95  72  28  ...  87   8  62  97  41  52  21  88  69  76  78  10  91  64  89  70  38  42  82  86
36  44  58  40  43  19  32   9  46  25  59  61  93   5  48  85  20  53  95  72  28  ...  62  97  49  65  41  52  21  88   7  69  76  10  91  64  89  70  38  42  82  86
37  44  58  40  43  19  74   9  46  90  59  61  93  47   5  48  85  20  53  95  72  ...  62  97  49  41  52  21  88  69  76  10  91  64  87  89  70  38  42  78  82  86
38  44  58  40  43  19  32   9  46  25  59  61  93   5  48  85  20  53  95  72  28  ...   8  62  97  49  41  52  21  88  69  76  78  10  91  64  89  70  38  42  82  86
39  44  58  40  43  19  32   9  46  47  59  61  93   5  48  85  20  53  36  72  28  ...  50   8  62  97  65  41  52  21  88  69  76  10   7  91  89  70  38  42  82  86
40  44  58  66  43  19  32   9  46  47  59  61  93   5  48  85  20  53  95  72  28  ...   8  62  97  49  41  52  21  88  69  76  78  10  91  64  89  70  38  42  82  86
41  44  58  66  43  19  32  40   9  46  47  59  61  93   5  48  85  20  53  36  72  ...   8  62  97  49  41  52  21  88  69  76  78  10  91  64  89  70  38  42  82  86
42  44  58  40  43  19  32   9  46  47  59  61  93   5  48  85  20  53  36  72  28  ...   8  62  97  49  41  52  21  88  69  76  78  10  91  64  89  70  38  42  82  86
43  44  58  40  43  19  32   9  46  25  59  61  93   5  48  85  20  53  95  72  28  ...  62  97  49  65  41  52  21  88  69  76  10  91   7  64  89  70  38  42  82  86
44  44  58  40  43  19  32   9  46  47  59  61  93   5  48  85  20  53  36  72  28  ...   8  62  97  49  41  52  21  88  69  76  78  10  91  64  89  70  38  42  82  86
45  44  58  40  43  19  32   9  46  47  59  61  93   5  48  85  20  53  36  72  28  ...  87   8  62  97  41  52  21  88  69  76  78  10  91  64  89  70  38  42  82  86
46  44  58  40  43  19  32   9  46  25  59  66  47  61  93   5  48  85  20  53  95  ...  62  97  49  65  41  52  21  88  69  76  10  91   7  64  89  70  38  42  82  86
47  44  58  40  43  19  32   9  46  47  59  61  93   5  48  85  20  53  36  72  28  ...   8  62  97  49  41  52  21  88  69  76  78  10  91  64  89  70  38  42  82  86
48  44  58  66  43  19  32   9  46  47  59  61  93   5  48  85  20  53  95  72  28  ...  62  97  49  41  52  21  88  69  76  10  91  64  87  89  70  38  42  78  82  86
49  44  58  66  43  19  32   9  46  47  59  61  93   5  48  85  20  53  95  72  28  ...  87   8  62  97  41  52  21  88  69  76  78  10  91  64  89  70  38  42  82  86

[50 rows x 98 columns] 


População final de genótipos (elitismo)
     0   1   2   3   4   5   6   7   8   9   10  11  12  13  14  15  16  17  18  19  ...  78  79  80  81  82  83  84  85  86  87  88  89  90  91  92  93  94  95  96  97
0   56  32  66  85  11  78  31  41  75  89  90  63  80  47  93  65  95  73  71  35  ...  27  20  68  72   3  62  29  79   1  50  25  88  15  94  92  91   7  54  28   9
1   56  32  66  85  11  78  31  41  75  89  90  63  80  47  93  65  95  73  71  35  ...  27  20  68  72   3  62  29  79   1  50  25  88  15  94  92  91   7  54  28   9
2   56  32  66  85  11  78  31  41  75  89  90  63  80  47  93  65  95  73  71  35  ...  27  20  68  72   3  62  29  79   1  50  25  88  15  94  92  91   7  54  28   9
3   56  32  66  85  11  78  31  41  75  89  90  63  80  47  93  65  55  73  71  35  ...  27  20  68  72   3  62  29  79   1  50  25  88  15  94  92  91   7  54  28   9
4   56  32  66  85  11  41  31  78  75  89  90  63  80  47  93  65  55  73  71  35  ...  27  20  68  72  48  62  29  79   1  50  25  88  15  94  92  91   7  54  28   9
5   56  32  66  85  11  41  31  78  75  89  90  63  80  47  93  65  55  73  71  35  ...  27  20  68  72   3  62  29  79   1  50  25  88  15  94  92  91   7  54  28   9
6   56  32  66  85  11  41  31  78  75  89  90  63  80  47  93  65  55  73  71  35  ...  27  20  68  72   3  62  29  79   1  50  25  88  15  94  92  91   7  54  28   9
7   56  32  66  85  11  41  31  78  75  89  90  63  80  47  93  65  55  73  71  35  ...  27  20  68  72   3  62  29  79   1  50  25  88  15  94  92  91   7  54  28   9
8   56  32  66  85  11  41  31  78  75  89  90  63  80  47  93  65  55  73  71  35  ...  27  20  68  72   3  62  29  79   1  50  25  88  15  94  92  91   7  54  28   9
9   56  32  66  85  11  41  31  78  75  89  90  63  80  47  93  65  55  73  71  35  ...  27  20  68  72   3  62  29  79   1  50  25  88  15  94  92  91   7  54  28   9
10  56  32  66  85  11  41  31  78  75  89  90  63  80  47  93  65  55  73  71  35  ...  27  20  68  72   3  62  29  79   1  50  25  88  15  94  92  91   7  54  28   9
11  56  32  66  85  11  41  31  78  75  89  90  63  80  47  93  65  55  73  71  35  ...  27  20  68  72   3  62  29  79   1  50  25  88  15  94  92  91   7  54  28   9
12  56  32  66  85  11  41  31  78  75  89  90  63  80  47  93  65  55  73  71  35  ...  27  20  68  72   3  62  29  79   1  50  25  88  15  94  92  91   7  54  28   9
13  56  32  66  85  11  41  31  78  75  89  90  63  80  47  93  65  55  73  71  35  ...  27  20  68  72   3  62  29  79   1  50  25  88  15  94  92  91   7  54  28   9
14  56  32  66  85  11  41  31  78  75  89  90  63  80  47  93  65  55  73  71  35  ...  27  20  68  72   3  62  29  79   1  50  25  88  15  94  92  91   7  54  28   9
15  56  32  66  85  11  41  31  78  75  89  90  63  80  47  93  65  55  73  71  35  ...  27  20  68  72   3  62  29  79   1  50  25  88  15  94  92  91   7  54  28   9
16  56  32  66  85  11  41  31  78  75  89  90  63  80  47  93  65  55  73  71  35  ...  27  20  68  72   3  62  29  79   1  50  25  88  15  94  92  91   7  54  28   9
17  56  32  66  85  11  41  31  78  75  89  90  63  80  47  93  65  55  73  71  35  ...  27  20  68  72   3  62  29  79   1  50  25  88  15  94  92  91   7  54  28   9
18  56  32  66  85  11  41  31  78  75  89  90  63  80  47  93  65  55  73  71  35  ...  27  20  68  72   3  62  29  79   1  50  25  88  15  94  92  91   7  54  28   9
19  56  32  66  68  11  41  31  78  75  89  90  63  80  47  93  65  55  73  71  35  ...  27  20  85  72   3  62  29  79   1  50  25  88  15  94  92  91   7  54  28   9
20  56  32  66  85  11  41  31  78  75  89  90  63  80  47  93  65  55  73  71  35  ...  27  20  68  72   3  62  29  79   1  50  25  88  15  94  92  91   7  54  28   9
21  56  32  66  85  11  41  31  78  75  89  90  63  80  47  93  65  55  73  71  35  ...  27  20  68  72   3  62  29  79   1  50  25  88  15  94  92  91   7  54  28   9
22  56  32  66  85  11  78  31  41  75  89  90  63  80  47  93  65  95  73  71  55  ...  27  20  68  72   3  62  29  79   1  50  25  88  15  94  92  91   7  54  28   9
23  56  32  66  85  11  78  31  41  75  89  90  63  80  47  93  65  95  73  71  55  ...  27  20  68  72   3  62  29  79   1  50  25  88  15  94  92  91   7  54  28   9
24  56  32  66  85  11  78  31  41  75  89  90  63  80  47  93  65  95  73  71  55  ...  27  20  68  72   3  62  29  79   1  50  25  88  15  94  92  91   7  54  28   9
25  56  32  66  85  11  78  31  41  75  89  90  63  80  47  93  65  95  73  55  71  ...  27  20  68  72   3  62  29  79   1  50  25  88  15  94  92  91   7  54  28   9
26  56  32  66  85  11  41  31  78  75  89  90  63  80  47  93  65  55  73  71  35  ...  27  20  68  72   3  62  29  79   1  50  25  88  15  94  92  91   7  54  28   9
27  56  32  66  85  11  41  31  78  75  89  90  63  80  47  93  65  55  73  71  35  ...  27  20  68  72   3  62  29  79   1  50  25  88  15  94  92  91   7  54  28   9
28  56  32  66  85  11  78  31  41  75  89  90  63  80  47  93  65  95  73  71  55  ...  27  20  68  72   3  62  29  79   1  50  25  88  15  94  92  91   7  54  28   9
29  56  32  66  85  11  78  31  41  75  89  90  63  80  47  93  65  95  73  71  55  ...  27  20  68  72   3  62  29  79   1  50  25  88  15  94  92  91   7  54  28   9
30  56  32  66  85  11  41  31  78  75  89  90  63  80  47  93  65  55  73  71  35  ...  27  20  68  72   3  62  29  79   1  50  25  88  15  94  92  91   7  54  28   9
31  56  32  66  85  11  41  31  78  75  89  90  63  80  47  93  65  55  73  71  35  ...  27  20  68  72   3  62  29  79   1  50  25  88  15  94  92  91   7  54  28   9
32  56  32  66  85  11  41  31  78  75  89  90  63  80  47  93  65  55  73  71  35  ...  27  20  68  72   3  62  29  79   1  50  25  88  15  94  92  91   7  54  28   9
33  56  32  66  85  11  41  31  78  75  89  90  63  80  47  93  65  55  73  71  35  ...  27  20  68  72   3  62  29  79   1  50  25  88  15  94  92  91   7  54  28   9
34  56  32  66  85  11  78  31  41  75  89  90  63  80  47  93  65  95  73  71  55  ...  27  20  68  72   3  62  29  79   1  50  25  88  15  94  92  91   7  54  28   9
35  56  32  66  85  11  41  31  78  75  89  90  63  80  47  93  65  55  73  71  35  ...  27  20  68  72   3  62  29  79   1  50  25  88  15  94  92  91   7  54  28   9
36  56  32  66  85  11  41  31  78  75  89  90  63  80  47  93  65  55  73  71  35  ...  27  20  68  72   3  62  29  79   1  50  25  88  15  94  92  91   7  54  28   9
37  56  32  66  85  11  41  31  78  75  89  90  63  80  47  93  65  55  73  71  35  ...  27  20  68  72   3  62  29  79   1  50  25  88  15  94  92  91   7  54  28   9
38  56  32  66  85  11  41  31  78  75  89  90  63  80  47  93  65  55  73  71  35  ...  27  20  68  72   3  62  29  79   1  50  25  88  15  94  92  91   7  54  28   9
39  56  32  66  85  11  41  31  78  75  89  90  63  80  47  93  65  55  73  71  35  ...  27  20  68  72   3  62  29  79   1  50  25  88  15  94  92  91   7  54  28   9
40  56  32  66  85  11  78  31  41  75  89  90  63  80  47  93  65  55  73  71  35  ...  27  20  68  72   3  62  29  79   1  50  25  88  15  94  92  91   7  54  28   9
41  56  32  66  84  11  41  31  78  75  89  90  63  80  47  93  65  55  73  71  35  ...  27  20  68  72   3  62  29  79   1  50  25  88  15  94  92  91   7  54  28   9
42  56  32  66  85  11  78  31  41  75  89  90  63  80  47  93  65  95  73  71  55  ...  27  20  68  72   3  62  29  79   1  50  25  88  15  94  92  91   7  54  28   9
43  56  32  66  85  11  41  31  78  75  89  90  63  80  47  93  65  55  73  71  35  ...  27  20  68  72   3  62  29  79   1  50  25  88  15  94  92  91   7  54  28   9
44  56  32  66  85  11  78  31  41  75  89  90  63  80  47  93  65  95  73  71  55  ...  27  20  68  72   3  62  29  79   1  50  25  88  15  94  92  91   7  54  28   9
45  56  32  66  85  11  41  31  78  75  89  90  63  80  47  93  65  55  73  71  35  ...  27  20  68  72   3  62  29  79   1  50  25  88  15  94  92  91   7  54  28   9
46  56  32  66  85  11  78  31  41  75  89  90  63  80  47  93  65  95  73  71  35  ...  27  20  68  72   3  62  29  79   1  50  25  88  15  94  92  91   7  54  28   9
47  56  32  66  85  11  41  31  78  75  89  90  63  80  47  93  65  55  73  71  35  ...  27  20  68  72   3  62  29  79   1  50  25  88  15  94  92  91   7  54  28   9
48  56  32  66  85  11  78  31  41  75  89  90  63  80  47  93  65  95  73  71  55  ...  27  20  68  72   3  62  29  79   1  50  25  88  15  94  92  91   7  54  28   9
49  56  32  66  85  11  78  31  41  75  89  90  63  80  47  93  65  95  73  71  35  ...  27  20  68  72   3  62  29  79   1  50  25  88  15  94  92  91   7  54  28   9

[50 rows x 98 columns] 


População final de genótipos (torneio)
     0   1   2   3   4   5   6   7   8   9   10  11  12  13  14  15  16  17  18  19  ...  78  79  80  81  82  83  84  85  86  87  88  89  90  91  92  93  94  95  96  97
0    1  71  65  93  53  58  42  24  97  81  33  60  47  88  92  22  57  16  20  83  ...   4  79  63  46  91  67  51  70  34  12  90  26  52  61  94  73  19  13  31  82
1    1  71  65  93  53  58  32  24  97  81  33  60  47  88  92  22  57  16  20  83  ...  25   4  79  63  91  67  51  70  34  26  13  94  61  72  73  52  82  19  12  90
2    1  71  65  93  53  58  42  24  97  81  33  60  47  88  92  22  57  16  20  83  ...  28  25   4  79  72  63  91  67  51  70  34  26  94  61  73  52  82  19  12  90
3    1  71  65  93  53  58  42  24  97  81  33  60  47  88  92  22  57  16  20  83  ...  25   4  79  63  91  67  51  70  34  26  13  94  61  72  73  52  82  19  12  90
4    1  71  65  93  53  58  42  24  97  81  33  60  47  88  92  22  57  16  20  83  ...  28  25   4  63  91  67  51  70  34  26  13  94  61  72  73  52  82  19  12  90
5    1  71  65  93  53  58  42  24  97  81  33  60  47  88  92  22  57  16  20  83  ...  28  25   4  79  63  91  67  51  70  34  26  94  61  72  73  52  82  19  12  90
6    1  71  65  93  53  58  42  24  97  81  33  60  47  88  92  22  57  16  20  83  ...  25   4  79  63  28  67  51  70  34  26  13  94  61  72  73  52  82  19  12  90
7    1  71  65  93  53  58  42  24  97  81  33  60  47  32  88  92  22  57  16  20  ...  25   4  79  63  91  67  51  70  34  26  13  94  61  72  73  52  82  19  12  90
8    1  71  65  93  53  58  42  24  97  81  33  60  47  88  92  22  57  16  20  83  ...  25   4  79  63  91  67  51  70  34  26  13  94  73  72  61  52  82  19  12  90
9    1  71  65  93  53  58  32  24  97  81  33  60  47  88  92  22  57  16  20  83  ...  25   4  79  63  91  86  51  70  34  26  13  94  61  72  73  52  82  19  12  90
10   1  71  65  93  53  58  32  24  97  81  33  60  47  88  92  22  57  16  20  83  ...  25   4  79  63  91  67  51  70  34  26  13  94  61  72  73  52  82  19  12  90
11   1  71  65  93  53  58  32  24  97  81  33  60  47  88  92  22  57  16  20  83  ...  25   4  45  63  91  67  51  70  34  26  13  72  61  94  73  52  82  19  12  90
12   1  71  65  93  53  58  32  24  97  81  33  60  47  88  92  22  57  16  20  83  ...  25   4  79  63  91  67  51  70  34  26  13  94  61  72  73  52  82  19  12  90
13   1  71  65  93  53  58  32  24  97  81  33  60  47  88  92  22  57  16  20  83  ...  25   4  79  63  91  67  51  70  34  26  13  94  61  72  73  52  82  19  12  90
14   1  71  65  93  53  58  32  24  97  81  33  60  47  88  92  22  57  16  20  83  ...  28  25   4  63  91  67  51  70  34  26  13  94  61  72  73  52  82  19  12  90
15   1  71  65  93  53  58  42  24  97  81  33  60  47  88  92  22  57  16  20  83  ...  25   4  79  63  91  67  51  70  34  26  13  94  61  72  73  52  82  19  12  90
16   1  71  65  93  53  58  32  24  97  81  33  60  47  88  92  22  57  16  20  83  ...  25   4  45  63  91  67  51  70  34  26  13  94  61  72  73  52  82  19  12  90
17   1  71  65  19  53  58  32  24  97  81  33  60  47  88  92  22  57  16  20  83  ...  28  25   4  63  91  67  51  70  34  26  13  94  61  72  73  52  82  93  12  90
18   1  71  65  93  53  58  32  24  97  81  33  60  47  88  92  22  57  16  20  83  ...  25   4  79  63  91  67  51  70  34  26  13  94  61  72  73  52  82  19  12  90
19   1  71  65  93  53  58  42  24  97  81  33  60  47  88  92  22  57  16  20  83  ...  25   4  45  63  91  67  51  70  34  26  13  94  61  72  73  52  82  19  12  90
20   1  71  65  93  53  58  32  24  97  81  33  60  47  88  92  22  57  16  20  83  ...  25   4  79  63  91  67  51  70  34  26  13  94  61  72  73  52  82  19  12  90
21   1  71  65  93  53  58  32  24  97  81  33  60  47  88  92  22  57  16  20  83  ...  76  28  25   4  63  91  67  51  70  34  26  94  61  72  73  52  82  19  12  90
22   1  71  65  93  53  58  42  24  97  81  33  60  47  88  92  22  57  16  20  83  ...  25   4  79  63  91  67  51  70  34  26  13  94  61  72  73  52  82  19  12  90
23   1  71  65  93  53  58  32  24  97  81  33  60  47  88  92  22  57  16  20  83  ...  25   4  79  63  91  67  51  70  34  26  13  94  61  72  73  52  82  19  12  90
24   1  71  65  93  53  58  32  24  97  81  33  60  47  88  92  22  57  16  20  83  ...  25   4  79  63  91  67  51  70  34  26  13  94  61  72  73  52  82  19  12  90
25   1  71  65  93  53  58  32  24  97  81  33  60  47  88  92  22  57  16  20  83  ...  25   4  79  63  91  67  51  70  34  26  13  94  61  72  73  52  82  19  12  90
26   1  71  65  93  53  58  32  24  97  81  33  60  47  88  92  22  57  16  20  83  ...  25   4  79  63  91  67  51  70  34  26  13  94  61  72  73  52  82  19  12  90
27   1  71  65  93  53  58  32  26  97  81  33  60  47  88  92  22  57  16  20  83  ...  25   4  79  63  91  67  51  70  34  24  13  94  61  72  73  52  82  19  12  90
28   1  71  65  93  53  58  42  24  97  81  33  60  47  88  92  22  57  16  20  83  ...  28  25   4  63  91  67  51  70  34  26  13  94  61  72  73  52  82  19  12  90
29   1  71  65  93  53  58  42  24  97  81  33  60  47  88  92  22  57  16  20  83  ...  25   4  79  63  91  67  51  70  34  26  13  94  61  72  73  52  82  19  12  90
30   1  71  65  93  53  58  32  24  97  81  33  60  47  88  92  22  57  16  20  83  ...  25   4  79  63  91  67  51  70  34  26  13  94  61  72  73  52  82  19  12  90
31   1  71  65  93  53  58  42  24  97  81  33  60  47  88  92  22  57  16  20  83  ...  25   4  79  63  91  67  51  70  34  26  13  94  61  72  73  52  82  19  12  90
32   1  71  65  93  53  58  32  24  97  81  33  60  47  88  92  22  57  16  20  83  ...  25   4  79  63  91  67  51  70  34  26  13  94  61  72  73  52  82  19  12  90
33   1  71  65  93  53  58  32  24  97  81  33  42  60  47  88  92  22  57  16  20  ...  25   4  79  63  91  67  51  70  34  26  13  94  61  72  73  52  82  19  12  90
34   1  71  65  93  53  58  32  24  97  81  33  60  47  88  92  22  57  16  20  83  ...  25   4  79  63  91  67  51  70  34  26  13  94  61  72  73  52  82  19  12  90
35   1  71  65  93  53  58  32  24  97  81  33  42  60  47  88  92  22  57  16  20  ...  28  25   4  79  63  91  67  51  70  34  26  94  61  72  73  52  82  19  12  90
36   1  71  65  93  53  58  32  24  97  81  33  60  47  88  92  22  57  16  20  83  ...  25   4  79  63  91  67  51  70  34  26  13  94  61  72  73  52  82  19  12  90
37   1  71  65  93  53  58  32  24  97  81  33  60  47  88  92  22  57  16  20  83  ...  25   4  79  63  91  67  51  70  34  26  13  94  61  72  73  52  82  19  12  90
38   1  71  65  93  53  58  32  24  97  81  33  60  47  88  92  22  57  16  20  83  ...  25   4  79  63  91  67  51  70  34  26  13  94  61  72  73  52  82  19  12  90
39   1  71  65  93  53  58  32  24  97  81  33  60  47  88  92  22  57  16  20  83  ...  25   4  79  63  91  67  51  70  34  26  13  94  61  72  73  52  82  19  12  90
40   1  71  65  93  53  58  32  24  97  81  33  60  47  88  92  22  57  16  20  83  ...   4  79  63  46  91  67  51  70  34  12  90  26  52  61  94  73  19  13  31  82
41   1  71  65  93  53  58  42  24  97  81  33  60  47  88  92  22  57  16  20  83  ...  28  25   4  79  63  91  67  51  70  34  26  94  61  72  73  52  82  19  12  90
42   1  71  65  93  53  58  42  24  97  81  33  60  47  88  92  22  57  16  20  83  ...  25   4  79  63  91  67  51  70  34  26  13  94  61  72  73  52  82  19  12  90
43   1  71  65  93  53  58  32  24  97  81  33  60  47  88  92  22  57  16  20  83  ...  25   4  79  63  91  67  51  70  34  26  13  94  61  72  73  52  82  19  12  90
44   1  71  65  93  53  58  32  24  97  81  33  60  47  88  92  22  57  16  20  83  ...  28  25   4  63  91  67  51  70  34  26  13  94  61  72  73  52  82  19  12  90
45   1  71  65  93  53  58  32  24  97  81  33  60  47  88  92  22  57  16  20  83  ...  25   4  79  63  91  67  51  70  34  26  13  94  61  72  73  52  82  19  12  90
46   1  71  65  93  53  58  32  24  97  81  33  60  47  88  92  22  57  16  20  83  ...  25   4  79  63  91  67  51  70  34  26  13  94  61  72  73  52  82  19  12  90
47   1  71  65  93  53  58  42  24  97  81  33  60  47  32  88  92  22  57  16  20  ...  28  25   4  79  63  91  67  51  70  34  26  94  61  72  73  52  82  19  12  90
48   1  71  65  93  53  58  32  24  97  81  33  60  47  88  92  22  57  16  20  83  ...  25   4  79  63  91  67  51  70  34  26  13  94  61  72  73  52  82  19  12  90
49   1  71  65  93  53  58  32  24  97  81  33  60  47  88  92  22  57  16  20  83  ...  25   4  79  63  91  67  51  70  34  26  13  94  61  72  73  52  82  19  12  90

[50 rows x 98 columns] 


População final de genótipos (torneio)
     0   1   2   3   4   5   6   7   8   9   10  11  12  13  14  15  16  17  18  19  ...  78  79  80  81  82  83  84  85  86  87  88  89  90  91  92  93  94  95  96  97
0   49  85  73  92  17  69   7  77   1  30  27  13  72  10  21   9  61  90  47  12  ...  18   4  57  82  93  94  14  26  54  28  64  24  58  60  46  80  71  55  32  66
1   49  85  73  92  17  69   7  77   1  30  27  13  72  10  21   9  61  90  47  12  ...  18   4  57  82  93  94  14  26  54  28  64  24  58  60  46  80  71  55  32  66
2   49  85  73   9  17  69   7  27   1  30  13  72  47  21  92  61  90  10  12  88  ...   4  57  82  93  94  70  14  26  54  28  64  24  58  60  46  80  71  55  32  66
3   49  85  73  92  17  69   7  77   1  30  27  13  72  47  21   9  61  90  10  12  ...   4  57  82  93  94  14  26  54  28  64  24  58  60  46  45  80  71  55  32  66
4   49  85  73   9  17  69   7  27   1  30  13  72  47  21  92  61  90  10  12  88  ...   4  57  82  94  93  14  26  54  28  64  24  58  60  46  70  80  71  55  32  66
5   49  85  73   9  17  69   7  27   1  30  13  72  47  21  92  61  90  10  12  88  ...   4  57  82  77  94  14  26  54  28  64  24  58  60  46  70  80  71  55  32  66
6   26  85  73  92  17  69   7  77   1  30  27  13  72  47  21   9  61  90  10  12  ...  18   4  57  82  93  94  14  49  54  28  64  24  58  60  46  80  71  55  32  66
7   49  85  73  92  17  69   7  77   1  30  27  13  72  47  21   9  61  90  10  12  ...  18   4  57  82  93  94  14  26  54  28  64  24  58  60  46  80  71  55  32  66
8   49  85  73  92  17  69   7  77   1  30  27  13  72  47  21   9  61  90  10  12  ...  18   4  57  82  93  94  14  26  54  28  64  24  58  60  46  80  71  55  32  66
9   49  85  73   9  17  69   7  27   1  30  13  72  47  21  92  61  90  10  12  88  ...   4  57  82  93  94  14  26  70  54  28  64  24  58  60  46  80  71  55  32  66
10  49  85  73  92  17  69   7  77   1  30  27  13  72  47  21   9  61  90  10  12  ...   4  57  82  93  94  14  26  54  28  64  24  58  60  46  70  80  71  55  32  66
11  49  85  73   9  17  69   7  27   1  30  13  42  47  21  92  61  90  10  12  88  ...  18   4  57  82  93  94  14  26  54  28  64  24  58  60  46  80  71  55  32  66
12  49  85  73   9  17  69   7  27   1  30  13  72  47  21  92  61  90  10  12  88  ...   4  57  96  93  94  14  26  54  28  64  24  58  60  46  70  80  71  55  32  66
13  49  85  73  92  17  69   7  77   1  30  27  13  72  47  21   9  61  90  10  12  ...   4  57  82  93  94  14  26  54  28  64  24  58  60  46  70  80  71  55  32  66
14  49  85  73  92  17  69   7  77   1  30  27  13  72  47  21   9  61  90  10  12  ...   4  57  82  93  94  14  26  54  28  64  24  59  60  46  70  80  71  55  32  66
15  49  85  73  92  17  69   7  27   1  30  13  72  47  31   9  61  21  90  10  12  ...  18   4  57  82  93  94  14  26  54  28  64  24  58  60  46  80  71  55  32  66
16  49  85  73  92  17  69   7  77   1  30  27  13  72  47  21   9  61  90  68  48  ...   4  57  82  93  94  14  26  54  28  64  24  58  60  46  45  80  71  55  32  66
17  49  85  73  92  17  69   7  77   1  30  27  13  72  47  21   9  61  51  10  12  ...  18   4  57  82  93  94  14  26  54  28  64  24  58  60  46  80  71  55  32  66
18  49  85  73  92  17  69   7  27   1  30  13  72  47  31   9  61  21  90  10  12  ...   4  57  82  93  94  14  26  70  54  28  64  24  58  60  46  80  71  55  32  66
19  49  85  73  92  17  69   7  27   1  30  13  72  47  31   9  61  90  10  59  84  ...  18   4  57  82  93  94  14  26  54  28  64  24  58  60  46  80  71  55  32  66
20  49  85  73  92  17  69   7  27   1  30  13  72  47  15  21   9  61  90  10  59  ...  18   4  57  82  93  94  14  26  54  28  64  24  58  60  46  80  71  55  32  66
21  49  85  73  92  17  69   7  27   1  30  13  72  47  31   9  61  21  90  10  12  ...  57  82  93  94  14  26  77  54  28  64  24  58  60  46  70  80  71  55  32  66
22  49  85  73  92  17  69   7  27   1  30  13  72  47  31   9  61  21  90  10  12  ...  18   4  57  82  93  94  14  26  54  28  64  24  58  60  46  80  71  55  32  66
23  49  85  73  92  17  69   7  27   1  30  13  72  47  77  21  68  61  90  10  12  ...  18   4  57  82  93  94  14  26  54  28  64  24  58  60  46  80  71  55  32  66
24  49  85  73  92  17  69   7  27   1  30  13  72  47  77  21  68  61  90  10  12  ...   4  57  82  93  94  14  26  54  28  64  24  58  60  46  70  80  71  55  32  66
25  49  85  73  92  17  69   7  77   1  30  27  13  72  47  21   9  61  90  10  12  ...  18   4  57  82  93  94  14  26  54  28  64  24  58  60  46  80  71  55  32  66
26  49  85  73  92  17  69   7  77   1  30  27  13  72  47  21   9  61  90  10  12  ...  18   4  57  82  93  94  14  26  54  28  64  24  58  60  46  80  71  55  32  66
27  49  85  73  92  17  69   7  77   1  30  27  13  72  10  21   9  61  47  90  12  ...   4  57  82  93  94  14  26  54  28  64  24  58  60  46  70  80  71  55  32  66
28  49  85  73  92  17  69   7  27   1  30  13  72  47  77  21  68  61  90  10  12  ...   4  57  82  93  94  14  26  70  54  28  64  24  58  86  46  80  71  55  32  66
29  49  85  73  92  17  69   7  77   1  30  27  13  72  47  21   9  61  90  10  12  ...   4  57  82  93  94  14  26  54  28  64  24  58  60  46  70  80  71  55  32  66
30  49  85  73  92  17  69   7  27   1  30  13  72  47  77  21  68  61  90  10  12  ...  18   4  57  82  93  94  14  26  54  28  64  24  58  60  46  80  71  55  32  66
31  49  85  73   9  17  69   7  27   1  30  13  72  47  21  92  61  90  10  12  88  ...  57  82  93  94  14  26  77  54  28  64  24  58  60  46  70  80  71  55  32  66
32  49  85  73  92  17  69   7  27   1  30  13  72  47  77  21  68  61  90  10  12  ...  18   4  57  82  93  94  14  26  54  28  64  24  58  60  46  80  71  55  32  66
33  49  85  73  92  17  69   7  77   1  30  27  13  72  47  21   9  61  90  10  12  ...  18   4  57  82  93  94  14  26  54  28  64  24  58  60  46  80  71  55  32  66
34  49  85  73   9  17  69   7  27   1  30  13  72  47  21  92  61  90  10  12  88  ...  18   4  57  82  93  94  14  26  54  28  64  24  58  60  46  80  71  55  32  66
35  49  85  73   9  17  69   7  27   1  30  13  72  47  21  92  61  90  10  12  88  ...   4  57  82  93  94  14  26  54  28  64  24  58  60  46  70  80  71  55  32  66
36  49  85  73  92  17  69   7  27   1  30  13  72  47  77  21  68  61  90  10  12  ...   4  57  82  93  94  14  26  54  28  64  24  58  60  46  70  80  71  55  32  66
37  49  85  73  92  17  69   7  27   1  30  13  72  47  77  21  68  61  90  10  12  ...   4  57  82  93  94  14  26  54  28  64  24  58  60  46  70  80  71  55  32  66
38  49  85  73   9  17  69   7  27   1  30  13  72  47  21  92  61  90  10  12  88  ...   4  57  82  93  94  14  26  54  28  64  24  58  60  46  70  80  71  55  32  66
39  49  85  73   9  17  69   7  27   1  30  13  72  47  21  92  61  90  10  12  88  ...   4  57  82  93  94  70  14  26  54  28  64  24  58  60  46  80  71  55  32  66
40  49  85  73  92  17  69   7  27   1  30  13  72  47  31   9  61  21  90  10  12  ...  18   4  57  82  93  94  14  26  54  28  64  24  58  60  46  80  71  55  32  66
41  49  85  73  92  17  69   7  27   1  30  13  72  47  31   9  61  90  10  59  84  ...   4  57  82  93  94  14  26  54  28  64  24  58  60  46  70  80  71  55  32  66
42  49  85  73  92  17  69   7  27   1  30  13  72  47  31   9  61  21  90  10  12  ...  18   4  57  82  93  94  14  26  54  28  64  24  58  60  46  80  71  55  32  66
43  49  85  73  92  17  69   7  77   1  30  27  13  72  10  21   9  61  90  47  12  ...  18   4  57  82  93  94  14  26  54  28  64  24  58  60  46  80  71  55  32  66
44  49  85  73  92  17  69   7  77   1  30  27  13  72  10  21   9  61  90  47  12  ...  18   4  57  82  93  94  14  26  54  28  64  24  58  60  46  80  71  55  32  66
45  49  85  73  92  17  69   7  77   1  30  27  13  72  47  21  68  61  90  10  12  ...  18   4  57  82  93  94  14  26  54  28  64  24  58  60  46  80  71  55  32  66
46  49  85  73  92  17  69   7  77   1  30  27  13  72  47  21   9  61  90  10  12  ...  18   4  57  82  93  94  14  26  54  28  64  24  58  60  46  80  71  55  32  66
47  49  85  73  92  17  69   7  77   1  30  27  13  72  10  21   9  61  90  47  12  ...  18   4  57  82  93  94  14  26  54  28  64  24  58  60  46  80  71  55  32  66
48  49  85  73  92  17  69   7  27   1  30  13  72  47  31   9  61  21  90  10  12  ...  18   4  57  82  93  94  14  26  54  28  64  24  58  60  46  80  71  55  32  66
49  49  85  73   9  17  69   7  27   1  30  13  72  47  21  92  61  90  10  12  88  ...  18   4  57  82  93  94  14  26  54  28  64  24  58  60  46  80  71  55  32  66

[50 rows x 98 columns] 


População final de genótipos (torneio)
     0   1   2   3   4   5   6   7   8   9   10  11  12  13  14  15  16  17  18  19  ...  78  79  80  81  82  83  84  85  86  87  88  89  90  91  92  93  94  95  96  97
0   27  64  31  50  68  80  53  10  26  58  62  83  29  78  41  36  63  75  12  89  ...  95  15  81  96  65  52  20  71  77  30  69   7  91   8  74  97  87  42  28  37
1   27  64  31  50  68  80  53  10  26  58  62  83  29  78  41  36  63  75  12  89  ...  95  15  81  96  65  52  20  71  77  30  69   7  91   8  74  97  87  42  28  37
2   27  64  31  50  68  80  53  10  26  58  62  83  29  78  41  36  63  75  12  89  ...  55  95  15  96  65  52  20  71  77  30  69   7  91   8  74  97  87  42  28  37
3   27  64  31  50  68  80  53  10  26  58  62  83  29  78  41  36  63  75  12  89  ...  55  95  15  96  65  52  20  71  77  30  69   7  91   8  74  97  87  42  28  37
4   27  64  31  50  68  80  53  10  26  58  62  83  29  78  41  36  63  75  12  89  ...  55  95  15  96  65  52  20  71  77  30  69   7  91   8  74  97  87  42  28  37
5   27  64  31  50  68  80  53  10  26  58  62  83  29  78  41  36  63  75  12  89  ...  55  95  15  96  65  52  20  71  77  30  69   7  91   8  74  97  87  42  28  37
6   27  64  31  50  68  80  53  10  26  58  62  83  29  78  79  36  63  75  12  89  ...  55  95  15  96  65  52  20  71  77  30  69   7  91   8  74  97  87  42  28  37
7   27  64  31  50  68  80  53  10  26  58  62  83  29  78  41  36  63  75  19  89  ...  55  95  15  96  65  52  20  71  77  30  69   7  91   8  74  97  87  42  28  37
8   27  64  31  50  68  80  53  10  26  58  62  83  29  78  41  36  63  75  12  89  ...  55  95  15  96  65  52  20  71  77  30  69   7  91   8  74  97  87  42  28  37
9   27  64  31  83  68  50  29  80  53  10  26  78  62  41  36  63  75  12  89  90  ...  55  95  15  96  65  52  20  71  77  30  69   7  91   8  74  97  87  42  28  37
10  27  64  31  50  68  80  53  10  26  58  62  83  29  78  41  36  63  75  12  89  ...  95  15  81  96  65  52  20  71  77  30  69   7  91   8  74  97  87  42  28  37
11  27  64  31  83  68  50  29  80  53  10  26  78  62  41  36  63  75  12  89  90  ...  55  95  15  96  65  52  20  71  77  30  69   7  91   8  74  97  87  42  28  37
12  27  64  31  83  68  80  53  10  26  58  62  29  46  50  66  63  75  12  89  90  ...  55  95  15  96  65  52  20  71  77  30  69   7  91   8  74  97  87  42  28  37
13  27  64  31  83  68  80  53  10  26  58  62  29  46  50  66  63  75  12  89  90  ...  55  95  15  96  65  52  20  71  77  30  69   7  91   8  74  97  87  42  28  37
14  27  64  31  83  68  80  53  10  26  58  62  29  46  50  66  63  75  12  89  90  ...  55  95  15  96  65  52  20  71  77  30  69   7  91   8  74  97  87  42  28  37
15  23  64  31  83  68  80  53  10  26  58  62  29  46  50  66  51  27  63  75  12  ...  95  15  81  96  65  52  20  71  77  30  69   7  91   8  74  97  87  42  28  37
16  23  64  31  83  68  80  53  10  26  58  62  29  46  50  66  51  27  63  75  12  ...  95  15  81  96  65  52  20  71  77  30  69   7  91   8  74  97  87  42  28  37
17  27  64  31  83  68  80  53  10  26  58  62  29  46  50  66  63  75  12  89  90  ...  55  95  15  96  65  52  20  71  77  30  69   7  91   8  74  97  87  42  28  37
18  27  64  31  50  68  80  53  10  26  58  62  83  29  78  41  36  63  75  12  89  ...  55  95  15  96  65  52  20  71  77  30  69   7  91   8  74  97  87  42  28  37
19  27  64  31  83  68  80  53  10  26  58  62  29  46  50  66  63  75  12  89  90  ...  95  79  81  96  65  52  20  71  77  30  69   7  91   8  74  97  87  42  28  37
20  27  64  31  83  68  80  53  10  26  58  62  29  46  50  66  63  75  12  89  90  ...  95  15  81  96  65  52  20  71  77  30  69   7  91   8  74  97  87  42  28  37
21  27  64  31  50  68  80  53  10  26  58  62  83  29  78  41  36  63  75  19  89  ...  55  95  15  96  65  52  20  71  77  30  69   7  91   8  74  97  87  42  28  37
22  23  64  31  83  68  80  53  10  26  58  62  29  46  50  66  63  75  12  89  90  ...  55  95  15  96  65  52  20  71  77  30  69   7  91   8  74  97  87  42  28  37
23  23  64  31   6  68  80  53  10  26  58  62  29  46  50  66  63  75  12  89  90  ...  95  15  81  96  65  52  20  71  77  30  69   7  91   8  74  97  87  42  28  37
24  27  64  31  83  68  80  53  10  26  58  62  29  46  50  66  63  75  12  89  90  ...  55  95  15  96  65  52  20  71  77  30  69   7  91   8  74  97  87  42  28  37
25  27  64  31  83  68  80  53  10  26  58  62  29  46  50  66  63  75  12  89  90  ...  55  95  15  96  65  52  20  71  77  30  69   7  91   8  74  97  87  42  28  37
26  27  64  31  50  68  80  53  10  26  58  62  83  29  78  41  36  63  75  12  89  ...  55  95  15  96  65  52  20  22  77  30  69   7  91   8  74  97  87  42  28  37
27  27  64  31  83  68  80  53  10  26  58  62  29  46  50  66  63  75  12  89  90  ...  55  95  15  96  65  52  20  71  77  30  69   7  91   8  74  97  87  42  28  37
28  27  64  31  83  68  80  53  10  26  58  62  29  46  50  66  63  75  12  89  78  ...  55  95  15  96  65  52  20  71  77  30  69   7  91   8  74  97  87  42  28  37
29  27  64  31  83  68  80  53  10  26  58  62  29  46  50  66  63  75  12  89  90  ...  95  15  81  96  65  52  20  71  77  30  69   7  91   8  74  97  87  42  28  37
30  27  64  31  83  68  80  53  10  26  58  62  29  46  50  66  63  75  12  89  90  ...  55  95  15  96  65  52  20  71  77  30  69   7  91   8  74  97  87  42  28  37
31  27  64  31  50  68  80  53  10  26  58  62  83  29  78  41  36  63  75  12  89  ...  95  15  81  96  65  52  20  71  77  30  69   7  91   8  74  97  87  42  28  37
32  27  64  31  83  68  80  53  10  26  58  62  29  46  50  66  63  75  12  89  90  ...  55  95  15  96  65  52  20  71  77  30  69   7  91   8  74  97  87  42  28  37
33  27  64  31  50  68  80  53  10  26  58  62  83  29  78  41  36  63  75  37  89  ...  55  95  15  96  65  52  20  71  77  30  69   7  91   8  74  97  87  42  28  12
34  27  64  31  50  68  80  53  10  26  58  62  83  29  78  79  36  63  75  12  89  ...  55  95  15  96  65  52  20  71  77  30  69   7  91   8  74  97  87  42  28  37
35  27  64  31  83  68  50  29  80  53  10  26  78  62  41  36  63  75  12  89  90  ...  95  15  81  96  65  52  20  71  77  30  69   7  91   8  74  97  87  42  28  37
36  27  64  31  83  68  50  29  80  53  10  26  78  62  41  36  63  75  12  89  90  ...  55  95  15  96  65  52  20  71  77  30  69   7  91   8  74  97  87  42  28  37
37  27  64  31  50  68  80  53  10  26  58  62  83  29  78  41  36  63  75  12  89  ...  95  15  81  96  65  52  20  71  77  30  69   7  91   8  74  97  87  42  28  37
38  23  64  31  83  68  80  53  10  26  58  62  29  46  50  66  51  27  63  75  12  ...  55  95  15  96  65  52  20  71  77  30  69   7  91   8  74  97  87  42  28  37
39  27  64  31  83  68  80  53  10  26  58  62  29  46  50  66  63  75  12  89  90  ...  55  95  15  96  65  52  20  71  77  30  69   7  91   8  74  97  87  42  28  37
40  27  64  31  83  68  50  29  80  53  10  26  78  62  41  36  63  75  12  89  90  ...  55  95  15  96  65  52  20  71  77  30  69   7  91   8  74  97  87  42  28  37
41  27  64  31  50  68  80  53  10  26  58  62  83  29  78  41  36  63  75  12  89  ...  95  15  81  96  65  52  20  71  77  30  69   7  91   8  74  97  87  42  28  37
42  27  64  31  50  68  80  53  10  26  58  62  83  29  78  41  36  63  75  12  89  ...  55  95  15  96  65  52  20  71  77  30  69   7  91   8  74  97  87  42  28  37
43  27  64  31  50  68  80  53  10  26  58  62  83  29  78  41  36  63  75  19  89  ...  55  95  15  96  65  52  20  71  77  30  69   7  91   8  74  97  87  42  28  37
44  23  64  31  83  68  80  53  10  26  58  62  29  46  50  66  51  27  63  75  12  ...  55  95  15  96  65  52  20  71  77  30  69   7  91   8  74  97  87  42  19  37
45  23  64  31  83  68  80  53  10  26  58  62  29  46  50  66  51  27  63  75  17  ...  95  15  81  96  65  52  20  71  77  30  69   7  91   8  74  97  87  42  28  37
46  27  64  31  50  68  80  53  10  26  58  62  83  29  46  66  63  75  12  89  90  ...  95  15  81  96  65  52  20  71  77  30  69   7  91   8  74  97  87  42  28  37
47  27  64  31  50  68  80  53  10  26  58  62  83  29  78  41  36  63  75  46  66  ...  55  95  15  96  65  52  20  71  77  30  69   7  91   8  74  97  87  42  28  37
48  27  64  31  50  68  80  53  10  26  58  62  83  29  78  41  36  63  75  12  89  ...  55  95  15  96  65  52  20  71  77  30  69   7  91   8  74  97  87   6  28  37
49  27  64  31  83  68  80  53  10  26  58  62  29  46  50  66  63  75  12  89  90  ...  55  95  15  96  65  52  20  71  77  30  69   7  91   8  74  97  87  42  28  37

[50 rows x 98 columns] 


População final de genótipos (torneio)
     0   1   2   3   4   5   6   7   8   9   10  11  12  13  14  15  16  17  18  19  ...  78  79  80  81  82  83  84  85  86  87  88  89  90  91  92  93  94  95  96  97
0   87  62  57  14  21  90  71  34  94  19   9  11  85  45  61  22  32  65  66  16  ...  51  70  50   5  89  42  35  79  29  41  33  12  80  40   6  60  13  59  75   3
1   87  62  57  14  21  90  71  34  94  19   9  11  85  45  61  22  32  65  66  16  ...  51  70  50   5  89  42  35  79  29  41  33  12  80  40   6  60  13  59  75   3
2   87  62  57  14  21  90  71  34  94  19   9  11  85  45  61  22  32  65  66  16  ...  51  70  50   5  89  42  35  79  29  41  33  12  80  40   6  60  13  59  75   3
3   87  62  57  14  21  90  71  34  94  19   9  91  11  85  45  61  22  32  65  66  ...  51  70  50   5  89  42  35  79  29  41  33  12  80  40   6  60  13  59  75   3
4   87  62  57  14  21  90  71  34  94  91  19   9  11  85  45  61  22  32  65  66  ...  51  70  50   5  89  42  35  79  29  41  33  12  80  40   6  60  13  59  75   3
5   87  62  57  14  21  90  71  34  94  91  19   9  11  85  45  61  22  32  65  66  ...  50   5  89  42  25  35  79  29  41  84  33  12  80  40   6  60  13  59  75   3
6   87  62  57  14  21  90  71  34  94  91  19   9  11  85  45  61  22  32  65  66  ...  50   5  89  42  25  35  79  29  41  84  33  12  80  40   6  60  13  59  75   3
7   87  62  57  14  21  90  71  34  94  19   4  11  85  45  61  91  22  32  65  66  ...  51  70  50   5  89  42  35  79  29  41  33  12  80  40   6  60  13  59  75   3
8   87  62  57  14  21  90  71  34  94  19   9  11  85  45  61  91  22  32  65  66  ...  50   5  89  42  25  35  79  29  41  84  33  12  80  40   6  60  13  59  75   3
9   87  62  57  14  21  90  71  91  34  94  19   9  11  85  45  61  22  32  65  66  ...  51  70  50   5  89  42  35  79  29  41  33  12  80  40   6  60  13  59  75   3
10  87  62  57  14  21  90  71  91  34  94  19   9  11  85  45  61  22  32  65  66  ...  51  70  50   5  89  42  35  79  29  41  33  12  80  40   6  60  13  59  75   3
11  87  62  57  14  21  90  71  91  34  94  19   9  11  85  45  61  22  32  65  66  ...  51  70  50   5  89  42  35  79  29  41  33  12  80  40   6  60  13  59  75   3
12  87  62  57  14  21  90   9  91  34  94  19  11  85  45  61  22  32  65  66  16  ...  51  70  50   5  89  42  35  79  29  41  33  12  80  40   6  60  13  59  75   3
13  87  62  57  14  21  90  71  91  34  94  19   9  11  85  45  61  22  32  65  66  ...  51  70  50   5  89  42  35  79  29  41  33  12  80  40   6  60  13  59  75   3
14  87  62  57  14  21  90  71  91  34  94  19   9  11  85  45  61  22  32  65  66  ...  51  70  50   5  89  42  35  79  29  41  33  12  80  40   6  60  13  59  75   3
15  87  62  57  14  21  90  71  34  91  94  19   9  23  85  45  61  22  32  65  66  ...  51  70  50   5  89  42  35  79  29  41  33  12  80  40   6  60  13  59  75   3
16  87  62  57  14  21  90  71  34  91  94  19   9  11  85  45  61  22  32  65  66  ...  51  70  50   5  89  42  35  79  29  41  33  12  80  40   6  60  13  59  75   3
17  87  62  57  14  21  90  71  34  94  19   9  91  11  85  45  61  22  32  65  66  ...  50   5  89  42  25  35  79  29  41  84  33  12  80  40  68  60  13  59  75   3
18  87  62  57  14  21  90  91  34  94  19   9  11  85  45  61  22  32  65  66  16  ...   5  89  42  25  71  35  79  29  41  84  33  12  80  40   6  60  13  59  75   3
19  87  62  57  14  21  90  91  34  94  19   9  11  85  45  61  22  32  65  66  16  ...   5  89  42  25  71  35  79  29  41  84  33  12  80  40   6  60  13  59  75   3
20  87  62  57  14  21  90  91  34  94  19   9  11  85  45  79  22  32  65  66  16  ...  51  70  50   5  89  42  35  61  29  41  33  12  80  40   6  60  13  59  75   3
21  87  62  57  14  21  90  71  91  34  94  19   9  11  85  45  61  22  32  65  66  ...  51  70  50   5  89  42  35  79  29  41  33  12  80  40   6  60  13  59  75   3
22  87  62  57  14  21  90  71  34  94  19   9  11  85  45  61  22  32  65  91  66  ...  51  70  50   5  89  42  35  79  29  41  33  12  80  40   6  60  13  59  75   3
23  87  62  57  14  21  90  71   3  94  19   9  91  11  85  45  61  22  32  65  66  ...  95  51  70  50   5  89  42  35  79  29  41  33  12  80  40  60  13  59  75  34
24  87  62  57  14  21  90   9  91  34  94  19  11  85  45  61  22  32  65  66  16  ...  50   5  89  42  25  35  79  29  41  84  33  12  80  40   6  60  13  44  75   3
25  87  62  57  14  21  90  71  34  94  19   9  91  11  85  45  61  22  32  65  66  ...  50   5  89  42  25  35  79  29  41  84  33  12  80  40   6  60  13  59  75   3
26  87  80  57  14  21  90  71  34  94  19   9  91  11  85  45  61  22  32  65  66  ...  70  50   5  89  42  25  35  79  29  41  84  33  12  62  40  60  13  59  75   3
27  87  62  57  14  21  90  71  34  94  19   9  91  11  85  45  61  22  32  65  66  ...  51  70  50   5  89  42  35  79  29  41  33  12  80  40   6  60  13  59  75   3
28  87  62  57  14  21  90  71  34  94  91  19   9  11  85  45  61  22  32  65  66  ...  51  70  50   5  89  42  35  79  29  41  33  12  80  40   6  60  13  59  75   3
29  87  62  57  14  21  90  71  91  34  94  19   9  11  85  45  61  22  32  65  66  ...  51  70  50   5  89  42  35  79  29  41  33  12  80  40   6  60  13  59  75   3
30  87  62  57  14  21  90  91  34  94  19   9  11  85  45  61  22  32  65  66  16  ...  51  70  50   5  89  42  35  79  29  41  33  12  80  40   6  60  13  59  75   3
31  87  62  57  14  21  90  71  34  94  19   9  91  11  85  45  61  22  32  65  66  ...  51  70  50   5  89  42  35  79  29  41  33  12  80  40   6  60  13  59  75   3
32  87  62  57  14  21  90   9  91  34  94  19  11  85  45  61  22  32  65  66  16  ...  95  51  70  50   5  89  42  35  79  29  41  33  12  80  40   6  60  13  75   3
33  87  62  57  14  21  90  71  34  91  94  19   9  11  85  45  61  22  32  65  66  ...  95  51  70  50   5  89  42  35  79  29  41  33  12  80  40  60  13  59  75   3
34  87  62  57  14  21  90   9  91  34  94  19  11  85  45  61  22  32  65  66  16  ...  51  70  50   5  89  42  35  79  29  41  33  12  80  40   6  60  13  59  75   3
35  87  62  57  14  21  90  91  34  94  19   9  11  85  45  61  22  32  65  66  16  ...   5  89  42  25  71  35  79  29  41  84  33  12  80  40   6  60  13  59  75   3
36  87  62  57  14  21  90  71  34  91  94  19   9  11  85  45  61  22  32  65  66  ...  51  70  50   5  89  42  35  79  29  41  33  12  80  40   6  60  13  59  75   3
37  87  62  57  14  21  90  91  34  94  19   9  11  85  45  61  22  32  65  66  16  ...  50   5  89  42  25  35  79  29  41  84  33  12  80  40  68  60  13  59  75   3
38  87  62  57  14  21  90  71  34  94  19   9  11  85  45  61  22  32  65  91  66  ...  51  70  50   5  89  42  35  79  29  41  33  12  80  40   6  60  13  59  75   3
39  87  62  57  14  21  90  71  34  94  19   9  91  11  85  45  61  22  32  65  66  ...  50   5  89  42  25  35  79  29  41  84  33  12  80  40  68  60  13  59  75   3
40  87  62  57  14  21  90  91  34  94  19   9  11  85  45  61  22  32  65  66  16  ...  51  70  50   5  89  42  35  79  29  41  33  12  80  40   6  60  13  59  75   3
41  87  62  57  14  21  90  71  34  94  19   9  11  85  45  61  22  32  65  66  16  ...  51  70  50   5  89  42  35  79  29  41  33  12  80  40   6  60  13  59  75   3
42  87  62  57  14  21  90  91  34  94  19   9  11  85  45  61  22  32  65  66  16  ...  51  70  50   5  89  42  35  79  29  41  33  12  80  40   6  60  13  59  75   3
43  87  62  57  14  21  90  71  34  91  94  19   9  11  85  45  61  22  32  65  66  ...  51  70  50   5  89  42  35  79  29  41  33  12  80  40   6  60  13  58  75   3
44  87  62  57  14  21  90  71  34  94  19   9  11  85  45  61  22  32  65  66  16  ...  51  70  50   5  89  42  35  79  29  41  33  12  80  40   6  60  13  59  75   3
45  87  62  57  14  21  90  71  34  91  94  19   9  11  85  45  61  22  32  65  66  ...  50   5  89  42  25  35  79  29  41  84  33  12  80  40   6  60  13  59  75   3
46  87  62  57  14  21  90  71  91  34  94  19   9  11  85  45  61  22  32  65  66  ...  51  70  50   5  89  42  35  79  29  41  33  12  80  40   6  60  13  59  75   3
47  87  62  57  14  21  90  71  34  94  91  19   9  11  85  45  61  22  32  65  66  ...  51  70  50   5  89  42  35  79  29  41  33  12  80  40   6  60  13  59  75   3
48  87  62  57  14  21  90  71  34  91  94  19   9  11  85  45  61  44  32  65  66  ...  51  70  50   5  89  42  35  79  29  41  33  12  80  40   6  60  13  59  75   3
49  87  62  57  14  21  90  91  34  94  19   9  11  85  45  61  22  32  65  66  16  ...  51  70  50   5  89  42  35  79  29  41  33  12  80  40   6  60  13  59  75   3

[50 rows x 98 columns] 


População final de genótipos (torneio)
     0   1   2   3   4   5   6   7   8   9   10  11  12  13  14  15  16  17  18  19  ...  78  79  80  81  82  83  84  85  86  87  88  89  90  91  92  93  94  95  96  97
0   24  31  57  48   1  73  74  44  64  39  51  34  86  13  46  90  68  61  10  26  ...  47  93  75  35  60   0  88  96   7  15  22   5  56  81  37  23  27  53  30  66
1   24  31  57  48   1  73  87  74  44  64  39  51  34  86  13  46  90  68  61  10  ...  93  75  35  20  60   0  88  96   7  15  22   5  56  81  37  23  27  53  30  66
2   24  31  57  48   1  73  74  44  64  39  51  34  86  13  46  90  68  61  10  26  ...  93  75  35  20  60   0  88  96   7  15  22   5  56  81  37  23  27  53  30  66
3   24  31  57  48   1  73  74  44  64  39  51  34  86  13  46  90  68  61  10  26  ...  93  75  35  20  60   0  88  96   7  15  22   5  56  81  37  23  27  53  30  66
4   24  31  57  48   1  73  74  44  64  39  51  34  86  13  46  90  68  61  10  26  ...  93  75  35  20  60   0  88  96   7  15  22   5  56  81  37  23  27  53  30  66
5   24  31  57  48   1  73  74  44  64  39  51  34  86  13  46  90  68  61  10  26  ...  93  75  35  20  60   0  88  96   7  15  22   5  56  81  37  23  27  53  30  66
6   24  31  57  48   1  73  74  44  64  39  51  34  86  13  46  90  68  61  10  26  ...  93  75  35  20  60   0  88  96   7  15  22   5  56  81  37  23  27  53  30  66
7   24  31  57  48   1  73  74  44  64  39  51  34  86  13  46  90  68  61  10  26  ...  93  75  35  20  60   0  88  96   7  15  22   5  56  81  37  23  27  53  30  66
8   24  31  57  48   1  73  51  74  44  64  39  34  91  13  46  90  68  61  10  26  ...  93  75  35  20  60   0  88  96   7  15  22   5  56  81  37  23  27  53  30  66
9   24  31  57  48   1  73  51  74  44  64  39  34  86  13  46  90  68  61  10  26  ...  93  75  35  20  60   0  88  96   7  15  22   5  56  81  37  23  27  53  30  66
10  24  31  57  48   1  73  51  74  44  64  39  34  86  13  46  90  68  61  10  26  ...  93  75  35  20  60   0  88  96   7  15  22   5  56  81  37  23  27  53  30  66
11  24  31  57  48   1  73  74  44  64  39  51  34  86  13  61  90  68  46  10  26  ...  47  93  75  35  20  60   0  88  96   7  22  15   5  56  81  37  23  27  53  30
12  24  31  57  48   1  73  74  44  64  39  51  34  86  13  46  90  68  61  10  26  ...  93  75  35  20  60   0  88  96   7  15  22   5  56  81  37  23  27  53  30  66
13  24  31  57  48   1  73  74  44  64  39  51  34  86  13  46  90  68  61  10  26  ...  93  75  35  20  60   0  88  96   7  15  22   5  56  81  37  23  27  53  30  66
14  24  31  57  48   1  73  74  44  64  39  51  34  86  13  46  90  68  61  10  26  ...  93  75  35  20  60   0  88  96   7  15  22   5  56  81  37  23  27  53  30  66
15  24  31  57  48   1  73  74  44  64  39  51  34  86  13  46  90  68  61  10  26  ...  47  93  75  35  20  60   0  88  96   7  15  22   5  56  81  37  23  27  53  30
16  24  31  57  48   1  73  74  44  64  39  51  34  86  13  46  90  68  61  10  26  ...  47  93  75  35  20  60   0  88  96  85  15  22   5  56  81  37  23  27  53  30
17  24  31  57  48   1  73  74  44  64  39  51  34  86  13  46  90  68  61  10  26  ...  47  93  75  35  20  60   0  88  96   7  15  22   5  56  81  37  23  27  53  30
18  24  31  57  87   1  73  74  44  64  39  51  34  86  13  46  90  68  61  10  26  ...  47  93  75  35  20  60   0  88  96   7  15  22   5  56  81  37  23  27  53  30
19  24  31  57  48   1  73  74  44  64  39  51  34  86  13  61  90  68  46  10  26  ...  47  93  75  35  20  60   0  88  96   7  15  22   5  56  81  37  23  27  53  30
20  24  31  57  87   1  73  74  44  64  39  51  34  86  13  46  90  68  61  10  26  ...  93  75  35  20  60   0  88  96   7  15  22   5  56  81  37  23  27  53  30  66
21  24  31  57  87   1  73  74  44  64  39  51  34  86  13  46  90  68  48  61  10  ...  71  75  35  20  60   0  88  96   7  15  22   5  56  81  37  23  27  53  30  66
22  24  31  57  48   1  73  74  44  64  39  51  34  86  13  46  90  68  61  10  26  ...  87  47  93  75  35  60   0  88  96   7  15  22   5  56  81  37  23  27  53  30
23  24  31  57  48   1  73  74  44  64  76  51  34  86  13  46  90  68  61  10  26  ...  93  75  35  20  60   0  88  96   7  66  22  15   5  56  81  37  23  27  53  30
24  24  31  57  48   1  10  74  44  64  39  51  34  86  13  46  90  68  38  73  26  ...  93  75  35  20  60   0  88  96   7  15  22   5  56  81  37  23  27  53  30  66
25  24  31  57  48   1  73  51  74  44  64  39  34  86  13  46  90  68  61  10  26  ...  93  75  35  20  60   0  88  96   7  15  22   5  56  81  37  23  27  53  30  66
26  24  31  57  48   1  73  74  44  64  39  51  34  86  13  46  90  68  61  10  26  ...  93  75  35  20  60   0  88  89   7  15  22   5  56  81  37  23  27  53  30  66
27  24  31  57  48   1  73  74  44  64  39  51  34  86  13  46  90  68  61  10  26  ...  93  75  35  20  60   0  88  96   7  15  22   5  56  81  37  23  27  53  30  66
28  24  31  57  87   1  73  74  44  64  39  51  34  86  13  46  90  68  48  61  10  ...  93  75  35  20  60   0  88  96   7  15  22   5  56  81  37  23  27  53  30  66
29  24  31  57  48   1  73  74  44  64  39  51  34  86  13  46  90  68  61  10  26  ...  93  75  35  20  60   0  88  96   7  15  22   5  66  56  81  37  23  27  53  30
30  24  31  57  48   1  73  74  44  64  39  51  34  86  13  46  90  68  61  10  26  ...  93  75  35  20  60   0  88  96   7  15  22   5  56  81  37  23  40  53  30  66
31  24  31  57  48   1  73  74  44  64  39  51  34  86  13  46  90  68  61  10  26  ...  93  75  35  20  60   0  88  96   7  15  22   5  56  81  37  23  27  53  30  66
32  24  31  57  48   1  73  51  74  44  64  39  34  86  13  46  90  68  61  10  26  ...  93  75  35  20  60   0  88  96   7  15  22   5  56  81  37  23  27  53  30  66
33  24  31  57  48   1  73  74  44  64  39  51  34  86  13  46  90  68  61  10  26  ...  93  75  35  20  60   0  88  96   7  15  22   5  56  81  37  23  27  53  30  66
34  24  31  57  48   1  73  74  44  64  39  51  34  86  13  46  90  68  61  10  26  ...  47  93  75  35  20  60   0  88  96   7  22  15   5  56  81  37  23  27  53  30
35  24  31  57  87   1  73  74  44  64  39  51  34  86  13  46  90  68  61  10  26  ...  93  75  35  20  60   0  88  96   7  15  22   5  56  81  37  23  27  53  30  66
36  24  31  57  48   1  73  87  74  44  64  39  51  34  86  13  46  90  68  61  10  ...  93  75  35  20  60   0  88  96   7  66  22  15   5  56  81  37  23  27  53  30
37  24  31  57  48   1  73  51  74  44  64  39  34  86  13  46  90  68  61  10  26  ...  93  75  35  20  60   0  88  96   7  15  22   5  56  81  37  23  27  53  30  66
38  24  31  57  48   1  73  74  44  64  39  51  34  86  13  46  90  68  61  10  26  ...  93  75  35  20  60   0  88  96   7  15  22   5  56  81  37  23  27  53  30  66
39  24  31  57  48   1  73  74  44  64  39  51  34  86  13  46  90  68  61  10  26  ...  93  75  35  20  60   0  88  96   7  15  22   5  56  81  37  23  27  53  30  66
40  24  31  57  48   1  73  87  74  44  64  39  51  34  86  13  46  90  68  61  10  ...  93  75  35  20  60   0  88  96   7  15  22   5  56  81  37  23  27  53  30  66
41  24  31  57  48   1  73  74  44  64  39  51  34  86  13  46  61  90  68  10  26  ...  47  93  75  35  20  60   0  88  96   7  22  15   5  56  81  37  23  27  53  30
42  24  31  57  48   1  73  51  74  44  64  39  34  86  87  13  46  90  68  61  10  ...  93  75  35  20  60   0  88  96   7  15  22   5  56  81  37  23  27  53  30  66
43  24  31  57  48   1  73  74  44  64  39  51  34  86  13  46  90  68  61  10  26  ...  47  93  75  35  20  60   0  88  96   7  15  22   5  56  81  37  23  27  53  30
44  24  31  57  48   1  73  74  44  64  39  51  34  86  13  46  90  68  61  10  26  ...  47  93  75  35  20  60   0  88  96   7  15  22   5  56  81  37  23  27  53  30
45  24  31  57  48   1  73  87  74  44  64  39  51  34  86  13  46  90  68  61  10  ...  93  75  35  20  60   0  88  96   7  15  22   5  56  81  37  23  27  53  30  66
46  24  31  57  48   1  73  74  44  64  39  51  34  86  13  46  90  68  61  10  26  ...  47  93  75  35  60   0  88  96   7  15  22   5  56  81  37  23  27  53  30  66
47  24  31  57  48   1  73  74  44  64  39  51  34  86  13  46  90  68  61  10  26  ...  93  75  35  20  60   0  88  96   7  15  22   5  56  81  37  23  27  53  30  66
48  24  31  57  48   1  73  51  74  44  64  39  34  86  13  46  90  68  61  10  26  ...  93  75  35  20  60   0  88  96   7  15  22   5  56  81  37  23  27  53  30  66
49  24  31  57  48   1  73  51  74  44  64  39  34  86  13  46  90  68  61  10  26  ...  47  93  75  35  20  60   0  88  96   7  15  22   5  56  81  37  23  27  53  30

[50 rows x 98 columns] 


População final de genótipos (elitismo)
      0   1   2   3   4   5   6   7   8   9   10  11  12  13  14  15  16  17  18  19  ...  78  79  80  81  82  83  84  85  86  87  88  89  90  91  92  93  94  95  96  97
0    78  33  96  42  85  40   8  74  19  55  84  67  58  77  87  62  43  65  79  20  ...  47   1  93  29  72  18  39  66  97  11  44  16  30  71   5  69  12  41  13  21
1    78  33  96  42  85  40   8  74  19  55  84  67  58  77  87  62  43  65  79  20  ...  47   1  93  29  72  18  39  66  97  11  44  16  30  71   5  69  12  41  13  21
2    78  33  96  42  85  40   8  74  19  55  84  67  58  77  87  62  43  65  79  20  ...  47   1  93  29  72  18  39  66  97  11  44  90  30  71   5  69  12  41  13  21
3    78  33  96  42  85  40   8  74  19  55  84  67  58  77  87  62  43  65  79  20  ...  47   1  93  29  72  18  39  66  97  11  44  16  30  71   5  69  12  41  13  21
4    78  33  96  42  85  40   8  74  19  55  84  67  58  77  87  62  43  65  79  20  ...  47   1  93  29  72  18  39  66  97  11  44  16  30  71   5  69  12  41  13  21
..   ..  ..  ..  ..  ..  ..  ..  ..  ..  ..  ..  ..  ..  ..  ..  ..  ..  ..  ..  ..  ...  ..  ..  ..  ..  ..  ..  ..  ..  ..  ..  ..  ..  ..  ..  ..  ..  ..  ..  ..  ..
495  78  33  96  42  85  40   8  74  19  55  84  67  58  77  87  62  43  65  79  20  ...  47   1  75  29  72  18  39  66  97  11  44  16  30  71   5  69  12  41  13  21
496  78  33  96  42  85  40   8  74  19  55  84  67  58  77  87  62  43  65  79  20  ...  47   1  75  29  72  18  39  66  97  11  44  16  30  71   5  69  12  41  13  21
497  78  33  96  42  85  40   8  74  19  55  84  67  58  77  87  62  43  65  79  20  ...  47   1  75  29  72  18  39  66  97  11  44  16  30  71   5  69  12  41  13  21
498  78  33  96  42  85  40   8  74  19  55  84  67  58  77  87  62  43  65  79  20  ...  47   1  75  29  72  18  39  66  97  11  44  16  30  71   5  69  12  41  13  21
499  78  33  96  42  85  40   8  74  19  55  84  67  58  77  87  62  43  65  79  20  ...  47   1  75  29  72  18  39  66  97  11  44  16  30  71   5  69  12  41  13  21

[500 rows x 98 columns] 


População final de genótipos (elitismo)
      0   1   2   3   4   5   6   7   8   9   10  11  12  13  14  15  16  17  18  19  ...  78  79  80  81  82  83  84  85  86  87  88  89  90  91  92  93  94  95  96  97
0    45  36  51  50  89  58  77  87  62  16  42  44  11  85  40  49  19  25   6   9  ...  91  57  31   0  61  47  68  75  38  83  48   3  30  20  70  94  79  41  46  52
1    45  36  51  50  89  58  77  87  62  16  42  44  11  85  40  49  19  25   6   9  ...  91  57  31   0  61  47  75  68  38  83  48   3  30  20  70  94  79  41  46  52
2    45  36  51  50  89  58  77  87  62  16  42  44  11  85  40  49  19  25   6   9  ...  91  57  31   0  61  47  75  68  38  83  48   3  30  20  70  94  79  41  46  52
3    45  36  51  50  89  58  77  87  62  16  42  44  11  85  40  49  19  25   6   9  ...  91  57  31   0  61  47  75  68  38  83  48   3  30  20  70  94  79  41  46  52
4    45  36  51  50  89  58  77  87  62  16  42  44  11  85  40  49  19  25   6   9  ...  91  57  31   0  61  47  75  68  38  83  48   3  30  20  70  94  79  41  46  52
..   ..  ..  ..  ..  ..  ..  ..  ..  ..  ..  ..  ..  ..  ..  ..  ..  ..  ..  ..  ..  ...  ..  ..  ..  ..  ..  ..  ..  ..  ..  ..  ..  ..  ..  ..  ..  ..  ..  ..  ..  ..
495  45  36  51  50  89  58  77  87  62  16  42  44  11  85  40  49  19  25   6   9  ...  91  57  31   0  61  47  75  68  38  83  48   3  30  20  70  94  79  41  46  52
496  45  36  51  50  89  58  77  87  62  16  42  44  11  85  40  49  19  25   6   9  ...  91  57  31   0  61  47  75  68  38  83  48   3  30  20  70  94  79  41  46  52
497  45  36  51  50  89  58  77  87  62  16  42  44  11  85  40  49  19  25   6   9  ...  91  57  31   0  61  47  75  68  38  83  48   3  30  20  70  94  79  41  46  52
498  45  36  51  50  89  58  77  87  62  16  42  44  11  85  40  49  19  25   6   9  ...  91  57  31   0  61  47  75  68  38  83  48   3  30  20  70  94  79  41  46  52
499  45  36  51  50  89  58  77  87  62  16  42  44  11  85  40  49  19  25   6   9  ...  91  57  31   0  61  47  75  68  38  83  48   3  30  20  70  94  79  41  46  52

[500 rows x 98 columns] 


População final de genótipos (elitismo)
      0   1   2   3   4   5   6   7   8   9   10  11  12  13  14  15  16  17  18  19  ...  78  79  80  81  82  83  84  85  86  87  88  89  90  91  92  93  94  95  96  97
0    30   5  71  47  61  76  73  35  67  96  40  85  16  62  87  38  70   4  53  94  ...  31   0  17  88  46  60  80   1  68  79  12  13  21  10  84  28  86   2  64   9
1    30   5  71  47  61  76  73  35  67  96  40  85  16  62  87  38  70   4  53  94  ...  31   0  17  88  46  60  80   1  68  79  12  13  21  10  84  28  86   2  64   9
2    30   5  71  47  61  76  73  35  67  96  40  85  11  62  87  38  70   4  53  94  ...  31   0  17  88  46  60  80   1  68  79  12  13  21  10  84  28  86   2  64   9
3    30   5  71  47  61  76  73  35  67  96  40  85  11  62  87  38  70   4  53  94  ...  31   0  17  88  46  60  80   1  12  79  68  13  21  10  84  28  86   2  64   9
4    30   5  71  47  61  76  73  35  67  96  40  85  11  62  87  38  70   4  53  94  ...  31   0  17  88  46  60  80   1  68  79  12  13  21  10  84  28  86   2  64   9
..   ..  ..  ..  ..  ..  ..  ..  ..  ..  ..  ..  ..  ..  ..  ..  ..  ..  ..  ..  ..  ...  ..  ..  ..  ..  ..  ..  ..  ..  ..  ..  ..  ..  ..  ..  ..  ..  ..  ..  ..  ..
495  30   5  71  47  61  76  73  35  67  96  40  85  11  62  87  38  70   4  53  94  ...  31   0  17  88  46  60  80   1  68  79  12  13  21  10  84  28  86   2  64   9
496  30   5  71  47  61  76  73  35  67  96  40  85  11  62  87  38  70   4  53  94  ...  31   0  17  88  46  60  80   1  68  79  12  13  21  10  84  28  86   2  64   9
497  30   5  71  47  61  76  73  35  67  96  40  85  11  62  87  38  70   4  53  94  ...  31   0  17  88  46  60  80   1  68  79  12  13  21  10  84  28  86   2  64   9
498  30   5  71  47  61  76  73  35  67  96  40  85  11  62  87  38  70   4  53  94  ...  31   0  17  88  46  60  80   1  68  79  12  13  21  10  84  28  86   2  64   9
499  30   5  71  47  61  76  73  35  67  96  40  85  11  62  87  38  70   4  53  94  ...  31   0  17  88  46  60  80   1  68  79  12  13  21  10  84  28  86   2  64   9

[500 rows x 98 columns] 


População final de genótipos (elitismo)
      0   1   2   3   4   5   6   7   8   9   10  11  12  13  14  15  16  17  18  19  ...  78  79  80  81  82  83  84  85  86  87  88  89  90  91  92  93  94  95  96  97
0    94  76  53   4   5  71   1  93  75  68  70  20  83  38   3  48  39  85  40  49  ...  81  28  86  54  59  37  23  91  57  10  67  66  44  42  11  15  17   0  60  80
1    94  76  53   4   5  71   1  93  75  68  70  20  83  38   3  48  39  85  40  49  ...  81  28  86  54  59  64  23  91  57  10  67  66  44  42  11  15  17   0  60  80
2    94  76  53   4   5  71   1  93  75  68  70  20  83  38   3  48  39  85  40  49  ...  81  28  86  54  59  37  23  91  57  10  67  66  44  42  11  15  17   0  60  80
3    94  76  53   4   5  71   1  93  75  68  70  20  83  38   3  48  39  85  40  49  ...  81  28  86  54  59  37  23  91  57  10  67  66  44  42  11  15  17   0  60  80
4    94  76  53   4   5  71   1  93  75  68  70  20  83  38   3  48  39  85  40  49  ...  81  28  86  54  59  37  23  91  57  10  67  66  44  42  11  15  17   0  60  80
..   ..  ..  ..  ..  ..  ..  ..  ..  ..  ..  ..  ..  ..  ..  ..  ..  ..  ..  ..  ..  ...  ..  ..  ..  ..  ..  ..  ..  ..  ..  ..  ..  ..  ..  ..  ..  ..  ..  ..  ..  ..
495  94  76  53   4   5  71   1  93  75  68  70  20  83  38   3  48  39  85  40  49  ...  81  28  86  54  59  37  23  91  57  10  67  66  44  42  11  15  17   0  60  80
496  94  76  53   4   5  71   1  93  75  68  70  20  83  38   3  48  39  85  40  49  ...  81  28  86  54  59  37  23  91  57  10  67  66  44  42  11  15  17   0  60  80
497  94  76  53   4   5  71   1  93  75  68  70  20  83  38   3  48  39  85  40  49  ...  81  28  86  54  59  37  23  91  57  10  67  66  44  42  11  15  17   0  60  80
498  94  76  53   4   5  71   1  93  75  68  70  20  83  38   3  48  39  85  40  49  ...  81  28  86  54  59  37  23  91  57  10  67  66  44  42  11  15  17   0  60  80
499  94  76  53   4   5  71   1  93  75  68  70  20  83  38   3  48  39  85  40  49  ...  81  28  86  54  59  37  23  91  57  10  67  66  44  42  11  15  17   0  60  80

[500 rows x 98 columns] 


População final de genótipos (elitismo)
      0   1   2   3   4   5   6   7   8   9   10  11  12  13  14  15  16  17  18  19  ...  78  79  80  81  82  83  84  85  86  87  88  89  90  91  92  93  94  95  96  97
0    34  76   4   5  71  53  93   1  47  60  22  95  14  41  69  67  96  65  94  73  ...  86  54  28  81  19  33  80  61  30  89  83  50  20  79  45  15  37  64  90  63
1    34  76   4   5  71  53  93   1  47  60  22  95  14  41  69  67  96  65  94  73  ...  86  54  28  81  19  33  80  61  30  89  83  50  20  79  45  15  37  64  90  63
2    34  76   4   5  71  53  93   1  47  60  22  95  14  41  69  65  96  67  94  73  ...  86  54  28  81  19  33  80  61  30  89  83  50  20  79  45  15  37  64  90  63
3    34  76   4   5  71  53  93   1  47  60  22  95  14  41  69  65  96  67  94  73  ...  86  54  28  81  19  33  80  61  30  89  83  50  20  79  45  15  37  64  90  63
4    34  76   4   5  71  68  93   1  47  60  22  95  14  41  69  12  96  67  94  73  ...  54  28  81  19  33  80  61  53  30  89  83  50  20  79  45  15  37  64  90  63
..   ..  ..  ..  ..  ..  ..  ..  ..  ..  ..  ..  ..  ..  ..  ..  ..  ..  ..  ..  ..  ...  ..  ..  ..  ..  ..  ..  ..  ..  ..  ..  ..  ..  ..  ..  ..  ..  ..  ..  ..  ..
495  34  76   4   5  71  53  93   1  47  60  22  95  14  41  69  65  96  67  94  73  ...  86  54  28  81  19  33  80  61  30  89  83  50  20  79  45  15  37  64  90  63
496  34  76   4   5  71  53  93   1  47  60  22  95  14  41  69  65  96  67  94  73  ...  86  54  28  81  19  33  80  61  30  89  83  50  20  79  45  15  37  64  90  63
497  34  76   4   5  71  68  93   1  47  60  22  95  14  41  69  12  96  67  94  73  ...  86  54  28  81  19  33  80  61  30  89  83  50  20  79  45  15  64  37  90  63
498  34  76   4   5  71  53  93   1  47  60  22  95  14  41  69  65  96  67  94  73  ...  86  54  28  81  19  33  80  61  30  89  83  50  20  79  45  15  37  64  90  63
499  34  76   4   5  71  68  93   1  47  60  22  95   9  41  69  12  96  67  94  73  ...  86  54  28  81  19  33  80  61  30  89  83  50  20  79  45  15  37  64  90  63

[500 rows x 98 columns] 


População final de genótipos (torneio)
      0   1   2   3   4   5   6   7   8   9   10  11  12  13  14  15  16  17  18  19  ...  78  79  80  81  82  83  84  85  86  87  88  89  90  91  92  93  94  95  96  97
0    26  57  74  24  49  40  39  44  42  87  77  58  29  67  51  36  89  50  68  83  ...  93   1  70  30  45  12  69   7  14  82  78  56  32  27   9  92  17   0  31  13
1    26  57  74  24  49  40  39  44  42  87  77  58  29  67  51  36  89  75  68  83  ...  93   1  70  30  45  12  69   7  14  82  78  56  32  27   9  92  17   0  31  13
2    26  57  74  24  49  40  39  44  42  87  77  58  29  67  51  36  89  75  68  83  ...  93   1  70  30  45  12  69   7  14  82  78  56  32  27   9  92  17   0  31  13
3    26  57  74  24  49  40  39  44  42  87  77  58  29  67  51  36  89  75  68  83  ...  93   1  70  30  45  12  69   7  14  82  78  56  32  27   9  92  17   0  31  13
4    26  57  74  24  49  40  39  44  42  87  77  58  29  67  51  36  89  75  68  83  ...  93   1  70  30  45  12  69   7  14  82  78  56  32  27   9  92  17   0  31  13
..   ..  ..  ..  ..  ..  ..  ..  ..  ..  ..  ..  ..  ..  ..  ..  ..  ..  ..  ..  ..  ...  ..  ..  ..  ..  ..  ..  ..  ..  ..  ..  ..  ..  ..  ..  ..  ..  ..  ..  ..  ..
495  57  74  24  49  40  39  44  42  87  77  58  29  67  51  36  89  75  68  83  38  ...  93   1  70  30  45  12  69   7  14  82  78  56  32  27   9  92  17   0  31  13
496  57  74  49  24  40  39  44  42  87  77  58  29  67  51  36  89  75  68  83  38  ...  93   1  70  30  45  12  69   7  14  82  78  56  32  27   9  92  17   0  31  13
497  57  74  24  49  40  39  44  42  87  77  58  29  67  51  36  89  75  68  83  38  ...  93   1  70  30  45  12  69   7  14  82  78  56  32  27   9  92  17   0  31  13
498  26  74  49  24  40  39  44  42  87  77  58  29  67  51  36  89  75  68  83  38  ...  50  93   1  70  30  45  12  69   7  14  82  56  32  13   9  92  17   0  31  27
499  57  74  24  49  40  39  44  42  87  77  58  29  67  51  36  89  75  68  83  38  ...  93   1  70  30  45  12  69   7  14  82  78  56  32  27   9  92  17   0  31  13

[500 rows x 98 columns] 


População final de genótipos (torneio)
      0   1   2   3   4   5   6   7   8   9   10  11  12  13  14  15  16  17  18  19  ...  78  79  80  81  82  83  84  85  86  87  88  89  90  91  92  93  94  95  96  97
0    31  46  52  63  34  47  61  80  90  84  25   6  59   2  37  27  92  60  53  50  ...  95  43  16  48   3  62  87  58  29  73  76  94   1  71  88  17   0  57  21  13
1    31  46  52  63  34  47  61  80  90  84  25   6  59   2  37  27  92  60  53  50  ...  95  43  16  48   3  62  87  58  29  73  76  94   1  71  88  17   0  57  21  13
2    31  46  52  63  34  47  61  80  90  84  25   6  59   2  37  27  92  60  53  50  ...  95  43  16  48   3  62  87  58  29  73  76  94   1  71  88  17   0  57  21  13
3    31  46  52  63  34  47  61  80  90  84  25   6  59   2  37  27  92  60  53  50  ...  95  43  16  48   3  62  87  58  29  73  76  94   1  71  88  17   0  57  21  13
4    31  46  52  63  90  47  61  80  34  84  25   6  59   2  37  27  92  60  53  50  ...  95  43  16  62   3  48  87  58  29  73  76  94   1  71  88  17   0  57  21  13
..   ..  ..  ..  ..  ..  ..  ..  ..  ..  ..  ..  ..  ..  ..  ..  ..  ..  ..  ..  ..  ...  ..  ..  ..  ..  ..  ..  ..  ..  ..  ..  ..  ..  ..  ..  ..  ..  ..  ..  ..  ..
495  31  46  52  63  90  47  61  80  34  84  25   6  59   2  37  27  92  60  53  50  ...  95  43  16  62   3  48  87  58  29  73  76  94   1  71  88  17   0  57  21  13
496  31  46  52  63  90  47  61  80  34  84  25   6  59   2  37  27  92  60  53  50  ...  95  43  16  48   3  62  87  58  29  73  76  94   1  71  88  17   0  57  21  13
497  31  46  52  63  34  47  61  80  90  84  25   6  59   2  37  27  92  60  53  50  ...  95  43  16  48   3  62  87  58  29  73  76  94   1  71  88  17   0  57  21  13
498  31  46  52  63  34  47  61  80  90  84  25   6  59   2  37  27  92  60  53  50  ...  95  43  16  48   3  62  87  58  29  73  76  94   1  71  88  17   0  57  21  13
499  31  46  52  63  90  47  61  80  34  84  25   6  59   2  37  27  92  60  53  50  ...  95  43  16  48   3  62  87  58  29  73  76  94   1  71  88  17   0  57  21  13

[500 rows x 98 columns] 


População final de genótipos (torneio)
      0   1   2   3   4   5   6   7   8   9   10  11  12  13  14  15  16  17  18  19  ...  78  79  80  81  82  83  84  85  86  87  88  89  90  91  92  93  94  95  96  97
0    93  53   4  71   1  47  76  73  79   6  81  28  54  86  59   2  10  92  57  91  ...  77  58  16  11  85  40  49  24  74  66  39  82  21  13  17   0  84  55  89  75
1    93  53   4  71   1  47  76  73  79   6  81  28  54  86  59   2  10  92  57  91  ...  77  58  16  11  85  40  49  24  74  66  39  82  21  13  17   0  84  55  89  75
2    93  53   4  71   1  47  76  73  79   6  81  28  54  86  59   2  10  92  57  91  ...  77  58  16  11  85  40  49  24  74  66  39  82  21  13  17   0  84  55  89  75
3    93  53   4  71   1  47  76  73  79   6  81  28  54  86  59   2  10  92  57  91  ...  77  58  16  11  85  40  49  24  74  66  39  82  21  13  17   0  84  55  89  75
4    93  53   4  71   1  47  76  73  79   6  81  28  54  86  59   2  10  92  57  91  ...  77  58  16  11  85  40  49  24  74  66  39  82  21  13  17   0  84  55  89  75
..   ..  ..  ..  ..  ..  ..  ..  ..  ..  ..  ..  ..  ..  ..  ..  ..  ..  ..  ..  ..  ...  ..  ..  ..  ..  ..  ..  ..  ..  ..  ..  ..  ..  ..  ..  ..  ..  ..  ..  ..  ..
495  93  53   4  71   1  47  76  73  79   6  81  28  54  86  59   2  10  92  57   9  ...  77  58  16  11  85  40  49  24  74  66  39  82  21  13  17   0  84  55  89  75
496  93  53   4  71   1  47  76  73  79   6  81  28  54  86  59   2  10  92  57  91  ...  77  58  16  11  85  40  49  24  74  66  39  82  21  13  17   0  84  55  89  75
497  93  53   4  71   1  47  76  73  79   6  81  28  54  86  59   2  10  92  57  91  ...  77  58  16  11  85  40  49  24  74  66  39  82  21  13  17   0  84  55  89  75
498  93  53   4  71   1  47  76  73  79   6  81  28  54  86  59   2  10  92  57  91  ...  77  58  16  11  85  40  49  24  74  66  39  82  21  13  17   0  84  55  89  75
499  93  53   4  71   1  47  76  73  79   6  81  28  54  86  59   2  10  92  57   9  ...  77  58  16  11  85  40  49  24  74  66  39  82  21  13  17   0  84  55  89  75

[500 rows x 98 columns] 


População final de genótipos (torneio)
      0   1   2   3   4   5   6   7   8   9   10  11  12  13  14  15  16  17  18  19  ...  78  79  80  81  82  83  84  85  86  87  88  89  90  91  92  93  94  95  96  97
0    86  59  74  49  24   8  96   9   7  14  10  26  13  21  31  88  22  95  92  57  ...  71  47  61  80   4  53   5  73  94  30  70  20  68  75  38  83   3  48  55  25
1    86  59  74  49  24   8  96   9   7  14  10  26  13  21  31  88  22  95  92  57  ...  47  61  80   4  53   5  73  94  30  70  20  68  75  38  83   3  48  55  25  81
2    86  59  74  49  24   8  96   9   7  14  10  26  13  21  31  88  22  95  92  57  ...  47  61  80   4  53   5  73  94  30  70  20  68  75  38  83   3  48  55  25  81
3    86  59  74  49  24   8  96   9   7  14  10  26  13  21  31  88  22  95  92  57  ...  47  61  80   4  53   5  73  94  30  70  20  68  75  38  83   3  48  55  25  81
4    86  59  74  49  24   8  96   9   7  14  10  26  13  21  31  88  22  95  92  57  ...  47  61  80   4  53   5  73  94  30  70  20  68  75  38  83   3  48  55  25  81
..   ..  ..  ..  ..  ..  ..  ..  ..  ..  ..  ..  ..  ..  ..  ..  ..  ..  ..  ..  ..  ...  ..  ..  ..  ..  ..  ..  ..  ..  ..  ..  ..  ..  ..  ..  ..  ..  ..  ..  ..  ..
495  86  59  74  49  24   8  96   9   7  14  10  26  13  21  31  88  22  95  92  57  ...  47  61  80   4  53   5  73  94  30  70  20  68  75  38  83   3  48  55  25  81
496  86  59  74  49  24   8  96   9   7  14  10  26  13  21  31  88  22  95  92  57  ...  47  61  80   4  53   5  73  94  30  70  20  68  75  38  83   3  48  55  25  81
497  86  59  74  49  24   8  96   9   7  14  10  26  13  21  31  88  22  95  92  57  ...  47  61  80   4  53   5  73  94  30  70  20  68  75  38  83   3  48  55  25  81
498  86  59  74  49  24   8  96   9   7  14  10  26  13  21  31  88  22  95  92  57  ...  47  61  80   4  53   5  73  94  30  70  20  68  75  38  83   3  48  55  25  81
499  86  59  74  20  24   8  96   9   7  14  10  26  13  21  31  88  22  95  92  57  ...  71  47  61  80   4  53   5  73  94  30  70  68  75  38  83   3  48  55  25  81

[500 rows x 98 columns] 


População final de genótipos (torneio)
      0   1   2   3   4   5   6   7   8   9   10  11  12  13  14  15  16  17  18  19  ...  78  79  80  81  82  83  84  85  86  87  88  89  90  91  92  93  94  95  96  97
0    90  61  53  72  43  97  58  87  16  11  44  42  74  51  36  93  20  38  83  30  ...  39  62  77  50  70  94  95  26  21  13  31  60  34  76   5   4  73  32  56  33
1    90  61  53  72  43  97  58  87  16  11  44  42  74  51  36  93  20  38  83  30  ...  39  62  77  50  70  94  95  26  21  13  31  60  34  76   5   4  73  32  56  33
2    90  61  53  72  43  97  58  87  16  11  44  42  74  51  36  93  20  38  83  30  ...  39  62  77  50  70  94  95  85  21  13  31  60  34  76   5   4  73  32  56  33
3    90  61  53  72  43  97  58  87  16  11  44  42  74  51  36  93  20  38  83  30  ...  39  62  77  50  70  94  95  26  21  13  31  60  34  76   5   4  73  32  56  33
4    90  61  53  72  43  97  58  87  16  11  44  42  74  51  36  20  93  38  83  30  ...  39  62  77  50  70  94  95  26  21  13  31  60  34  76   5   4  73  32  56  33
..   ..  ..  ..  ..  ..  ..  ..  ..  ..  ..  ..  ..  ..  ..  ..  ..  ..  ..  ..  ..  ...  ..  ..  ..  ..  ..  ..  ..  ..  ..  ..  ..  ..  ..  ..  ..  ..  ..  ..  ..  ..
495  90  61  53  72  97  43  58  87  16  11  44  42  74  51  36  20  93  38  83  30  ...  39  62  77  50  70  94  95  26  21  13  31  60  34  76   5   4  73  32  56  33
496  90  61  53  72  97  43  58  87  16  11  44  42  74  51  36  20  93  38  83  30  ...  39  62  77  50  70  94  95  26  21  13  31  60  34  76   5   4  73  32  56  33
497  90  61  53  72  97  43  58  87  16  11  44  42  74  51  36  93  38  20  83  30  ...  39  62  77  50  70  94  95  26  21  13  31  60  34  76   5   4  73  32  56  33
498  90  61  53  72  97  43  58  87  16  11  44  42  74  51  36  20  93  38  83  30  ...  39  62  77  50  70  94  95  26  21  13  31  60  34  76   5   4  73  32  56  33
499  90  61  53  72  97  43  11  87  16  58  44  42  74  51  36  20  93  38  83  30  ...  39  62  77  50  70  94  95  26  21  13  31  60  34  76   5   4  73  32  56  33

[500 rows x 98 columns] 


Tempo - Comparação de métodos heurísticos

Tempo elitismo -  1.4679116260003866
Tempo torneio -  1.3608108739999807
Tempo elitismo -  90.62336620999986
Tempo torneio -  94.2805252180001


Pressione Enter para continuar

#Mais gráficos aqui